nct_id,url,brief_title,official_title,overall_status,study_type,phase,primary_purpose,category,participant_stage,enrollment,lead_sponsor,interventions,conditions,countries,has_us_site,country_count,location_count,multinational,has_public_locations,study_first_post_date,last_update_post_date,start_date,primary_completion_date,completion_date,primary_outcomes,excluded_reason
NCT00064870,https://clinicaltrials.gov/study/NCT00064870,Alzheimer's Disease Genetics Study,National Centralized Repository for Alzheimer's Disease and Related Dementias (NCRAD),RECRUITING,OBSERVATIONAL,NOT_APPLICABLE,,Other Alzheimer clinical studies,Mixed or not specified,10000,Indiana University,,Alzheimer Disease; Late Onset Alzheimer Disease; Dementia,United States,True,1,1,False,True,2003-07-16,2025-10-01,2002-06,2026-07,2026-07,Distribute biological specimens to qualified investigators for use in their research studies.,
NCT00585572,https://clinicaltrials.gov/study/NCT00585572,Wisconsin Brain Donor Program,University of Wisconsin-Madison: Wisconsin Brain Donor Program (WBDP),ENROLLING_BY_INVITATION,OBSERVATIONAL,NOT_APPLICABLE,,"Diagnostics, imaging, and biomarkers",Preclinical or elevated-risk,9999,"University of Wisconsin, Madison",,Alzheimer's Disease; Mild Cognitive Impairment,United States,True,1,1,False,True,2008-01-03,2025-08-08,2007-03,2050-08,2050-08,,
NCT00874783,https://clinicaltrials.gov/study/NCT00874783,Development of IPS from Donated Somatic Cells of Patients with Neurological Diseases,Derivation of Induced Pluripotent Stem Cells from Somatic Cells Donated by Patients with Neurological Diseases for the Study of the Pathogenesis of the Disorders and Development of Novel Therapies,RECRUITING,OBSERVATIONAL,NOT_APPLICABLE,,Other Alzheimer clinical studies,Mixed or not specified,120,Hadassah Medical Organization,,Neurodegenerative Disorders,Israel,False,1,1,False,True,2009-04-03,2025-03-04,2009-04,2030-12,2030-12,,
NCT01334749,https://clinicaltrials.gov/study/NCT01334749,Observational Study on Determinants of Dementia After Stroke,Determinants of Dementia After Stroke,ACTIVE_NOT_RECRUITING,OBSERVATIONAL,NOT_APPLICABLE,,"Diagnostics, imaging, and biomarkers",Mixed or not specified,736,Ludwig-Maximilians - University of Munich,,Ischemic Stroke; Hemorrhagic Stroke,Germany,False,1,5,False,True,2011-04-13,2024-03-20,2011-04,2029-01,2029-01,dementia occurrence; dementia occurrence,
NCT01606488,https://clinicaltrials.gov/study/NCT01606488,Effects of Brain Beta-Amyloid on Postoperative Cognition,Effects of Brain Beta Amyloid on Postoperative Cognition and 18F-AV-45-A14: Clinical Evaluation of Florbetapir F 18 (18F-AV-45),ACTIVE_NOT_RECRUITING,INTERVENTIONAL,PHASE4,DIAGNOSTIC,"Diagnostics, imaging, and biomarkers",Moderate or later dementia,66,"University of California, San Francisco",Florbetapir F 18 (18F-AV-45); no intervention,Postoperative Cognitive Dysfunction,United States,True,1,1,False,True,2012-05-25,2025-05-01,2012-05,2026-06,2026-06,Cognitive Decline,
NCT02022943,https://clinicaltrials.gov/study/NCT02022943,Alzheimer's Prevention Registry: A Program to Accelerate Enrollment Into Studies,Alzheimer's Prevention Registry,RECRUITING,OBSERVATIONAL,NOT_APPLICABLE,,Lifestyle and multidomain,Mixed or not specified,500000,Banner Health,,Alzheimer's Disease; Dementia,United States,True,1,1,False,True,2013-12-30,2025-12-16,2012-05,2030-01,2030-01,Number of individuals enrolled into Alzheimer's prevention studies,
NCT02302482,https://clinicaltrials.gov/study/NCT02302482,Predictive Factors and Autonomy Level Change,Predictive Factors of the Autonomy Level Change Related to Memory Disorders,RECRUITING,INTERVENTIONAL,NA,HEALTH_SERVICES_RESEARCH,Other interventional treatment research,Mixed or not specified,10860,Hospices Civils de Lyon,"The Lawton Instrumental Activities of Daily Living score (IADL), and the disability assessment of dementia score (DAD-6",Memory Impairment,France,False,1,2,False,True,2014-11-27,2021-06-28,2014-11,2027-11,2027-11,Functional autonomy level,
NCT02386670,https://clinicaltrials.gov/study/NCT02386670,Prevention of Alzheimer's Disease With CR Plus tDCS in Mild Cognitive Impairment and Depression (PACt-MD),Prevention of Alzheimer's Dimentia With Cognitive Remediation Plus Transcranial Direct Current Stimulation in Mild Cognitive Impairment and Depression,ACTIVE_NOT_RECRUITING,INTERVENTIONAL,NA,PREVENTION,Lifestyle and multidomain,MCI or prodromal Alzheimer’s,375,Centre for Addiction and Mental Health,tDCS + CR; sham tDCS + sham CR,"Mild Cognitive Impairment; Major Depressive Disorder, Recurrent, In Remission; Major Depressive Disorder, Single Episode, in Full Remission",Canada,False,1,5,False,True,2015-03-12,2026-04-09,2015-01,2022-12-31,2026-12-31,Change in cognitive scores over time,
NCT02402426,https://clinicaltrials.gov/study/NCT02402426,Brain Health Registry: An Online Registry to Identify and Assess Subjects for Brain Research,Brain Health Registry - Online Registry for Brain Research,ENROLLING_BY_INVITATION,OBSERVATIONAL,NOT_APPLICABLE,,"Care, behavior, and quality of life",Mixed or not specified,200000,"University of California, San Francisco",,Healthy; Neurodegenerative Disease,United States,True,1,1,False,True,2015-03-30,2026-01-13,2013-09,2030-09,2030-09,Alzheimer's Disease,
NCT02414178,https://clinicaltrials.gov/study/NCT02414178,F 18 T807 Tau PET Imaging in Dominantly Inherited Alzheimer's Network (DIAN Project),"F 18 T807 Tau PET Imaging in Dominantly Inherited Alzheimer's Network (IND 123119, Protocol D",ENROLLING_BY_INVITATION,OBSERVATIONAL,NOT_APPLICABLE,,"Diagnostics, imaging, and biomarkers",MCI or prodromal Alzheimer’s,130,Washington University School of Medicine,F 18 T807,Alzheimer Disease,United States,True,1,1,False,True,2015-04-10,2026-06-09,2021-03-01,2027-01,2027-01,"F 18 T807 Standard Uptake Value Ratios (SUVR) will be correlated with other imaging modalities (MRI, PET amyloid imaging) and cognitive performance.",
NCT02414347,https://clinicaltrials.gov/study/NCT02414347,F 18 T807 Tau PET Imaging of Alzheimer's Disease,F 18 T807 Tau PET Imaging of Alzheimer's Disease [IND# 123119] Protocol A,RECRUITING,OBSERVATIONAL,NOT_APPLICABLE,,"Diagnostics, imaging, and biomarkers",MCI or prodromal Alzheimer’s,900,"Tammie L. S. Benzinger, MD, PhD",F 18 T807,Alzheimer Disease,United States,True,1,1,False,True,2015-04-10,2026-06-08,2014-10-23,2026-10,2026-12,"F 18 T807 Standard Uptake Value Ratios (SUVR) will be correlated with other imaging modalities (MRI, PET amyloid imaging) and cognitive performance.",
NCT02434393,https://clinicaltrials.gov/study/NCT02434393,Characterizing Cognitive Decline in Late Life Depression: The ADNI Depression Project,Characterizing Cognitive Decline in Late Life Depression: The Alzheimer's Disease Neuroimaging Initiative - Depression Project,RECRUITING,OBSERVATIONAL,NOT_APPLICABLE,,"Diagnostics, imaging, and biomarkers",Mixed or not specified,120,University of Southern California,,Major Depression; Late Life Depression (LLD),United States,True,1,2,False,True,2015-05-05,2025-11-25,2015-03-04,2027-05,2027-05,Rate of Change in neuropsychological measures of executive function as measured by the Digit Symbol Substitution Test using total correct.; Rate of Change in expressive language as measured by the Boston Naming Test using total correct.; Rate of change in learning and memory as measured by the Rey Auditory Verbal Learning Test using total correct and delayed recall.,
NCT02438202,https://clinicaltrials.gov/study/NCT02438202,Electroconvulsive Therapy for Treatment of Alzheimer´s Disease,Electroconvulsive Therapy for Treatment of Alzheimer´s Disease,NOT_YET_RECRUITING,INTERVENTIONAL,NA,TREATMENT,"Care, behavior, and quality of life",Moderate or later dementia,15,"Central Institute of Mental Health, Mannheim",Thymatron IV device (Somatics),Alzheimer's Disease,,False,0,0,False,False,2015-05-08,2025-04-03,2026-12,2028-01,2028-01,Change in Cognition,
NCT02485730,https://clinicaltrials.gov/study/NCT02485730,Early Identification of Markers in Alzheimer's Families / ALFA,Cohort Study for Early Identification of Markers in Cognitively Healthy Family Members of Patients With Alzheimer's Disease,ACTIVE_NOT_RECRUITING,OBSERVATIONAL,NOT_APPLICABLE,,"Care, behavior, and quality of life",Preclinical or elevated-risk,419,"Barcelonabeta Brain Research Center, Pasqual Maragall Foundation",,Alzheimer's Disease,Spain,False,1,1,False,True,2015-06-30,2025-05-31,2016-10-25,2025-12-31,2025-12-31,Change from preclinical phase of AD to Mild Cognitive Impairment.,
NCT02564692,https://clinicaltrials.gov/study/NCT02564692,GeneMatch: A Program of the Alzheimer's Prevention Registry to Match Individuals to Studies Based on Apolipoprotein E (APOE) Genotype,Alzheimer's Prevention Registry GeneMatch Program,ENROLLING_BY_INVITATION,OBSERVATIONAL,NOT_APPLICABLE,,Other Alzheimer clinical studies,Mixed or not specified,500000,Banner Health,,Alzheimer Disease,United States,True,1,1,False,True,2015-10-01,2025-12-09,2015-11,2030-12,2030-12,Number of individuals who enroll in GeneMatch,
NCT02649985,https://clinicaltrials.gov/study/NCT02649985,"PET Brain Imaging in Multiple Sclerosis, Alzheimer's Disease, and Other Neurological and Neuropsychiatric Diseases","Microglial Activation PET Brain Imaging in Multiple Sclerosis, Alzheimer's Disease, and Other Neurological and Neuropsychiatric Diseases",RECRUITING,INTERVENTIONAL,PHASE1+PHASE2,DIAGNOSTIC,"Diagnostics, imaging, and biomarkers",Mixed or not specified,250,Brigham and Women's Hospital,[F-18]PBR06; [C-11]PBR28,Multiple Sclerosis; Alzheimer's Disease,United States,True,1,1,False,True,2016-01-08,2026-01-28,2016-05-02,2027-12-31,2027-12-31,Standardized uptake values (SUV)/Standardized uptake value ratios (SUVR),
NCT02685969,https://clinicaltrials.gov/study/NCT02685969,Brain Characterization of Amyloid Protein and Glucose Metabolism of ALFA Project Participants,Characterization of Cerebral Amyloid Deposition With 18F-Flutemetamol PET and of Glucose Metabolism With 18F-FDG PET in Individuals Enrolled in the ALFA Project.,RECRUITING,OBSERVATIONAL,NOT_APPLICABLE,,"Diagnostics, imaging, and biomarkers",Preclinical or elevated-risk,570,"Barcelonabeta Brain Research Center, Pasqual Maragall Foundation",18F-Flutemetamol & 18F-FDG,Alzheimer's Disease,Spain,False,1,1,False,True,2016-02-19,2025-05-31,2017-03-01,2026-12-31,2027-12-31,Prevalence of a positive 18F-Flutemetamol scan,
NCT02800395,https://clinicaltrials.gov/study/NCT02800395,Influence of Oxidative Stress and Nutrition Biomarkers on the Cognitive Decline Evolution in Alzheimer Disease,Influence of Oxidative Stress and Nutrition Biomarkers on the Cognitive Decline Evolution in Alzheimer Disease,RECRUITING,INTERVENTIONAL,NA,DIAGNOSTIC,"Diagnostics, imaging, and biomarkers",Mixed or not specified,350,Hospices Civils de Lyon,Malnutrition screening and perioperative nutritional support,Alzheimer Disease,France,False,1,1,False,True,2016-06-15,2021-04-30,2014-12,2026-12,2026-12,"Change (evolution) of patient's cognitive profile evaluation measured by MMSE score method during memory consultation follow-up, every 6 months until patient loss.",
NCT02811653,https://clinicaltrials.gov/study/NCT02811653,Motor Slowing and Its Lesion-related Correlates in Alzheimer's Disease,Motor Slowing and Its Lesion-related Correlates in Alzheimer's Disease,RECRUITING,INTERVENTIONAL,NA,BASIC_SCIENCE,"Diagnostics, imaging, and biomarkers",MCI or prodromal Alzheimer’s,155,"Centre Hospitalier Universitaire, Amiens",Brain MRI; neuropsychological evaluation; Blood,Alzheimer Disease,France,False,1,1,False,True,2016-06-23,2026-05-28,2015-12-16,2028-12-16,2028-12-16,median SRT (simple reaction time) to a stimulus (in milliseconds),
NCT02939612,https://clinicaltrials.gov/study/NCT02939612,Stress Management Intervention in Early Stage Cancer: Randomized Controlled Trial,Testing a Computerized Interactive Stress Management Intervention in Early Stage Cancer: a Randomized Controlled Trial,ACTIVE_NOT_RECRUITING,INTERVENTIONAL,NA,SUPPORTIVE_CARE,"Care, behavior, and quality of life",Early Alzheimer’s disease,200,Oslo University Hospital,App for stress management,"Cancer; Stress, Psychological",Norway,False,1,1,False,True,2016-10-20,2025-03-20,2016-10,2020-08,2025-12-31,The Perceived Stress Scale (PSS-14),
NCT02951598,https://clinicaltrials.gov/study/NCT02951598,A Study of Health Care Use and Costs in Participants With Early Stage Alzheimer's Disease (AD),Longitudinal Cohort Study of Resource Use and Cost of Mild Cognitive Impairment and Mild Dementia Due to Alzheimer's Disease in the United States (GERAS-US),ACTIVE_NOT_RECRUITING,OBSERVATIONAL,NOT_APPLICABLE,,"Diagnostics, imaging, and biomarkers",MCI or prodromal Alzheimer’s,1400,Eli Lilly and Company,Florbetapir F 18 PET Scan,Alzheimer Disease; Mild Cognitive Impairment,United States,True,1,77,False,True,2016-11-01,2025-10-24,2016-10-29,2021-01-30,2026-04-28,Mean Economic Cost Associated with Amyloid Positive AD,
NCT02958670,https://clinicaltrials.gov/study/NCT02958670,Imaging Tau Deposition in the Brain of Elderly Subjects,Imaging Tau Deposition in the Brain of Elderly Subjects,ACTIVE_NOT_RECRUITING,INTERVENTIONAL,NA,OTHER,"Diagnostics, imaging, and biomarkers",MCI or prodromal Alzheimer’s,141,University of Zurich,18F-AV-1451 (Tau-PET tracer),Mild Cognitive Impairment; Healthy; Alzheimer Disease; Neurocognitive Disorders,Switzerland,False,1,1,False,True,2016-11-08,2023-11-09,2016-11,2024-12,2029-12,Volume of Interest (VOI) or Voxel based assessment of 18F-AV-1451-PET-signal,
NCT02959502,https://clinicaltrials.gov/study/NCT02959502,Home-Based CR and tDCS to Enhance Cognition in Persons With Mild Cognitive Impairment and Late Life Depression,Home-Based Cognitive Remediation and Transcranial Direct Current Stimulation to Enhance Cognition in Persons With Mild Cognitive Impairment and Late Life Depression,ACTIVE_NOT_RECRUITING,INTERVENTIONAL,NA,OTHER,"Care, behavior, and quality of life",MCI or prodromal Alzheimer’s,40,Centre for Addiction and Mental Health,Receive tDCS+CR; Facilitate tDCS + CR,Mild Cognitive Impairment; Major Depressive Disorder; Alzheimer's Dementia; Transcranial Direct Current Stimulation; tDCS,Canada,False,1,1,False,True,2016-11-09,2026-04-13,2016-10-31,2023-03-23,2026-12,"Feasibility of training a facilitator (caregiver) to facilitate the administration of CR+tDCS to their ""patient"" partner as indicated by a positive response in the Perceived Competence Scale at 24 months from study baseline.; Fidelity to delivering home-based CR+tDCS by a facilitator (caregiver) to the participant as indicated by the compliance rate during the induction phase and boosters.",
NCT03019757,https://clinicaltrials.gov/study/NCT03019757,"Distinguishing Between Alzheimer's Disease, Lewy Body Dementia, and Parkinson's Disease","Distinguishing Between Alzheimer's Disease, Lewy Body Dementia, and Parkinson's Disease",RECRUITING,OBSERVATIONAL,NOT_APPLICABLE,,"Diagnostics, imaging, and biomarkers",Moderate or later dementia,76,Douglas Scharre,DaTscan; F18-AV-45; FDG-PET; APOE genotype; Polysomnogram; Clinical Assessment,Alzheimer's Disease; Lewy Body Dementia; Parkinson's Disease,United States,True,1,1,False,True,2017-01-13,2025-03-30,2018-08-30,2026-12,2026-12,Mini Mental State Examination (MMSE-1); Wechsler Adult Intelligence Scale 4th edition (WAIS-4) Vocabulary; Wechsler Adult Intelligence Scale 4th edition (WAIS-4) Digit Span,
NCT03020381,https://clinicaltrials.gov/study/NCT03020381,Gait as Predictor of Dementia and Falls. The Gait and Brain Cohort Study,"Gait as Predictor of Cognitive Decline, Dementia, and Risk of Falls in MCI. A Cohort Study",RECRUITING,OBSERVATIONAL,NOT_APPLICABLE,,"Care, behavior, and quality of life",Care partners or care systems,600,Manuel Montero Odasso,,Gait Apraxia; Mild Cognitive Impairment; Subjective Cognitive Impairment; Cerebral Atrophy; Alzheimer Disease; Dementia,Canada,False,1,1,False,True,2017-01-13,2023-12-21,2007-12,2033-01,2033-01,Progression to Dementia; Type of Dementia,
NCT03035851,https://clinicaltrials.gov/study/NCT03035851,Aerobic Exercise for Older Adults at Increased Risk of Alzheimer's Disease and Related Dementias,Aerobic Exercise for Older Adults at Increased Risk of Alzheimer's Disease and Related Dementias: Harnessing Translational Physiology,RECRUITING,INTERVENTIONAL,NA,OTHER,"Care, behavior, and quality of life",Preclinical or elevated-risk,264,University of Calgary,Aerobic exercise; Stretch and Strength,Alzheimer Disease; Dementia,Canada,False,1,1,False,True,2017-01-30,2026-04-29,2017-01,2027-12-31,2027-12-31,Change in Cognition Assessed by Neuropsychological Test Battery,
NCT03082755,https://clinicaltrials.gov/study/NCT03082755,Nighttime Agitation and Restless Legs Syndrome in People With Alzheimer's Disease,Nighttime Agitation and Restless Legs Syndrome in People With Alzheimer's Disease,RECRUITING,INTERVENTIONAL,PHASE4,TREATMENT,"Care, behavior, and quality of life",Care partners or care systems,156,University of Texas at Austin,Gabapentin Enacarbil; Placebo Oral Tablet,Alzheimer Disease,United States,True,1,1,False,True,2017-03-17,2022-05-18,2017-07-01,2022-08-31,2023-03-31,Nighttime Agitation - Cohen Mansfield Agitation Inventory (CMAI) - Direct Observation,
NCT03089827,https://clinicaltrials.gov/study/NCT03089827,Biodistribution of [11C]PIB in Patients With Risk Factors for Alzheimer's Disease,Biodistribution of [11C]PIB in Patients With Risk Factors for Alzheimer's Disease,ENROLLING_BY_INVITATION,OBSERVATIONAL,NOT_APPLICABLE,,"Diagnostics, imaging, and biomarkers",MCI or prodromal Alzheimer’s,800,Wake Forest University Health Sciences,,Alzheimer Disease; Mild Cognitive Impairment,United States,True,1,1,False,True,2017-03-24,2025-12-22,2014-05-21,2030-04,2031-04,Amyloid deposition,
NCT03098459,https://clinicaltrials.gov/study/NCT03098459,Illuminating Neuropsychological Dysfunction and Systemic Inflammatory Mechanisms Gleaned After Hospitalization in Trauma-ICU Study,Illuminating Neuropsychological Dysfunction and Systemic Inflammatory Mechanisms Gleaned After Hospitalization in Trauma-ICU Study,ACTIVE_NOT_RECRUITING,OBSERVATIONAL,NOT_APPLICABLE,,"Care, behavior, and quality of life",Moderate or later dementia,432,Vanderbilt University Medical Center,Non-interventional observational prospective cohort study,Delirium; Cognitive Impairment; Alzheimer; Early Onset; Trauma; Polytrauma; Traumatic Brain Injury; ICU; Critical Illness,United States,True,1,1,False,True,2017-03-31,2026-01-13,2017-11-02,2022-02-25,2027-10,LTCI (Long-term Cognitive Impairment) as measured by the Repeatable Battery for the Assessment of Neuropsychological Status (RBANS),
NCT03108846,https://clinicaltrials.gov/study/NCT03108846,Escitalopram for Agitation in Alzheimer's Disease,Escitalopram for Agitation in Alzheimer's Disease,ACTIVE_NOT_RECRUITING,INTERVENTIONAL,PHASE3,TREATMENT,"Care, behavior, and quality of life",Care partners or care systems,187,JHSPH Center for Clinical Trials,Escitalopram; Placebo,Dementia,Canada; United States,True,2,29,True,True,2017-04-11,2025-01-31,2018-01-03,2024-04-05,2025-05,modified- Alzheimer's Disease Cooperative Study--Clinical Global Impression of Change (mADCS-CGIC),
NCT03140865,https://clinicaltrials.gov/study/NCT03140865,Wake Forest Alzheimer's Disease Clinical Core,Wake Forest Alzheimer's Disease Clinical Core,RECRUITING,OBSERVATIONAL,NOT_APPLICABLE,,"Care, behavior, and quality of life",Preclinical or elevated-risk,850,Wake Forest University Health Sciences,,Alzheimer's Disease; Mild Cognitive Impairment; Prediabetic State,United States,True,1,1,False,True,2017-05-04,2026-03-27,2014-01,2030-01,2031-01,Change in performance on cognitive measures.,
NCT03152630,https://clinicaltrials.gov/study/NCT03152630,Research on the Early and Prognosis Diagnosis of Vascular Dementia,Research on the Early and Prognosis Diagnosis of Vascular Dementia,RECRUITING,OBSERVATIONAL,NOT_APPLICABLE,,"Diagnostics, imaging, and biomarkers",Mixed or not specified,600,National Taiwan University Hospital,,Dementia,Taiwan,False,1,1,False,True,2017-05-15,2017-05-15,2016-03-30,2036-01,2036-01,Composite cardiovascular outcome,
NCT03174938,https://clinicaltrials.gov/study/NCT03174938,The Swedish BioFINDER 2 Study,The Swedish BioFINDER 2 Study,RECRUITING,INTERVENTIONAL,NA,DIAGNOSTIC,"Care, behavior, and quality of life",Preclinical or elevated-risk,2950,Skane University Hospital,"Flutemetamol F18 Injection; [18F]-RO6958948; Elecsys (Roche) Abeta42, Ttau and Ptau; Lumipulse (Fujirebio) Abeta42, Ttau and Ptau",Dementia; Alzheimer Disease; Parkinson Disease; Lewy Body Disease; Parkinson-Dementia Syndrome; Frontotemporal Degeneration; Semantic Dementia; Progressive Nonfluent Aphasia; Progressive Supranuclear Palsy; Corticobasal Degeneration; Multiple System Atrophy; Mild Cognitive Impairment; ALS (Amyotrophic Lateral Sclerosis),Sweden,False,1,2,False,True,2017-06-05,2026-04-06,2017-05-15,2036-12,2036-12,Clinical diagnosis; Clinical Dementia Rating-Sum of Boxes (CDR-SB),
NCT03217396,https://clinicaltrials.gov/study/NCT03217396,Biomarkers of Synaptic Damage in Multiple Sclerosis,Identification of New Biomarkers Useful to Define the Course of Multiple Sclerosis and Study of the Mechanisms That Promote Synaptic Damage,RECRUITING,OBSERVATIONAL,NOT_APPLICABLE,,"Diagnostics, imaging, and biomarkers",Mixed or not specified,300,Neuromed IRCCS,lumbar puncture,Multiple Sclerosis; Parkinson Disease; Amyotrophic Lateral Sclerosis; Alzheimer Disease,Italy,False,1,1,False,True,2017-07-14,2022-10-28,2017-11-22,2026-09-01,2027-09-30,Identification of predictive biomarkers of SM using an ex vivo chimeric model,
NCT03233646,https://clinicaltrials.gov/study/NCT03233646,Retinal Imaging in Neurodegenerative Disease,Evaluating the Retinal and Choroidal Microvasculature and Structure Using Multimodal Retinal and Choroidal Imaging in Neurodegenerative Disease: iMIND Research Study,RECRUITING,OBSERVATIONAL,NOT_APPLICABLE,,"Diagnostics, imaging, and biomarkers",Preclinical or elevated-risk,2000,Duke University,Retinal and Choroidal Imaging,Alzheimer's Disease; Mild Cognitive Impairment; Parkinson's Disease; Multiple Sclerosis; Huntington Disease; Lewy Body Dementia; Frontotemporal Dementia; Amyotrophic Lateral Sclerosis (ALS); APOE-4 Positive; Traumatic Brain Injury; Concussion; Post-Traumatic Stress Disorder; Down Syndrome; Neuro-Degenerative Disease; Normal Cognition,United States,True,1,1,False,True,2017-07-28,2026-02-04,2017-07-20,2026-12-31,2026-12-31,Change in ganglion cell-inner plexiform layer (GCIPL) thickness; Change in retinal nerve fiber layer (RNFL) thickness; Change in central subfield thickness (CST),
NCT03278119,https://clinicaltrials.gov/study/NCT03278119,Sleep Aging and Risk for Alzheimer's 2.0,Sleep Aging and Risk for Alzheimer's Resubmission 2.0,ACTIVE_NOT_RECRUITING,OBSERVATIONAL,NOT_APPLICABLE,,"Care, behavior, and quality of life",Moderate or later dementia,158,NYU Langone Health,PET Scan and nocturnal polysomnography,Alzheimer Disease; Sleep Apnea,United States,True,1,1,False,True,2017-09-11,2026-03-30,2018-05-01,2026-12-25,2026-12-25,Establishing how mild-to-moderate OSA increases AD risk will inform novel preventive therapies for AD.,
NCT03402919,https://clinicaltrials.gov/study/NCT03402919,Comprehensive Assessment of Neurodegeneration and Dementia,The Comprehensive Assessment of Neurodegeneration and Dementia Study,RECRUITING,OBSERVATIONAL,NOT_APPLICABLE,,"Diagnostics, imaging, and biomarkers",Care partners or care systems,1573,McGill University,,Dementia; Mild Cognitive Impairment (MCI); Subjective Cognitive Impairment; Parkinson's Disease (PD); Lewy Body Disease(LBD); Mixed Dementia; Frontotemporal Dementia (FTD); Alzheimer Disease (AD); Cognitively Unimpaired; Subjective Cognitive Decline (SCD),Canada,False,1,19,False,True,2018-01-18,2026-01-20,2016-06,2023-11,2029-12,Montreal Cognitive Assessment (MoCA) score,
NCT03454646,https://clinicaltrials.gov/study/NCT03454646,Comparison of Therapeutic Strategies With Cholinesterase Inhibitors (SOS TRIAL),Comparison of Therapeutic Strategies With Cholinesterase Inhibitors: Stop or Still (SOS) Trial,NOT_YET_RECRUITING,INTERVENTIONAL,PHASE4,TREATMENT,Other interventional treatment research,Care partners or care systems,1205,"University Hospital, Bordeaux","cholinesterase inhibitors (CI) (donepezil, galantamine or rivastigmine)",Alzheimer Disease; Cholinesterase Inhibitors,France,False,1,31,False,True,2018-03-06,2023-10-06,2024-06-01,2027-04-27,2027-09-15,The primary outcome is a combination of complete BADL dependency in bathing and dressing and/or institutionalization or death at 2 years after randomization.,
NCT03472664,https://clinicaltrials.gov/study/NCT03472664,Brain Energy for Amyloid Transformation in Alzheimer's Disease Study,Brain Energy for Amyloid Transformation in AD (BEAT-AD) Study,RECRUITING,INTERVENTIONAL,NA,TREATMENT,"Diagnostics, imaging, and biomarkers",MCI or prodromal Alzheimer’s,120,Wake Forest University Health Sciences,low carbohydrate/high fat diet; low fat/high carbohydrate diet,Alzheimer Disease; Mild Cognitive Impairment,United States,True,1,1,False,True,2018-03-21,2026-04-13,2018-07-16,2026-04,2026-04,Cerebrospinal Fluid (CSF) Abeta42,
NCT03503331,https://clinicaltrials.gov/study/NCT03503331,UAB Alzheimer's Disease Center Core Cohort - Imaging Substudy,UAB Alzheimer's Disease Center Core Cohort - Imaging Substudy,RECRUITING,INTERVENTIONAL,PHASE2,DIAGNOSTIC,"Diagnostics, imaging, and biomarkers",Mixed or not specified,160,University of Alabama at Birmingham,[C-11]PiB-PET/MRI,Alzheimer Disease,United States,True,1,1,False,True,2018-04-19,2025-12-11,2018-04-20,2028-10,2028-10,Measurement of pathological beta-amyloid in the brain,
NCT03507257,https://clinicaltrials.gov/study/NCT03507257,Longitudinal Early-onset Alzheimer's Disease Study Protocol,Longitudinal Early-onset Alzheimer's Disease Study Protocol,RECRUITING,OBSERVATIONAL,NOT_APPLICABLE,,"Diagnostics, imaging, and biomarkers",Care partners or care systems,850,Indiana University,Flortaucipir; Florbetaben; Fluorodeoxyglucose,Early Onset Alzheimer Disease; Alzheimer Disease; Mild Cognitive Impairment,Argentina; Netherlands; Spain; Sweden; United Kingdom; United States,True,6,23,True,True,2018-04-25,2026-02-18,2018-04-30,2026-05-31,2026-05-31,Rate of change in cognition as measured by the Alzheimer's Disease Assessment Scale-Cognitive (ADAS-Cog13),
NCT03556280,https://clinicaltrials.gov/study/NCT03556280,Multi-Center Study of Sensory Stimulation to Improve Brain Function,Multi-Center Study of Sensory Stimulation to Improve Brain Function (Overture Study),ACTIVE_NOT_RECRUITING,INTERVENTIONAL,NA,TREATMENT,"Care, behavior, and quality of life",Care partners or care systems,60,"Cognito Therapeutics, Inc.",GammaSense Stimulation System (Active Settings); GammaSense Stimulation System (Sham Settings),"Alzheimer Disease; Cognitive Impairment; Mild Cognitive Impairment; Dementia Alzheimers; Dementia, Mild; Dementia, Alzheimer Type; Dementia of Alzheimer Type; Dementia; Cognitive Impairment, Mild; Cognitive Decline",United States,True,1,5,False,True,2018-06-14,2021-08-24,2018-04-24,2020-08-01,2021-09,Alzheimer's Disease Assessment Scale- Cognitive Subscale (ADAS-Cog),
NCT03560960,https://clinicaltrials.gov/study/NCT03560960,Multi-Center Development of a Novel Diagnostic Test for Alzheimer's Disease,Multi-Center Development of a Novel Diagnostic Test for Alzheimer's Disease,ACTIVE_NOT_RECRUITING,INTERVENTIONAL,EARLY_PHASE1,DIAGNOSTIC,"Diagnostics, imaging, and biomarkers",MCI or prodromal Alzheimer’s,57,Boston University,Pramlintide challenge test,Alzheimer Disease; Mild Cognitive Impairment,United States,True,1,3,False,True,2018-06-19,2026-05-28,2020-02-04,2026-11,2026-11,Plasma Aβ 1-40 levels; Plasma Aβ1-42 levels; Plasma Aβ and t-tau changes,
NCT03592563,https://clinicaltrials.gov/study/NCT03592563,CUHK Brain Health Longitudinal Study,CUHK Brain Health Longitudinal Study,RECRUITING,OBSERVATIONAL,NOT_APPLICABLE,,"Care, behavior, and quality of life",Mixed or not specified,5000,Chinese University of Hong Kong,Neuro-QoL questionnaire,"Stroke, Ischemic; Stroke Syndrome; Stroke; Stroke, Acute; Dementia; Brain Ischemia; Brain Diseases; Alzheimer Disease; Health Attitude; Health Knowledge, Attitudes, Practice; Health Personnel Attitude; Healthy Aging",Hong Kong,False,1,2,False,True,2018-07-19,2026-02-24,2019-07-01,2038-12-31,2048-12-31,Risk factors contributing to neurological and psychiatric diseases,
NCT03621839,https://clinicaltrials.gov/study/NCT03621839,New CSF Biomarkers for Alzheimer's Disease,New Diagnosis or Prognosis Biomarkers for Alzheimer's Disease: Biobank of CSF Collected as Part of Differential Diagnosis of Dementia,RECRUITING,OBSERVATIONAL,NOT_APPLICABLE,,"Diagnostics, imaging, and biomarkers",Mixed or not specified,50000,"Central Hospital, Nancy, France",,Alzheimer Disease; Dementia; Neurodegenerative Diseases,France,False,1,1,False,True,2018-08-09,2024-03-06,2013-07-12,2050-12-31,2050-12-31,CSF collection constitution to have samples available for assessing new Alzheimer's biomarker,
NCT03638583,https://clinicaltrials.gov/study/NCT03638583,Alzheimer Prevention Trials (APT) Webstudy,Alzheimer Prevention Trials (APT) Webstudy,RECRUITING,OBSERVATIONAL,NOT_APPLICABLE,,"Diagnostics, imaging, and biomarkers",Mixed or not specified,200000,University of Southern California,,Alzheimer Disease; Dementia,United States,True,1,1,False,True,2018-08-20,2025-07-16,2017-12-20,2026-04-30,2026-04-30,Enrollment into Alzheimer's prevention research studies,
NCT03653156,https://clinicaltrials.gov/study/NCT03653156,China Cognition and Aging Study,"China Cognition and Aging Study: a Multi-center, National-wide, Longitudinal Study in China",RECRUITING,OBSERVATIONAL,NOT_APPLICABLE,,"Care, behavior, and quality of life",Care partners or care systems,100000,Capital Medical University,,"Mild Cognitive Impairment(MCI); Alzheimer Disease, Late Onset; Familial Alzheimer Disease (FAD); Vascular Dementia (VaD); Normal Control; Non-Alzheimer Degenerative Dementia",China,False,1,65,False,True,2018-08-31,2026-03-23,2000-01-01,2038-01-01,2038-01-01,"The prevalence of MCI and AD measured using a population-based cross-sectional survey with a multistage cluster sampling design; The conversion rate of normal to MCI to AD in Chinese; The biomarkers for normal (pre-MCI), MCI and AD diagnosis",
NCT03657732,https://clinicaltrials.gov/study/NCT03657732,The Chinese Familial Alzheimer's Network,A Multi-center Longitudinal Cohort Study of Familial Alzheimer's Disease in China,RECRUITING,OBSERVATIONAL,NOT_APPLICABLE,,"Diagnostics, imaging, and biomarkers",MCI or prodromal Alzheimer’s,40000,Capital Medical University,,Alzheimer Disease; Familial Alzheimer Disease (FAD),China,False,1,65,False,True,2018-09-05,2026-03-23,2005-01-10,2038-01-01,2038-01-01,"The prevalence of gene mutations in familial Alzheimer's disease in China.; The development patterns of genetic, biofluid, imaging, and neuropsychological markers of FAD.",
NCT03657745,https://clinicaltrials.gov/study/NCT03657745,Alzheimer's Disease Treatment With Combination of 40Hz Light and Cognitive Therapy,An Observational Trial of Alzheimer's Disease Treatment With Combination of 40Hz Light and Cognitive Therapy,RECRUITING,OBSERVATIONAL,NOT_APPLICABLE,,"Care, behavior, and quality of life",MCI or prodromal Alzheimer’s,2000,Alzheimer's Light LLC,Combination of 40Hz light and cognitive therapy (ALZLIFE),Alzheimer Disease; Mild Cognitive Impairment; Dementia; Cognition Disorders in Old Age; Cognitive Decline; Cognitive Deterioration,United States,True,1,1,False,True,2018-09-05,2024-08-01,2018-01-01,2029-12-31,2029-12-31,In-app cognitive test,
NCT03665831,https://clinicaltrials.gov/study/NCT03665831,Deep TMS for Comorbid Depression and Cognitive Impairment in Older Adults,Treatment of Comorbid Depression and Cognitive Impairment in Older Adults With Neurocognitive Disorders Using Deep Transcranial Magnetic Stimulation (dTMS),RECRUITING,INTERVENTIONAL,NA,TREATMENT,"Diagnostics, imaging, and biomarkers",MCI or prodromal Alzheimer’s,28,Rotman Research Institute at Baycrest,Brainsway H1-Coil Deep TMS System,Major Depressive Disorder; Alzheimer Disease; Mild Cognitive Impairment,Canada,False,1,1,False,True,2018-09-11,2025-10-27,2018-10-23,2026-08-15,2026-09-15,Change From Baseline on the Montgomery-Asberg Depression Rating Scale (MADRS),
NCT03671889,https://clinicaltrials.gov/study/NCT03671889,ExAblate Blood-Brain Barrier (BBB) Disruption for the Treatment of Alzheimer's Disease,Assessment of Safety and Efficacy of ExAblate Blood-Brain Barrier Disruption for the Treatment of Patients With Probable Alzheimer's Disease,RECRUITING,INTERVENTIONAL,NA,DEVICE_FEASIBILITY,Devices and brain stimulation,Moderate or later dementia,50,InSightec,Blood Brain Barrier (BBB) Disruption,Alzheimer Disease,United States,True,1,10,False,True,2018-09-14,2026-01-09,2018-09-28,2028-01,2030-01,Device and procedure related adverse events,
NCT03672201,https://clinicaltrials.gov/study/NCT03672201,Standardizing Care for Neuropsychiatric Symptoms and Quality of Life in Dementia,Standardizing Care for Neuropsychiatric Symptoms and Quality of Life in Dementia,ACTIVE_NOT_RECRUITING,INTERVENTIONAL,NA,TREATMENT,"Care, behavior, and quality of life",Care partners or care systems,187,Centre for Addiction and Mental Health,Non-Pharmacological Intervention; Pharmacological Intervention,Alzheimer's Disease; Alzheimer Dementia (AD); Aggression,Canada,False,1,6,False,True,2018-09-14,2026-04-13,2018-11-01,2023-03-31,2027-12-31,Change in Cohen-Mansfield Agitation Inventory - Total Frequency Score (CMAI - Frequency); The proportion of participants on polypharmacy,
NCT03687710,https://clinicaltrials.gov/study/NCT03687710,The Comparative Effectiveness Dementia & Alzheimer's Registry,The Comparative Effectiveness Dementia & Alzheimer's Registry,ENROLLING_BY_INVITATION,OBSERVATIONAL,NOT_APPLICABLE,,"Diagnostics, imaging, and biomarkers",Preclinical or elevated-risk,452,Weill Medical College of Cornell University,Multidomain precision medicine intervention,Alzheimer Disease; Mild Cognitive Impairment,United States,True,1,1,False,True,2018-09-27,2026-03-30,2015-02-16,2028-06-30,2028-06-30,Change from Baseline in Alzheimer's Prevention Initiative Cognitive Composite (APCC) every 6 months,
NCT03702907,https://clinicaltrials.gov/study/NCT03702907,DC Longitudinal Study on Aging and Specimen Bank,DC Longitudinal Study on Aging and Specimen Bank,RECRUITING,OBSERVATIONAL,NOT_APPLICABLE,,"Diagnostics, imaging, and biomarkers",MCI or prodromal Alzheimer’s,1000,Georgetown University,,Alzheimer Disease; Dementia; Mild Cognitive Impairment; Aging; Aging Disorder,United States,True,1,1,False,True,2018-10-11,2019-10-24,2007-01-01,2027-01,2027-01,CDR,
NCT03705104,https://clinicaltrials.gov/study/NCT03705104,Living Well with Chronic Pain,Living Well with Chronic Pain: Using Person-centered E-health Design to Support Self-management,ACTIVE_NOT_RECRUITING,INTERVENTIONAL,NA,SUPPORTIVE_CARE,"Care, behavior, and quality of life",Mixed or not specified,340,Oslo University Hospital,EPIO,"Chronic Pain, Widespread",Norway,False,1,1,False,True,2018-10-15,2025-03-21,2019-12-03,2025-12-31,2030-01,Brief Pain Inventory (BPI) (Short Form) - Assessing change,
NCT03761381,https://clinicaltrials.gov/study/NCT03761381,OCT Angiography and NRAI in Dementia,Using Optical Coherence Tomography and Noninvasive Retinal Amyloid Imaging to Capture Retinal Changes Associated With Dementia,RECRUITING,OBSERVATIONAL,NOT_APPLICABLE,,"Diagnostics, imaging, and biomarkers",MCI or prodromal Alzheimer’s,20,Oregon Health and Science University,Optical Coherence Tomography Angiography (OCTA) Imaging; Noninvasive Retinal Amyloid Imaging (NRAI),Alzheimer Disease; Dementia; Mild Cognitive Impairment,United States,True,1,1,False,True,2018-12-03,2025-09-12,2018-09-14,2026-12,2027-12,Retinal amyloid protein detection,
NCT03799991,https://clinicaltrials.gov/study/NCT03799991,Vestibular Therapy in Alzheimer's Disease,Vestibular Therapy in Alzheimer's Disease,RECRUITING,INTERVENTIONAL,NA,TREATMENT,Other interventional treatment research,Care partners or care systems,100,Johns Hopkins University,Vestibular physical therapy; Active control,Vestibular Diseases; Vestibular Disorder; Alzheimer Disease,United States,True,1,1,False,True,2019-01-10,2026-01-12,2022-08-22,2027-08-26,2027-08-26,Number of participant falls,
NCT03809351,https://clinicaltrials.gov/study/NCT03809351,UAB Alzheimer's Disease Center Core Cohort - Tau Imaging Substudy,UAB Alzheimer's Disease Center Core Cohort - Tau Imaging Substudy,RECRUITING,INTERVENTIONAL,PHASE1,DIAGNOSTIC,"Diagnostics, imaging, and biomarkers",Mixed or not specified,160,University of Alabama at Birmingham,[F-18]AV-1451-PET,Alzheimer Disease,United States,True,1,1,False,True,2019-01-18,2026-06-02,2020-07-08,2028-07,2028-07,Measurement of pathological tau deposition in the brain.,
NCT03810794,https://clinicaltrials.gov/study/NCT03810794,Clinical Evaluation on the Therapeutic Effect of Acupuncture Treatment for Alzheimer's Disease,Clinical Evaluation on the Therapeutic Effect of Acupuncture Treatment for Alzheimer's Disease: Multicenter Randomized Controlled Trial,RECRUITING,INTERVENTIONAL,NA,TREATMENT,"Care, behavior, and quality of life",Moderate or later dementia,180,"Jian Pei,MD",Acupuncture; Donepezil,Alzheimer Disease; Cognitive Impairment,China,False,1,3,False,True,2019-01-22,2026-01-06,2019-03-01,2026-12-30,2026-12-30,Alzheimer's Disease Assessment Scale-cognition(ADAS-cog),
NCT03821857,https://clinicaltrials.gov/study/NCT03821857,Sex-Specific Effects of Endocrine Disruption on Aging and Alzheimer's Disease,Sex-Specific Effects of Endocrine Disruption on Aging and Alzheimer's Disease,RECRUITING,INTERVENTIONAL,PHASE4,DIAGNOSTIC,"Diagnostics, imaging, and biomarkers",Mixed or not specified,614,Mayo Clinic,18-F-Flortaucipir,Alzheimer Disease,United States,True,1,2,False,True,2019-01-30,2025-11-24,2019-06-27,2030-05,2030-05,18F-Flortaucipir PET imaging; Pittsburgh compound-B PET imaging,
NCT03840083,https://clinicaltrials.gov/study/NCT03840083,Sleep-dependent Learning in Aging,What is Sleep's Role in Alzheimer's Disease? Insight From Healthy Aging,RECRUITING,INTERVENTIONAL,NA,BASIC_SCIENCE,"Diagnostics, imaging, and biomarkers",Mixed or not specified,584,"University of Massachusetts, Amherst",Sleep,Sleep,United States,True,1,1,False,True,2019-02-15,2025-04-03,2018-07-15,2025-07-14,2025-07-15,Change in memory accuracy for intervention compared to control,
NCT03846492,https://clinicaltrials.gov/study/NCT03846492,Targeting Brain Physiology to Treat Neuropsychiatric Symptoms of Dementia Using TMS-EEG and tDCS,Targeting Brain Physiology to Treat Neuropsychiatric Symptoms of Dementia Using TMS-EEG and tDCS,ACTIVE_NOT_RECRUITING,INTERVENTIONAL,NA,TREATMENT,"Care, behavior, and quality of life",Care partners or care systems,90,Centre for Addiction and Mental Health,Transcranial Direct Current Stimulation (tDCS),"Alzheimer Disease; Dementia, Mixed; Dementia; Behavior Problem; Dementia, Alzheimer Type",Canada,False,1,1,False,True,2019-02-19,2026-04-13,2019-04-24,2025-04-08,2026-12-31,"Long Interval Cortical Inhibition (LICI), a TMS paradigm, will be used to assess the extent of cortical inhibition",
NCT03848312,https://clinicaltrials.gov/study/NCT03848312,Preventing Alzheimer's With Cognitive Training,Cognitive Training to Reduce Incidence of Cognitive Impairment in Older Adults,RECRUITING,INTERVENTIONAL,PHASE3,PREVENTION,"Care, behavior, and quality of life",Care partners or care systems,7600,University of South Florida,Cognitive Training; Computerized Cognitive Stimulation,Age-related Cognitive Decline; Alzheimer's Disease and Related Dementias,United States,True,1,7,False,True,2019-02-20,2024-09-26,2019-02-19,2026-01-31,2026-01-31,Incidence of mild cognitive impairment or dementia,
NCT03851523,https://clinicaltrials.gov/study/NCT03851523,Longitudinal Study for the Characterization of the Phases of Subjective Perception of Cognitive Decline and Mild Cognitive Impairment of Alzheimer's Disease.,AlfaCognition: Longitudinal Study for the Characterization of the Phases of Subjective Perception of Cognitive Decline and Mild Cognitive Impairment of Alzheimer's Disease.,RECRUITING,OBSERVATIONAL,NOT_APPLICABLE,,"Diagnostics, imaging, and biomarkers",Preclinical or elevated-risk,400,"Barcelonabeta Brain Research Center, Pasqual Maragall Foundation",No intervention,Alzheimer Disease; Mild Cognitive Impairment; Subjective Cognitive Decline,Spain,False,1,1,False,True,2019-02-22,2025-05-31,2018-02-12,2026-12-31,2027-12-31,Subjective Cognitive Decline Questionnaire (my-Cog); Subjective Cognitive Decline Questionnaire (their-Cog),
NCT03860857,https://clinicaltrials.gov/study/NCT03860857,"Biomarker Exploration in Aging, Cognition and Neurodegeneration","The BEACoN Study- Biomarker Exploration in Aging, Cognition and Neurodegeneration",RECRUITING,INTERVENTIONAL,PHASE3,HEALTH_SERVICES_RESEARCH,"Diagnostics, imaging, and biomarkers",MCI or prodromal Alzheimer’s,300,"University of California, Irvine",Amyloid PET scan; Tau PET scan using MK-6240; Neurocognitive testing; MRI,Alzheimer Disease; Cognitive Impairment; Cognitive Decline,United States,True,1,1,False,True,2019-03-04,2026-01-23,2018-05-01,2026-12-22,2027-12-22,Change in Clinical Dementia Rating - Sum of Box Score,
NCT03887455,https://clinicaltrials.gov/study/NCT03887455,A Study to Confirm Safety and Efficacy of Lecanemab in Participants With Early Alzheimer's Disease,"A Placebo-Controlled, Double-Blind, Parallel-Group, 18-Month Study With an Open-Label Extension Phase to Confirm Safety and Efficacy of BAN2401 in Subjects With Early Alzheimer's Disease",ACTIVE_NOT_RECRUITING,INTERVENTIONAL,PHASE3,TREATMENT,Amyloid-targeting approaches,MCI or prodromal Alzheimer’s,1906,Eisai Inc.,Lecanemab IV; Placebo; Lecanemab SC,Early Alzheimer's Disease,Australia; Canada; China; France; Germany; Italy; Japan; Russia; Singapore; South Korea; Spain; Sweden; United Kingdom; United States,True,14,247,True,True,2019-03-25,2026-04-07,2019-03-27,2029-06-30,2029-06-30,Core Study: Change from Baseline in the CDR-SB at 18 Months; Extension Phase: Number of Participants Reporting One or More Treatment-emergent Adverse Events (TEAEs); Extension Phase: Change from Core Study Baseline in CDR-SB,
NCT03890861,https://clinicaltrials.gov/study/NCT03890861,"Reducing African Americans' Alzheimer's Disease Risk Through Exercise (RAATE)""","Reducing African Americans' Alzheimer's Disease Risk Through Exercise (RAATE)""",RECRUITING,INTERVENTIONAL,NA,PREVENTION,Lifestyle and multidomain,Moderate or later dementia,125,Pennington Biomedical Research Center,Physical activity; Successful Aging,"Dementia, Alzheimer Type",United States,True,1,1,False,True,2019-03-26,2024-11-25,2019-08-09,2025-11,2026-11,Change in episodic memory; Change in executive function,
NCT03894254,https://clinicaltrials.gov/study/NCT03894254,Predictive Factors of Autonomy Loss in Real-life Cohort,Predictive Factors Associated With Impairment in Functional Autonomy in a Regional Real-life Cohort of Patients With Alzheimer's Disease or Related Disorders (ADRD),RECRUITING,INTERVENTIONAL,NA,HEALTH_SERVICES_RESEARCH,Other interventional treatment research,Mixed or not specified,5400,Hospices Civils de Lyon,no intervention,Memory Disorders,France,False,1,5,False,True,2019-03-28,2022-05-02,2020-09-09,2024-03-01,2032-03-01,Functional autonomy level; Functional autonomy level; Functional autonomy level,
NCT03899298,https://clinicaltrials.gov/study/NCT03899298,Safety and Clinical Outcomes With Amniotic and Umbilical Cord Tissue Therapy for Numerous Medical Conditions,"Safety and Clinical Outcomes Study: Amniotic and Umbilical Cord Tissue Administration for Orthopedic, Neurologic, Urologic, Autoimmune, Renal, Cardiac and Pulmonary Conditions",NOT_YET_RECRUITING,INTERVENTIONAL,PHASE1,TREATMENT,"Care, behavior, and quality of life",Moderate or later dementia,5000,R3 Stem Cell,Amniotic and Umbilical Cord Tissue Procedure,Orthopedic Disorder; Neurologic Disorder; Urologic Diseases; Erectile Dysfunction; Autoimmune Diseases; Renal Failure; Renal Insufficiency; Kidney Diseases; Cardiac Event; Cardiomyopathies; CHF; Pulmonary Disease; COPD; Alzheimer Disease; Stroke; Neuropathy;Peripheral; Arthritis,,False,0,0,False,False,2019-04-02,2019-08-22,2019-09-01,2024-03-20,2029-03-20,"Disabilities of Arm, Shoulder, Hand Questionnaire (DASH); Sexual Health Inventory for Men Questionnaire (SHIM); Kidney Disease and Quality of Life Questionnaire (KDQOL)",
NCT03926520,https://clinicaltrials.gov/study/NCT03926520,Electroconvulsive Therapy (ECT) for Agitation in Dementia (AD),Effect and Safety of Electroconvulsive Therapy Plus Usual Care for the Acute Management of Severe Agitation in Dementia,RECRUITING,INTERVENTIONAL,NA,TREATMENT,"Care, behavior, and quality of life",Moderate or later dementia,50,Brent Forester,Electroconvulsive Therapy (ECT),"Alzheimer Dementia; Agitation,Psychomotor",United States,True,1,5,False,True,2019-04-24,2026-04-28,2021-01-28,2026-05-31,2026-05-31,CMAI total score,
NCT03945968,https://clinicaltrials.gov/study/NCT03945968,The Role of Concomitant Diseases in Postoperative Complications Risk Stratification.,The Role of Concomitant Diseases in Postoperative Complications Risk Stratification - a Prospective Observational Multi-center Cohort Study,RECRUITING,OBSERVATIONAL,NOT_APPLICABLE,,Lifestyle and multidomain,Mixed or not specified,16000,Russian Federation of Anesthesiologists and Reanimatologists,,Coronary Heart Disease; Anemia; Bronchial Asthma; Stroke; Epilepsy; Parkinson's Disease; Heart Rhythm Disorders; Alzheimer's Disease; Neuromuscular Diseases; Diabetes; Chronic Heart Failure; Chronic Obstructive Pulmonary Disease; Chronic Kidney Diseases,Russia,False,1,38,False,True,2019-05-10,2025-04-04,2019-07-01,2025-12-30,2026-02-28,incidence of postoperative complications,
NCT03946930,https://clinicaltrials.gov/study/NCT03946930,Cognitive Decline in AD,A Cohort Study of Cognitive Decline in Alzheimer Disease,RECRUITING,OBSERVATIONAL,NOT_APPLICABLE,,"Diagnostics, imaging, and biomarkers",Care partners or care systems,500,Chinese University of Hong Kong,,Alzheimer Disease,Hong Kong,False,1,1,False,True,2019-05-13,2024-08-21,2018-12-13,2027-12-31,2027-12-31,Alzheimer's Disease Assessment Scale-cognitive subscale ADAS-COG,
NCT03954899,https://clinicaltrials.gov/study/NCT03954899,Disease Modifying Potential of 5mg of Melatonin on Cognition and Brain Health in Aging,Evaluating the Disease Modifying Potential of a Sleep Intervention on Alzheimer's Disease (AD) Biomarkers,RECRUITING,INTERVENTIONAL,NA,PREVENTION,"Diagnostics, imaging, and biomarkers",MCI or prodromal Alzheimer’s,230,Natalie Denburg,melatonin; placebo,Mild Cognitive Impairment; Cognitive Decline; Healthy Aging,United States,True,1,1,False,True,2019-05-17,2025-03-04,2019-11-12,2025-11,2025-11,Episodic memory,
NCT04002583,https://clinicaltrials.gov/study/NCT04002583,48-hour Ambulatory EEG Monitoring in Early Onset Alzheimer's Disease,A Prospective Study Evaluating the Use of 48-hour Ambulatory EEG Monitoring in Early Onset Alzheimer's Disease,ACTIVE_NOT_RECRUITING,INTERVENTIONAL,NA,BASIC_SCIENCE,"Diagnostics, imaging, and biomarkers",Care partners or care systems,20,Mayo Clinic,Computer assisted ambulatory electroencephalogram,Early Onset Alzheimer Disease,United States,True,1,1,False,True,2019-06-28,2026-03-05,2020-02-19,2026-12,2026-12,Electrographic seizures: Number of subjects with electrographic seizures,
NCT04018092,https://clinicaltrials.gov/study/NCT04018092,The Revitalize Study in Older Adults at Risk for Alzheimer's Disease,Revitalizing Cognition in Older Adults at Risk for Alzheimer's Disease With Near-Infrared Photobiomodulation,ACTIVE_NOT_RECRUITING,INTERVENTIONAL,PHASE2,TREATMENT,"Diagnostics, imaging, and biomarkers",Preclinical or elevated-risk,168,University of Florida,Active NIR-PBM; Sham NIR-PBM,"Cognitive Aging; Alzheimer Disease, Protection Against",United States,True,1,2,False,True,2019-07-12,2025-10-09,2020-08-12,2024-08-07,2026-06-30,Change in Active Group ARENA Composite Score Compared to Sham Group ARENA Composite Score,
NCT04042532,https://clinicaltrials.gov/study/NCT04042532,Theta-burst Stimulation on Cognitive Function in the Patients With Young-onset Alzheimer's Disease Dementia,The Effects and Mechanisms of Theta-burst Stimulation on Cognitive Function in the Patients With Biomarker-defined Young-onset Alzheimer's Disease Dementia,ENROLLING_BY_INVITATION,INTERVENTIONAL,NA,TREATMENT,"Care, behavior, and quality of life",Moderate or later dementia,70,Chang Gung Memorial Hospital,Theta-burst stimulation (TBS),"Alzheimer Disease, Early Onset",Taiwan,False,1,1,False,True,2019-08-02,2026-03-23,2020-01-03,2026-06-30,2026-06-30,Change from baseline MMSE total scores immediately after TBS intervention; Change from baseline MMSE total scores 4 weeks after TBS intervention; Change from baseline ADAS-Cog total scores immediately after TBS intervention,
NCT04042922,https://clinicaltrials.gov/study/NCT04042922,High Frequency Light and Sound Stimulation to Improve Brain Functions in Alzheimer's Disease,Acute Treatment of Alzheimer's Disease With Gamma Frequency Stimulation,ACTIVE_NOT_RECRUITING,INTERVENTIONAL,NA,SUPPORTIVE_CARE,Devices and brain stimulation,Mild Alzheimer’s dementia,80,Massachusetts Institute of Technology,GENUS device (Active Settings); GENUS device (Sham Settings),Alzheimer Disease,United States,True,1,1,False,True,2019-08-02,2024-10-01,2019-04-19,2026-04-30,2027-04-30,Feasibility of gamma frequency stimulation; Tolerability of gamma frequency stimulation; Safety of gamma frequency stimulation,
NCT04055376,https://clinicaltrials.gov/study/NCT04055376,Daily Light and Sound Stimulation to Improve Brain Functions in Alzheimer's Disease,Chronic Treatment of Alzheimer's Disease With Gamma Frequency Stimulation,ACTIVE_NOT_RECRUITING,INTERVENTIONAL,NA,TREATMENT,"Diagnostics, imaging, and biomarkers",Mild Alzheimer’s dementia,15,Massachusetts Institute of Technology,GENUS device (Active Settings); GENUS device (Sham Settings),Alzheimer Disease; Alzheimer Dementia,United States,True,1,1,False,True,2019-08-13,2026-05-26,2019-08-14,2027-01-15,2027-01-15,Feasibility of at-home light and sound stimulation: amount of time of device usage per day; Safety of daily at-home light and sound stimulation: questionnaire,
NCT04075435,https://clinicaltrials.gov/study/NCT04075435,Cannabidiol Solution for the Treatment of Behavioral Symptoms in Older Adults With Mild Cognitive Impairment or Alzheimer's Dementia,Open-Label Trial of a Cannabidiol Solution for the Treatment of Behavioral Symptoms in Older Adults With Mild Cognitive Impairment or Alzheimer's Dementia,ACTIVE_NOT_RECRUITING,INTERVENTIONAL,EARLY_PHASE1,TREATMENT,"Care, behavior, and quality of life",Care partners or care systems,12,Mclean Hospital,high CBD/low THC sublingual solution,"Alzheimer Disease; Anxiety; Agitation,Psychomotor; Mild Cognitive Impairment (MCI) Due to Alzheimer's Disease",United States,True,1,1,False,True,2019-08-30,2026-03-30,2021-01-11,2026-12,2026-12,Total of clinician impression column on anxiety domain of the NPI-C,
NCT04098666,https://clinicaltrials.gov/study/NCT04098666,Metformin in Alzheimer's Dementia Prevention,Metformin in Alzheimer's Dementia Prevention,ACTIVE_NOT_RECRUITING,INTERVENTIONAL,PHASE2+PHASE3,PREVENTION,"Diagnostics, imaging, and biomarkers",Preclinical or elevated-risk,326,Columbia University,Placebo oral tablet; extended release metformin,Mild Cognitive Impairment,United States,True,1,22,False,True,2019-09-23,2026-06-05,2021-03-22,2026-04-23,2027-04-30,Free and Cued Selective Reminding Test (FCSRT),
NCT04099823,https://clinicaltrials.gov/study/NCT04099823,MR Evaluation of Cerebrospinal Fluid (CSF) Dynamics,MR Evaluation of Cerebrospinal Fluid (CSF) Dynamics and Association of Intracranial CSF Flow With Brain Function,RECRUITING,INTERVENTIONAL,NA,DIAGNOSTIC,"Diagnostics, imaging, and biomarkers",Mixed or not specified,50,Mayo Clinic,MRI screening form; Urine pregnancy test; MR brain,Hydrocephalus; Alzheimer Disease,United States,True,1,1,False,True,2019-09-23,2026-01-06,2019-10-31,2027-01,2027-01,CSF flow measurement,
NCT04100057,https://clinicaltrials.gov/study/NCT04100057,Sleep Disturbance and Emotion Regulation Brain Dysfunction as Mechanisms of Neuropsychiatric Symptoms in Alzheimer's Dementia,Sleep Disturbance and Emotion Regulation Brain Dysfunction as Mechanisms of Neuropsychiatric Symptoms in Alzheimer's Dementia,ACTIVE_NOT_RECRUITING,INTERVENTIONAL,NA,TREATMENT,"Care, behavior, and quality of life",Care partners or care systems,150,Stanford University,Cognitive Behavioral Therapy for Insomnia (CBT-I); Desensitization Therapy for insomnia (DT-I),Alzheimer Disease; Mild Cognitive Impairment; Neuropsychiatric Symptoms; Sleep Disturbance,United States,True,1,1,False,True,2019-09-23,2026-05-19,2021-08-31,2026-04-30,2026-11-30,Fronto-limbic function; Neuropsychiatric Symptoms; Insomnia symptoms,
NCT04104659,https://clinicaltrials.gov/study/NCT04104659,Study of Tau Imaging With the Use of [18F]MK-6240 Tracer,Multicenter Study of Tau Imaging With the Use of [18F]MK-6240 Tracer in Individuals at Risk for and With Autosomal Dominant Alzheimer's Disease,ENROLLING_BY_INVITATION,OBSERVATIONAL,NOT_APPLICABLE,,"Diagnostics, imaging, and biomarkers",Preclinical or elevated-risk,200,"Tammie L. S. Benzinger, MD, PhD",MK 6240,Alzheimer Disease,United States,True,1,1,False,True,2019-09-26,2026-06-08,2021-03-01,2027-04-01,2027-06-01,Study the temporal dynamics of tau deposition (using [18F]MK-6240).; Study the temporal dynamics of tau deposition (using [18F]MK-6240).; Study the temporal dynamics of tau deposition (using [18F]MK-6240).,
NCT04114994,https://clinicaltrials.gov/study/NCT04114994,Longitudinal Cognitive Assessment by BoCA,Longitudinal Cognitive Assessment by BoCA,RECRUITING,OBSERVATIONAL,NOT_APPLICABLE,,"Diagnostics, imaging, and biomarkers",MCI or prodromal Alzheimer’s,10000,Alzheimer's Light LLC,Boston Cognitive Assessment (BoCA),Alzheimer Disease; Mild Cognitive Impairment; Vascular Dementia; Frontotemporal Dementia; Parkinson Disease; Multiple Sclerosis; TBI,United States,True,1,1,False,True,2019-10-03,2024-08-01,2019-10-01,2029-10-01,2029-10-01,Boston Cognitive Assessment (BoCA),
NCT04123314,https://clinicaltrials.gov/study/NCT04123314,Psilocybin for Depression in People With Mild Cognitive Impairment or Early Alzheimer's Disease,Pilot Study of Serotonin 2A Receptor (5-HT2A) Agonist Psilocybin for Depression in Patients With Mild Cognitive Impairment or Early Alzheimer's Disease,RECRUITING,INTERVENTIONAL,EARLY_PHASE1,TREATMENT,"Care, behavior, and quality of life",MCI or prodromal Alzheimer’s,20,Johns Hopkins University,Psilocybin,Depressive Symptoms; Depression; Alzheimer Disease; Mild Cognitive Impairment,United States,True,1,1,False,True,2019-10-10,2026-03-16,2021-03-24,2026-09-30,2026-12-31,Change in Cornell Scale for Depression in Dementia (CSDD) score,
NCT04124029,https://clinicaltrials.gov/study/NCT04124029,Contributions of mTBI to Neurodegeneration Due to Chronic Traumatic Encephalopathy (CTE) and Alzheimer's Disease (AD),Contributions of Mild Traumatic Brain Injury to Neurodegeneration Due to Chronic Traumatic Encephalopathy and Alzheimers Disease,RECRUITING,OBSERVATIONAL,NOT_APPLICABLE,,"Diagnostics, imaging, and biomarkers",Preclinical or elevated-risk,800,VA Office of Research and Development,No Intervention is used for this study but all subjects will be asked to complete EEG testing and an MRI scan.; No intervention is used for this study but all subjects will be asked to complete a venous blood draw procedure and a lumbar puncture procedure.,Mild Traumatic Brain Injury; Moderate Traumatic Brain Injury; Mild Cognitive Impairment,United States,True,1,1,False,True,2019-10-11,2025-09-26,2021-07-01,2026-06-30,2026-06-30,"To better understand the contribution of mild Traumatic Brain Injury (mTBI) to neurodegeneration with the intent of detecting early behavioral, physiologic, anatomic, and protein evidence of neurodegeneration due to AD and CTE",
NCT04134923,https://clinicaltrials.gov/study/NCT04134923,Imaging Biomarkers in Preclinical and Symptomatic AD,Imaging Biomarkers in Preclinical and Symptomatic AD. (ACS PiB IND),RECRUITING,OBSERVATIONAL,NOT_APPLICABLE,,"Diagnostics, imaging, and biomarkers",Preclinical or elevated-risk,375,"Tammie L. S. Benzinger, MD, PhD",[11C] Pittsburgh Compound-B (PIB),Alzheimer Disease,United States,True,1,1,False,True,2019-10-22,2025-08-07,2021-06-08,2026-10,2029-10,develop an integrated timeline for the imaging changes which occur during the transition from asymptomatic to symptomatic AD,
NCT04150198,https://clinicaltrials.gov/study/NCT04150198,MECHANISMS OF NEURONAL RESILIENCE IN ALZHEIMER'S DISEASE AND ITS FOCAL VARIANTS: A PET/MR STUDY,MECHANISMS OF NEURONAL RESILIENCE IN ALZHEIMER'S DISEASE AND ITS FOCAL VARIANTS: A PET/MR STUDY,RECRUITING,INTERVENTIONAL,NA,DIAGNOSTIC,"Diagnostics, imaging, and biomarkers",Moderate or later dementia,45,"Institut National de la Santé Et de la Recherche Médicale, France",TEP/IRM,"Alzheimer Disease, Early Onset; Posterior Cortical Atrophy",France,False,1,2,False,True,2019-11-04,2024-07-30,2021-12-08,2025-12,2026-12,"highlight of the ""resilient"" neural networks; quantify the impairment (ie brain vulnerability) in AD-Y and in PCA",
NCT04165109,https://clinicaltrials.gov/study/NCT04165109,Trial-Ready Cohort-Down Syndrome (TRC-DS),Alzheimer's Clinical Trial Consortium for Down Syndrome (ACTC-DS) Trial-Ready Cohort - Down Syndrome (TRC-DS),RECRUITING,OBSERVATIONAL,NOT_APPLICABLE,,"Diagnostics, imaging, and biomarkers",Care partners or care systems,550,University of Southern California,,Down Syndrome; Alzheimer Disease; Dementia,France; Ireland; Spain; United Kingdom; United States,True,5,22,True,True,2019-11-15,2026-05-18,2021-06-07,2027-12-31,2027-12-31,Enrollment of participants into the Trial-Ready Cohort in DS (TRC-DS).,
NCT04239079,https://clinicaltrials.gov/study/NCT04239079,Autoimmune Features of Neurodegenerative Disorders,Autoimmune Features of Neurodegenerative Disorders,RECRUITING,OBSERVATIONAL,NOT_APPLICABLE,,Neuroinflammation and immune biology,MCI or prodromal Alzheimer’s,120,Columbia University,,Parkinson Disease; Alzheimer Disease; Mild Cognitive Impairment,United States,True,1,1,False,True,2020-01-23,2025-08-08,2019-05-01,2026-06,2026-06,Percentage of subjects with T-cell immune response,
NCT04240561,https://clinicaltrials.gov/study/NCT04240561,Characterizing Variability in Hearing Aid Outcomes in Among Older Adults With Alzheimer's Dementia,Characterizing Variability in Hearing Aid Outcomes in Among Older Adults With Alzheimer's Dementia,RECRUITING,INTERVENTIONAL,NA,TREATMENT,"Diagnostics, imaging, and biomarkers",MCI or prodromal Alzheimer’s,20,Northwestern University,High level of signal manipulation; Low level of signal manipulation,"Hearing Loss, Sensorineural; Dementia of Alzheimer Type; Amnestic Mild Cognitive Impairment",United States,True,1,2,False,True,2020-01-27,2026-04-30,2021-07-01,2027-08-31,2027-08-31,Change In Speech Intelligibility (%Correct); Change in Conversation Analysis of Communication Breakdown,
NCT04240665,https://clinicaltrials.gov/study/NCT04240665,The Digital Memory Notebook,Compensation Training to Improve Everyday Functioning of Older Adults With Mild Cognitive Impairment and Subjective Cognitive Complaints: The Digital Memory Notebook,ENROLLING_BY_INVITATION,INTERVENTIONAL,NA,SUPPORTIVE_CARE,"Care, behavior, and quality of life",Preclinical or elevated-risk,20,"University of California, Davis",Digital Memory Notebook (DMN) Application,Prodromal Alzheimer's Disease; Mild Cognitive Impairment; Subjective Cognitive Complaints,United States,True,1,1,False,True,2020-01-27,2026-04-03,2020-11-11,2022-01-31,2026-12-31,Real-time data extracted from the DMN Application,
NCT04270175,https://clinicaltrials.gov/study/NCT04270175,"Daratumumab, Pomalidomide, and Dexamethasone (DPd) in Relapsed/Refractory Light Chain Amyloidosis Patients Previously Exposed to Daratumumab","Daratumumab, Pomalidomide, and Dexamethasone (DPd) in Relapsed/Refractory Light Chain Amyloidosis Patients Previously Exposed to Daratumumab",ACTIVE_NOT_RECRUITING,INTERVENTIONAL,PHASE2,TREATMENT,Amyloid-targeting approaches,Moderate or later dementia,15,Weill Medical College of Cornell University,Daratumumab SC; Pomalidomide; Dexamethasone,Amyloid; AL Amyloidosis; Refractory AL Amyloidosis,United States,True,1,4,False,True,2020-02-17,2026-02-27,2021-04-14,2027-01,2028-01,Percentage of Participants With Overall Complete Hematologic Response,
NCT04270474,https://clinicaltrials.gov/study/NCT04270474,Reducing Risk of Dementia Through Deprescribing,Reducing Risk of Dementia Through Deprescribing (R2D2),ACTIVE_NOT_RECRUITING,INTERVENTIONAL,NA,PREVENTION,Other interventional treatment research,Mixed or not specified,344,Indiana University,Deprescribing of target anticholinergics; Usual Care,"Dementia; Alzheimer Disease, Late Onset",United States,True,1,2,False,True,2020-02-17,2026-04-15,2020-07-20,2026-07-30,2026-07-30,Change in Cognitive Composite Score; Change in Patient Reported Outcome Measurement Information System (PROMIS); Change in Health Utilities Index (HUI),
NCT04274998,https://clinicaltrials.gov/study/NCT04274998,Neuroinflammation Imaging in AD,Evaluation of in Vivo Neuroinflammation in Alzheimer's Disease Using Novel Positron Emission Tomography (PET/CT) Imaging,ACTIVE_NOT_RECRUITING,INTERVENTIONAL,EARLY_PHASE1,OTHER,"Diagnostics, imaging, and biomarkers",MCI or prodromal Alzheimer’s,9,University of Pennsylvania,[18F]NOS; [11C]PBR28,Alzheimer Disease; Healthy Volunteer,United States,True,1,1,False,True,2020-02-19,2026-04-14,2020-03-03,2027-03-01,2027-03-01,Understanding the uptake of [18F]NOS in the human brain in AD/MCI and Healthy Controls; Comparing the patterns of [18F]NOS brain uptake with patterns of cerebral amyloidosis and neurodegeneration using PET/CT,
NCT04289402,https://clinicaltrials.gov/study/NCT04289402,Individualized Brain Stimulation to Improve Mobility in Alzheimer's Disease,Modulating Brain Activity to Improve Cognitive-motor Function in Alzheimer's Disease,ACTIVE_NOT_RECRUITING,INTERVENTIONAL,NA,TREATMENT,"Care, behavior, and quality of life",MCI or prodromal Alzheimer’s,11,Hebrew SeniorLife,Personalized tDCS; Active-Sham,Alzheimer Dementia; Presenile Alzheimer Dementia; Aging,United States,True,1,1,False,True,2020-02-28,2026-04-27,2020-01-31,2027-01-31,2027-12-31,Recruitment efficiency; Retention; Blinding,
NCT04296565,https://clinicaltrials.gov/study/NCT04296565,Water-based Activity to Enhance Recall in Veterans,Water-based Activity to Enhance Recall in Veterans: A Randomized Clinical Trial,ACTIVE_NOT_RECRUITING,INTERVENTIONAL,PHASE4,TREATMENT,"Diagnostics, imaging, and biomarkers",MCI or prodromal Alzheimer’s,121,VA Office of Research and Development,Usual Care; WATER+CT,Mild Cognitive Impairment,United States,True,1,1,False,True,2020-03-05,2025-08-17,2022-01-03,2026-03-31,2026-06-30,Cognitive Function Composite Score (ADAS-Cog-Exe),
NCT04309461,https://clinicaltrials.gov/study/NCT04309461,Make Better Choices 2 for Rural Appalachians,Implementing the Make Better Choices 2 mHealth Energy Balance Intervention for Rural Appalachians,ACTIVE_NOT_RECRUITING,INTERVENTIONAL,NA,PREVENTION,Lifestyle and multidomain,Preclinical or elevated-risk,279,Nancy Schoenberg,Stress Management Control; Adapted MBC2 Program,Health Behavior,United States,True,1,1,False,True,2020-03-16,2026-01-20,2020-08-01,2026-10,2026-10,Change in diet and activity,
NCT04312399,https://clinicaltrials.gov/study/NCT04312399,Hormone Replacement Trial Against ALzheimers' Disease,Hormone Replacement Trial Against ALzheimers' Disease,RECRUITING,INTERVENTIONAL,NA,DIAGNOSTIC,"Diagnostics, imaging, and biomarkers",Mixed or not specified,600,"University Hospital, Ghent",blood take,Postmenopausal Symptoms; Alzheimer Disease,Belgium,False,1,1,False,True,2020-03-18,2025-01-27,2018-04-17,2027-12-31,2028-12-31,Degradation products of the Amyloid metabolism in blood; Degradation products of the Amyloid metabolism in blood; Degradation products of the Amyloid metabolism in blood,
NCT04335994,https://clinicaltrials.gov/study/NCT04335994,ENhancing Outcomes in Cognitive Impairment Through Use of Home Sleep ApNea Testing,ENhancing Outcomes in Cognitive Impairment Through Use of Home Sleep ApNea Testing: A Randomized Controlled Trial (ENCHANT Study),RECRUITING,INTERVENTIONAL,NA,DIAGNOSTIC,"Diagnostics, imaging, and biomarkers",Care partners or care systems,200,Sunnybrook Health Sciences Centre,In-laboratory polysomnography; Home Sleep Apnea Test,Obstructive Sleep Apnea; Alzheimer Disease; Vascular Dementia; Mild Cognitive Impairment; Parkinsons Disease With Dementia; Dementia With Lewy Bodies; Mixed Dementia,Canada,False,1,1,False,True,2020-04-07,2025-05-18,2019-09-23,2026-12,2027-06,Proportion of patients who complete sleep testing,
NCT04337255,https://clinicaltrials.gov/study/NCT04337255,Mediterranean-DASH Intervention for Neurodegenerative Delay (MIND) Diet in Stroke Patients Patients,MIND Diet and Dementia Prevention in Ischemic Stroke Patients,ACTIVE_NOT_RECRUITING,INTERVENTIONAL,NA,PREVENTION,"Diagnostics, imaging, and biomarkers",MCI or prodromal Alzheimer’s,250,Rush University Medical Center,Behavioral Dietary intervention ( MIND Diet); Behavioral Usual Care Diet Intervention,"Cognitive Decline; Dementia, Vascular; Alzheimer Disease; Dementia; Stroke",United States,True,1,1,False,True,2020-04-07,2026-04-21,2021-12-14,2026-07-31,2026-07-31,Change in global cognitive score,
NCT04360200,https://clinicaltrials.gov/study/NCT04360200,Cognitive Impairment in Ageing People,Cognitive Impairment in Ageing People: A Longitudinal Observational Prospective Study,RECRUITING,OBSERVATIONAL,NOT_APPLICABLE,,"Care, behavior, and quality of life",MCI or prodromal Alzheimer’s,5000,Yamei Tang,,MCI; Alzheimer Disease; VAD - Vascular Dementia; Cognitive Impairment,China,False,1,1,False,True,2020-04-24,2020-09-14,2020-04-01,2040-12,2040-12,Incidence of Dementia,
NCT04389437,https://clinicaltrials.gov/study/NCT04389437,OCT-Angiography and Adaptive Optics in Patients With Memory Impairment,OCT-Angiography and Adaptive Optics in Patients With Memory Impairment,RECRUITING,INTERVENTIONAL,NA,DIAGNOSTIC,"Diagnostics, imaging, and biomarkers",MCI or prodromal Alzheimer’s,450,Fondation Ophtalmologique Adolphe de Rothschild,Ophthalmological exam; Blood pressure measurement,Amnesia; Alzheimer Disease; Lewy Body Disease; Parkinsons Disease With Dementia,France,False,1,1,False,True,2020-05-15,2025-09-29,2020-06-26,2026-06,2026-06,Wall to lumen ratio (WLR),
NCT04390646,https://clinicaltrials.gov/study/NCT04390646,GnRH Therapy on Cognition in Down Syndrome,Effect of Pulsatile GnRH Therapy on Cognition in Down Syndrome: Randomized Placebo Control Study,RECRUITING,INTERVENTIONAL,PHASE2+PHASE3,TREATMENT,Synapses and neuronal communication,Care partners or care systems,56,Nelly Pitteloud,"GnRH, gonadorelin acetate; 0.9% NaCl","Down Syndrome; Cognitive Decline; Alzheimer Disease, Early Onset; Olfaction Disorders",Switzerland,False,1,1,False,True,2020-05-15,2024-02-12,2020-08-27,2028-12,2028-12,Cognition,
NCT04436081,https://clinicaltrials.gov/study/NCT04436081,Effects of THC-Free CBD Oil on Agitation in Patients With Alzheimer's Disease,Effects of THC-Free CBD Oil on Agitation in Patients With Alzheimer's Disease,RECRUITING,INTERVENTIONAL,PHASE2,TREATMENT,"Care, behavior, and quality of life",Care partners or care systems,40,Eastern Virginia Medical School,THC-free CBD Oil; Placebo,Alzheimer Disease; Dementia; Major Neurocognitive Disorder With Aggressive Behavior,United States,True,1,1,False,True,2020-06-17,2023-02-16,2021-02-26,2024-03,2024-03,Change in agitation and aggression.; Change in caregiver burden.; Change in the participant's quality of life.,
NCT04437511,https://clinicaltrials.gov/study/NCT04437511,A Study of Donanemab (LY3002813) in Participants With Early Alzheimer's Disease (TRAILBLAZER-ALZ 2),"Assessment of Safety, Tolerability, and Efficacy of Donanemab in Early Symptomatic Alzheimer's Disease",ACTIVE_NOT_RECRUITING,INTERVENTIONAL,PHASE3,TREATMENT,Tau-targeting approaches,Early Alzheimer’s disease,1736,Eli Lilly and Company,Donanemab; Placebo,Alzheimer Disease,Australia; Canada; Czechia; Japan; Netherlands; Poland; Puerto Rico; United Kingdom; United States,True,9,274,True,True,2020-06-18,2025-08-29,2020-06-19,2023-04-14,2028-11,Change From Baseline on the Integrated Alzheimer's Disease Rating Scale (iADRS) (Overall Population); Change From Baseline on the Integrated Alzheimer's Disease Rating Scale (iADRS) (Intermediate (Low-medium) Tau Population),
NCT04468659,https://clinicaltrials.gov/study/NCT04468659,AHEAD 3-45 Study: A Study to Evaluate Efficacy and Safety of Treatment With Lecanemab in Participants With Preclinical Alzheimer's Disease and Elevated Amyloid and Also in Participants With Early Preclinical Alzheimer's Disease and Intermediate Amyloid,"AHEAD 3-45 Study: A Placebo-Controlled, Double-Blind, Parallel-Treatment Arm, 216 Week Study With an Extension Phase to Evaluate Efficacy and Safety of Treatment With BAN2401 in Subjects With Preclinical Alzheimer's Disease and Elevated Amyloid (A45 Trial) and in Subjects With Early Preclinical Alzheimer's Disease and Intermediate Amyloid (A3 Trial)",ACTIVE_NOT_RECRUITING,INTERVENTIONAL,PHASE3,TREATMENT,Amyloid-targeting approaches,Preclinical or elevated-risk,1400,Eisai Inc.,Lecanemab; Placebo,Preclinical Alzheimer's Disease; Early Preclinical Alzheimer's Disease,Australia; Canada; Japan; Singapore; Spain; United Kingdom; United States,True,7,107,True,True,2020-07-13,2026-06-04,2020-07-14,2028-12-21,2031-01-16,A45 Trial: Change From Baseline in Preclinical Alzheimer Cognitive Composite 5 (PACC5) Score at Week 216; A3 Trial: Change From Baseline in Amyloid Positron Emission Tomography (PET) Standard Uptake Value Ratio (SUVr) at Week 216,
NCT04500847,https://clinicaltrials.gov/study/NCT04500847,Repurposing Nucleoside Reverse Transcriptase Inhibitors for Treatment of AD,Repurposing Nucleoside Reverse Transcriptase Inhibitors for Treatment of AD,RECRUITING,INTERVENTIONAL,PHASE1,TREATMENT,"Diagnostics, imaging, and biomarkers",MCI or prodromal Alzheimer’s,35,Butler Hospital,Emtriva Capsule; Placebo,"Alzheimer Disease, Early Onset; Mild Cognitive Impairment; Moderate Dementia",United States,True,1,2,False,True,2020-08-05,2025-05-04,2021-12-17,2026-03-31,2026-03-31,Number of participants with treatment emergent adverse events (TEAE's) in the treatment group will be compared to the placebo group,
NCT04516057,https://clinicaltrials.gov/study/NCT04516057,Nabilone for Agitation Blinded Intervention Trial,Nabilone for Agitation Blinded Intervention Trial,RECRUITING,INTERVENTIONAL,PHASE3,TREATMENT,"Care, behavior, and quality of life",Care partners or care systems,112,Sunnybrook Health Sciences Centre,Nabilone; Placebo,Alzheimer Disease; Agitation,Canada,False,1,6,False,True,2020-08-17,2026-01-28,2021-02-01,2027-04,2027-04,Agitation - Cohen-Mansfield Agitation Inventory (CMAI),
NCT04517552,https://clinicaltrials.gov/study/NCT04517552,Investigation of Inflammation Using [C-11]-CS1P1,Investigation of Inflammation Using [C-11]-CS1P1,ACTIVE_NOT_RECRUITING,OBSERVATIONAL,NOT_APPLICABLE,,"Diagnostics, imaging, and biomarkers",Preclinical or elevated-risk,60,"Tammie L. S. Benzinger, MD, PhD",[11C]-CS1P1,Alzheimer Disease,United States,True,1,1,False,True,2020-08-18,2025-08-07,2020-11-02,2026-07-01,2026-07-08,"The tracer [11C]-CS1P1 will be injected for the first time into humans, using a dose range of 12-17 mCi for evaluations of safety, biodistribution, and dosimetry.; PET imaging studies of [11C]-CS1P1 in healthy normal control participants and human participants with multiple sclerosis.",
NCT04524338,https://clinicaltrials.gov/study/NCT04524338,Longitudinal Study Examining At-Home tDCS,Longitudinal Study Examining At-Home Transcranial Direct Current Stimulation,RECRUITING,INTERVENTIONAL,NA,TREATMENT,Devices and brain stimulation,Mixed or not specified,20,Lady Davis Institute,Transcranial Direct Current Stimulation,Alzheimer Disease,Canada,False,1,1,False,True,2020-08-24,2024-08-13,2021-02-22,2026-10-31,2026-10-31,General Cognition,
NCT04570085,https://clinicaltrials.gov/study/NCT04570085,Effect of CAFfeine on Cognition in Alzheimer's Disease,"Multicentre, Randomized, Double-blind, Placebo-controlled Trial Evaluating the Effect of a 30-week Caffeine Treatment on Cognition in Alzheimer's Disease at Beginning to Moderate Stages",RECRUITING,INTERVENTIONAL,PHASE3,TREATMENT,Other interventional treatment research,Care partners or care systems,248,"University Hospital, Lille",Caffeine; Placebo,Alzheimer Disease,France,False,1,17,False,True,2020-09-30,2026-04-20,2021-03-01,2027-12,2027-12,Changes in NTB scores,
NCT04575337,https://clinicaltrials.gov/study/NCT04575337,Study on Biomarkers for Early Diagnosis of Alzheimer's Disease,"Study on Body Fluid, Gene and Neuroimaging Biomarkers for Early Diagnosis of Alzheimer's Disease",RECRUITING,OBSERVATIONAL,NOT_APPLICABLE,,"Diagnostics, imaging, and biomarkers",MCI or prodromal Alzheimer’s,6000,Capital Medical University,,Alzheimer Disease,China,False,1,1,False,True,2020-10-05,2026-03-23,2020-05-28,2027-06-30,2027-06-30,A multiple diagnostic kit for early diagnosis of AD.; A 5-years risk prediction model for onset and progression of AD among elderly population in China.,
NCT04579120,https://clinicaltrials.gov/study/NCT04579120,Neuroimaging in Healthy Aging and Senile Dementia (HASD_IND),Neuroimaging in Healthy Aging and Senile Dementia (HASD_IND),RECRUITING,OBSERVATIONAL,NOT_APPLICABLE,,"Diagnostics, imaging, and biomarkers",Preclinical or elevated-risk,650,"Tammie L. S. Benzinger, MD, PhD",[11C]-Pittsburgh Compound B ([11C]PiB); F 18 AV-1451 (Flortaucipir),Alzheimer Disease,United States,True,1,1,False,True,2020-10-08,2026-06-08,2021-09-01,2027-11,2027-12,"AD Biomarkers seen on Amyloid PET at Baseline and Years 1, 2, and/or 3; AD Biomarkers seen on Tau PET at Baseline and Years 1, 2, and/or 3; AD Biomarkers seen on MRI at Baseline and Years 1, 2, and/or 3",
NCT04629495,https://clinicaltrials.gov/study/NCT04629495,Rapamycin - Effects on Alzheimer's and Cognitive Health,Rapamycin - Effects on Alzheimer's and Cognitive Health (REACH),ACTIVE_NOT_RECRUITING,INTERVENTIONAL,PHASE2,TREATMENT,"Diagnostics, imaging, and biomarkers",MCI or prodromal Alzheimer’s,40,The University of Texas Health Science Center at San Antonio,Rapamycin; Placebo,Mild Cognitive Impairment; Alzheimer Disease,United States,True,1,1,False,True,2020-11-16,2026-06-09,2021-08-11,2026-03-05,2027-03-05,Number of adverse events; Change in glucose level; Change in albumin,
NCT04661280,https://clinicaltrials.gov/study/NCT04661280,Donepezil Versus Non-drug Treatment in Alzheimer's Disease.,"Donepezil Use Versus Non-drug Approach in Treatment of Newly Diagnosed Alzheimer's Disease : a Multicentric, Randomized, Open Study : the CHOLINE-2 Study",RECRUITING,INTERVENTIONAL,PHASE3,TREATMENT,"Diagnostics, imaging, and biomarkers",Preclinical or elevated-risk,240,Assistance Publique - Hôpitaux de Paris,Donepezil,"Alzheimer Disease, Early Onset",France,False,1,1,False,True,2020-12-10,2026-02-18,2022-02-10,2026-08,2026-08,Difference of change in the MMSE score,
NCT04684602,https://clinicaltrials.gov/study/NCT04684602,Mesenchymal Stem Cells for the Treatment of Various Chronic and Acute Conditions,"Evaluation of the Safety, Tolerability and Efficacy of Regenerative Therapy for the Treatment of Various Chronic and Acute Conditions",RECRUITING,INTERVENTIONAL,PHASE1+PHASE2,TREATMENT,"Care, behavior, and quality of life",Mixed or not specified,5000,Thomas Advanced Medical LLC,PrimePro™/ PrimeMSK™,Autoimmune Diseases; Cardiovascular Disorders; Diabetes Complications; Integumentary Disease; Musculoskeletal Disorders; Neurodegenerative Disorders; Neurologic Disorders; Pulmonary Disorders; Sexual Dysfunction; Urologic Disorders; Viral Illness,United States,True,1,1,False,True,2020-12-24,2022-04-29,2020-07-09,2030-07-09,2030-12-09,"Assessment of quality of life (QOL) via 36-Item Short Form Survey (SF-36) change from baseline at 6 and 12 months.; Assessment of disabilities of arm, shoulder, hand via DASH Questionnaire change from baseline at 6 and 12 months.; Assessment of erectile function via International Index of Erectile Function (IIEF-5) change from baseline at 6 and 12 months.",
NCT04685590,https://clinicaltrials.gov/study/NCT04685590,Senolytic Therapy to Modulate the Progression of Alzheimer's Disease (SToMP-AD) Study,Phase II Clinical Trial to Evaluate the Safety and Feasibility of Senolytic Therapy in Alzheimer's Disease,ACTIVE_NOT_RECRUITING,INTERVENTIONAL,PHASE2,TREATMENT,"Diagnostics, imaging, and biomarkers",Preclinical or elevated-risk,48,Washington University School of Medicine,Dasatinib + Quercetin; Placebo Capsules,"Alzheimer Disease, Early Onset; Mild Cognitive Impairment",Spain; United States,True,2,5,True,True,2020-12-28,2026-04-01,2021-12-22,2028-01,2029-01,Serious Adverse Events (SAEs) and Adverse Events (AEs) in treatment group as compared to placebo group,
NCT04690660,https://clinicaltrials.gov/study/NCT04690660,Swiss Postpartum Hypertension Cohort,Swiss Postpartum Hypertension Cohort (Swiss-PPHT),RECRUITING,OBSERVATIONAL,NOT_APPLICABLE,,"Diagnostics, imaging, and biomarkers",Mixed or not specified,480,"University Hospital, Basel, Switzerland",Data collection for parameters of organ damage (cardiac and renal blood markers); Data collection for blood pressure (BP); Home-based blood pressure management (substudy); Biomarker Profiles (substudy); Data collection on patient reported outcomes,Postpartum Hypertension (PPHT),Switzerland,False,1,1,False,True,2020-12-31,2025-05-28,2020-06-04,2030-05,2030-05,"Frequency of persistent hypertension defined by 24 hours BP measurement; Frequency of persistent hypertension defined by office blood pressure measurement (OBPM, AOBPM); Frequency of microalbuminuria",
NCT04699786,https://clinicaltrials.gov/study/NCT04699786,Returning Research Results That Indicate Risk of Alzheimer Disease Dementia to Healthy Participants in Longitudinal Studies,Returning Research Results That Indicate Risk of Alzheimer Disease Dementia to Healthy Participants in Longitudinal Studies: Quantitative Analyses of a Randomized Clinical Trial,ACTIVE_NOT_RECRUITING,INTERVENTIONAL,NA,HEALTH_SERVICES_RESEARCH,"Diagnostics, imaging, and biomarkers",Mixed or not specified,450,Washington University School of Medicine,"Arm A , Arm B, Arm C, & Arm D",Alzheimer Disease; Dementia of Alzheimer Type,United States,True,1,1,False,True,2021-01-07,2026-03-10,2021-02-19,2025-06-10,2026-06,Change in Geriatric Depression Scale (GDS); Change in Clinical Dementia Rating sum of box score (CDR-SB); Change in cognitive composite score,
NCT04701177,https://clinicaltrials.gov/study/NCT04701177,"Digitally-enhanced, Decentralized, Multi-omics Observational Cohort","Precision Medicine Initiative Against Alzheimer's Disease (PMIAAD): Digitally-enhanced, Decentralized, Multi-omics, Observational Cohort",ENROLLING_BY_INVITATION,OBSERVATIONAL,NOT_APPLICABLE,,"Diagnostics, imaging, and biomarkers",Care partners or care systems,100000,Greece 2021 Committee,Teleph0s digital phenotyping platform,Presymptomatic Disease; Mild Cognitive Impairment; Memory Loss (Excluding Dementia); Cognitive Change; Dementia; Alzheimer Disease; Parkinson's Disease and Parkinsonism,Greece; Spain,False,2,4,True,True,2021-01-08,2026-03-18,2021-03-15,2031-10-30,2031-11-30,"Establish standardized protocols for acquisition, transfer & analysis of clinical, digital, imaging, biologic and genetic data that can be used in the AD & PD research community.; Comprehensive and uniformly acquired dataset; Change in Diagnostic Area Under the Receiver Operating Characteristic Curve (ROC-AUC)",
NCT04701957,https://clinicaltrials.gov/study/NCT04701957,The Ketogenic Diet for Alzheimer's Disease,The Ketogenic Diet for Alzheimer's Disease: a Randomized Controlled Feasibility Study.,ACTIVE_NOT_RECRUITING,INTERVENTIONAL,NA,OTHER,"Care, behavior, and quality of life",Care partners or care systems,17,Assistance Publique - Hôpitaux de Paris,Ketogenic diet,"Alzheimer Disease, Early Onset",France,False,1,1,False,True,2021-01-08,2026-04-06,2023-03-30,2026-09,2026-09,Feasibilty of Ketogenic diet with urinary ketone levels,
NCT04715399,https://clinicaltrials.gov/study/NCT04715399,UPenn Observational Research Repository on Neurodegenerative Disease,University of Pennsylvania Centralized Observational Research Repository on Neurodegenerative Disease (UNICORN),RECRUITING,OBSERVATIONAL,NOT_APPLICABLE,,"Diagnostics, imaging, and biomarkers",Preclinical or elevated-risk,1000,University of Pennsylvania,No intervention,Frontotemporal Degeneration(FTD); Primary Progressive Aphasia(PPA); Familial Frontotemporal Lobar Degeneration (fFTLD); Amyotrophic Lateral Sclerosis(ALS); Lewy Body Disease(LBD); Progressive Supranuclear Palsy(PSP); Corticobasal Syndrome(CBS); Posterior Cortical Atrophy(PCA); Alzheimer's Disease(AD),United States,True,1,1,False,True,2021-01-20,2026-01-22,2020-05-29,2070-05-30,2070-05-30,Status of progression - changes in neuropsychological tests.,
NCT04740580,https://clinicaltrials.gov/study/NCT04740580,"Glutathione, Brain Metabolism and Inflammation in Alzheimer's Disease","Glutathione, Brain Metabolism and Inflammation in Alzheimer's Disease",RECRUITING,INTERVENTIONAL,EARLY_PHASE1,OTHER,"Diagnostics, imaging, and biomarkers",Moderate or later dementia,52,Baylor College of Medicine,Glycine; N-acetylcysteine; Alanine,Alzheimer Disease,United States,True,1,1,False,True,2021-02-05,2025-06-10,2022-02-15,2026-04-30,2026-12-31,Cognition; Brain glucose uptake; Brain inflammation,
NCT04748861,https://clinicaltrials.gov/study/NCT04748861,CYCLE-AD (CYcling to Cease or Limit the Effects of Alzheimer's Disease),CYCLE-AD: Randomized Controlled Trial to Assess the Efficacy of Indoor Cycling in Slowing Disease Progression in Healthy Older Persons at Genetic Risk for Alzheimer's Disease,ACTIVE_NOT_RECRUITING,INTERVENTIONAL,NA,TREATMENT,"Care, behavior, and quality of life",Preclinical or elevated-risk,150,The Cleveland Clinic,Indoor Cycling (IC),High Intensity Exercise; Normal Cognition; Exercise Intervention,United States,True,1,1,False,True,2021-02-10,2025-10-02,2021-10-20,2026-12-31,2026-12-31,Rey Auditory Verbal Learning Test Total Recall Trials 1-5 (RAVLT1-5).; Total Hippocampal Volume (THV); V̇O2max,
NCT04784416,https://clinicaltrials.gov/study/NCT04784416,Transcranial Photobiomodulation for Alzheimer's Disease (TRAP-AD),Transcranial Photobiomodulation for Alzheimer's Disease (TRAP-AD),ACTIVE_NOT_RECRUITING,INTERVENTIONAL,PHASE2,TREATMENT,"Diagnostics, imaging, and biomarkers",MCI or prodromal Alzheimer’s,196,NYU Langone Health,Active tPBM-2.0; Sham tPBM-2.0; 18F-MK-6240,Mild Cognitive Impairment; Alzheimer Disease,United States,True,1,3,False,True,2021-03-05,2025-12-09,2021-04-27,2025-10-30,2026-01-31,Change in Repeatable Battery for the Assessment of Neuropsychological Status Update (RBANS) Total Scale Index Score.,
NCT04786223,https://clinicaltrials.gov/study/NCT04786223,Targeting Neuroinflammation as a Contributing Pathology in Alzheimer's Disease Dementia and Related Dementias,Targeting Neuroinflammation as a Contributing Pathology in Alzheimer's Disease Dementia and Related Dementias,ENROLLING_BY_INVITATION,INTERVENTIONAL,PHASE2,DIAGNOSTIC,"Diagnostics, imaging, and biomarkers",MCI or prodromal Alzheimer’s,125,Val Lowe,C-11 ER-176; Blood Test,Lewy Body Dementia (LBD); Alzheimer Dementia (AD),United States,True,1,1,False,True,2021-03-08,2026-05-22,2021-03-30,2029-03,2030-03,"Determine if neuroinflammation, as measured by C-11 ER176 SUVr and inflammatory blood test measurements, is correlated with an increase in AB plaque, as measured by C-11 PiB SUVr.; Determine if neuroinflammation, as measured by C-11 ER176 SUVr, is correlated with a history of increased cognitive decline in the 5 years preceding PET imaging, as measured by z scores from neuropsychiatric test results (memory, etc.).; Determine if neuroinflammation, as measured by PET imaging, is associated with blood and/or CSF biomarkers of inflammation or other neurologic diseases and related blood tests.",
NCT04800588,https://clinicaltrials.gov/study/NCT04800588,Computerized Tests of Cognitive Decline in Presymptomatic Alzheimer's Disease,Computerized Tests of Cognitive Decline in Presymptomatic Alzheimer's Disease,RECRUITING,INTERVENTIONAL,NA,DIAGNOSTIC,"Diagnostics, imaging, and biomarkers",Preclinical or elevated-risk,2000,"Neurobehavioral Systems, Inc.",California Cognitive Assessment Battery,Alzheimer Disease; Cognitive Decline; Aging,United States,True,1,1,False,True,2021-03-16,2025-05-22,2021-05-05,2027-03-31,2027-03-31,Longitudinal normative data collection from healthy participants,
NCT04804241,https://clinicaltrials.gov/study/NCT04804241,Senicapoc in Alzheimer's Disease,Proof of Mechanism Study of Senicapoc in Mild or Prodromal Alzheimer's Disease,RECRUITING,INTERVENTIONAL,PHASE2,OTHER,"Care, behavior, and quality of life",MCI or prodromal Alzheimer’s,55,"University of California, Davis",Senicapoc; Placebo Tablet,Mild Cognitive Impairment; Alzheimer Disease,United States,True,1,2,False,True,2021-03-18,2026-01-29,2022-03-18,2026-06,2026-06,"Change from Baseline in the Alzheimer's Disease Assessment Scale, Cognitive Subscale (ADAS-Cog 13) score; Change from Baseline to Week 52 in levels of Cerebrospinal fluid (CSF) biomarkers: IL-1β, IL-6, TNF-α, MCP-1, and IL-10; Change from Baseline to Week 52 in levels of serum biomarkers: IL-6, TNF-α, MCP-1, and IL-10 and high sensitivity C-Reactive protein",
NCT04840979,https://clinicaltrials.gov/study/NCT04840979,Discovery and Validation of Genetic Variants Affecting Microglial Activation in Alzheimer's Disease,Discovery and Validation of Genetic Variants Affecting Microglial Activation in Alzheimer's Disease With 11C-ER176,ACTIVE_NOT_RECRUITING,INTERVENTIONAL,PHASE2,DIAGNOSTIC,"Diagnostics, imaging, and biomarkers",MCI or prodromal Alzheimer’s,107,Columbia University,11C-ER176; 18F-florbetaben,Alzheimer Disease,United States,True,1,1,False,True,2021-04-12,2026-05-14,2021-05-11,2026-12,2026-12,Correlation between the chromosome 1 variant (rs2997325) and TSPO binding; Number of variants discovered in genome-wide association study (GWAS) that influence TSPO binding,
NCT04844060,https://clinicaltrials.gov/study/NCT04844060,Cerebro Spinal Fluid Collection (CSF),Analysis of Clinical Data and Diagnosis in Any Person Requiring an Assay of Alzheimer Biomarkers in Cerebrospinal Fluid,RECRUITING,OBSERVATIONAL,NOT_APPLICABLE,,"Diagnostics, imaging, and biomarkers",Mixed or not specified,10000,"University Hospital, Strasbourg, France",Lumbar punction,Alzheimer Disease; Dementia With Lewy Bodies; Frontotemporal Dementia; Parkinson's Disease Dementia; Multiple System Atrophy,France,False,1,1,False,True,2021-04-14,2023-04-27,2010-02,2030-12,2030-12,CSF collection,
NCT04850053,https://clinicaltrials.gov/study/NCT04850053,Detection of Alzheimer's Disease (AD)-Related Seeds for AD Diagnosis,Detection of Alzheimer's Disease (AD)-Related Seeds as Biomarkers for Accurate Diagnosis of AD（AD-seeds-detector）,RECRUITING,OBSERVATIONAL,NOT_APPLICABLE,,"Diagnostics, imaging, and biomarkers",Mixed or not specified,1500,Capital Medical University,,Alzheimer's Disease,China,False,1,1,False,True,2021-04-20,2026-03-23,2020-08-26,2026-12-31,2026-12-31,The area under curve of the AD-seeds-detector for the accurate diagnosis of AD,
NCT04855630,https://clinicaltrials.gov/study/NCT04855630,Combating Alzheimer's Through Sleep and Exercise,Combating Alzheimer's Through Sleep and Exercise (CASE),RECRUITING,INTERVENTIONAL,NA,PREVENTION,Lifestyle and multidomain,Mixed or not specified,30,University of Miami,DREEM 2 Headband; Exercise Routine,Alzheimer Disease; Dementia,United States,True,1,1,False,True,2021-04-22,2026-04-20,2023-03-01,2028-12-30,2028-12-30,Total Cholesterol Levels; High-Density Lipoprotein (HDL) Levels; Low-Density Lipoprotein (LDL) Levels,
NCT04865172,https://clinicaltrials.gov/study/NCT04865172,ECOCAPTURE for the Assessment of Apathy Under Real-life Conditions,ECOCAPTURE@HOME: Program for the Assessment of Behavioural Markers of Apathy Under Real-life Conditions Aimed At Patients with Neurodegenerative Dementias and Their Caregivers,RECRUITING,OBSERVATIONAL,NOT_APPLICABLE,,"Care, behavior, and quality of life",Care partners or care systems,120,"Institut National de la Santé Et de la Recherche Médicale, France",Remote collection of passive and active data for 28 consecutive days,"Frontotemporal Dementia, Behavioral Variant; Alzheimer Disease",France,False,1,1,False,True,2021-04-29,2024-11-21,2022-05-20,2025-05,2025-05,Acceleration (in g); Electrodermal activity (in microsiemens); Blood volume pulse (or relative blood flow),
NCT04902703,https://clinicaltrials.gov/study/NCT04902703,Phase II Trial to Evaluate Safety and Efficacy of GM-CSF/Sargramostim in Alzheimer's Disease,Phase II Trial to Evaluate Safety and Efficacy of GM-CSF/Sargramostim in Alzheimer's Disease (SESAD),RECRUITING,INTERVENTIONAL,PHASE2,TREATMENT,"Diagnostics, imaging, and biomarkers",Care partners or care systems,42,"University of Colorado, Denver",Sargramostim; Saline - placebo comparator,Alzheimer Disease,United States,True,1,1,False,True,2021-05-26,2026-04-30,2022-06-01,2026-11-30,2026-11-30,Safety as measured by number of Adverse Events (AEs) by body system,
NCT04905238,https://clinicaltrials.gov/study/NCT04905238,Obstructive Sleep Apnea and Biomarkers of Alzheimer's Disease,Pathophysiology Consequences of Obstructive Sleep Apnea in Biomarkers of Alzheimer's Disease. A Clinical Trial,ENROLLING_BY_INVITATION,INTERVENTIONAL,NA,TREATMENT,"Care, behavior, and quality of life",Mixed or not specified,130,Alberto Alonso Fernandez,Continuous positive airway pressure,"Sleep Apnea, Obstructive",Spain,False,1,2,False,True,2021-05-27,2025-05-01,2020-07-31,2025-04-10,2025-05-06,Change from baseline in β-amyloid 40 (Aβ-40 and/or Aβ42) concentration; β-amyloid 40 (Aβ-40 and and/or Aβ42) concentration in OSA and in non-OSA patients,
NCT04906863,https://clinicaltrials.gov/study/NCT04906863,Genetic Studies of Early-onset Dementia,Genetic Studies of Early-onset Dementia,RECRUITING,OBSERVATIONAL,NOT_APPLICABLE,,Other interventional treatment research,MCI or prodromal Alzheimer’s,1000,Columbia University,Blood draw; Neurocognitive testing; Medical questionnaire,"Dementia, Early Onset; Alzheimer Dementia (AD); Mild Cognitive Impairment (MCI); Memory Loss",United States,True,1,1,False,True,2021-05-28,2026-04-29,2016-09-14,2028-04-30,2028-04-30,Genetic risk variants associated with early-onset dementia; Changes in blood biomarkers in early-onset dementia,
NCT04935372,https://clinicaltrials.gov/study/NCT04935372,β-AARC: Cohort Study for the Identification of Blood-based Biomarkers in a Population With Subjective Cognitive Decline,β-AARC: Cohort Study for the Identification of Blood-based Biomarkers in a Population With Subjective Cognitive Decline,ACTIVE_NOT_RECRUITING,OBSERVATIONAL,NOT_APPLICABLE,,"Diagnostics, imaging, and biomarkers",Preclinical or elevated-risk,200,"Barcelonabeta Brain Research Center, Pasqual Maragall Foundation",Observational,Alzheimer Disease; Preclinical Alzheimer; Mild Cognitive Impairment,Spain,False,1,1,False,True,2021-06-23,2025-05-31,2021-05-25,2025-12-31,2025-12-31,CSF Aβ42/Aβ40 ratio,
NCT04946916,https://clinicaltrials.gov/study/NCT04946916,Neurofilament Light Chains and Cognitive Impairment in Chronic Psychiatric Disease,Validation of Serum Neurofilament Light Chain as a Biomarker to Differentiate Cognitive Impairment From Neurodegenerative or Psychiatric Diseases,RECRUITING,INTERVENTIONAL,NA,DIAGNOSTIC,"Diagnostics, imaging, and biomarkers",Moderate or later dementia,120,Hôpital le Vinatier,blood sample taken,Schizophrenia; Bipolar Disorder; Alzheimer Disease; FTD,France,False,1,2,False,True,2021-07-01,2025-07-24,2021-10-22,2027-03-22,2028-03-22,neurofilament light chain,
NCT04956549,https://clinicaltrials.gov/study/NCT04956549,Reducing African American's Alzheimer's Risk Through Exercise-Mild Cognitive Impairment (RAATE-MCI),Reducing African Americans' Alzheimer's Disease Risk Through Exercise-Mild Cognitive Impairment Cohort,RECRUITING,INTERVENTIONAL,NA,PREVENTION,Lifestyle and multidomain,MCI or prodromal Alzheimer’s,144,Pennington Biomedical Research Center,Physical activity program; Successful Aging,Dementia of Alzheimer Type,United States,True,1,1,False,True,2021-07-09,2025-03-17,2021-06-01,2026-03-31,2027-03-31,Change in executive function; Change in episodic memory,
NCT04975464,https://clinicaltrials.gov/study/NCT04975464,BRINK (BRain In Kidney Disease) Memory Study 2.0,"BRINK (BRain In Kidney Disease) Memory Study 2.0 (The Natural History of Cognitive Decline in Chronic Kidney Disease: Renal, Vascular and Alzheimer's Disease Contributions)",ACTIVE_NOT_RECRUITING,OBSERVATIONAL,NOT_APPLICABLE,,"Diagnostics, imaging, and biomarkers",Care partners or care systems,600,Anne Murray,,"Chronic Kidney Diseases; Dementia; Dementia, Vascular; Stroke; Alzheimer Disease; Cognitive Decline; Cognitive Impairment; Cognitive Dysfunction; Kidney Diseases; Diabetes; Cerebral Atrophy; Small Vessel Ischemic Disease",United States,True,1,2,False,True,2021-07-23,2025-11-04,2011-11-15,2026-05,2026-05,Screening Interview; Classification; Medical History Interview,
NCT04992195,https://clinicaltrials.gov/study/NCT04992195,Impact of COVID-19 Vaccines on Cerebrovascular Health,Impact of COVID-19 Vaccines on Cerebrovascular Health - a Population-based Study,RECRUITING,OBSERVATIONAL,NOT_APPLICABLE,,"Diagnostics, imaging, and biomarkers",Moderate or later dementia,500,Chinese University of Hong Kong,Laboratory tests and Montreal Cognitive Assessment; Laboratory tests and Montreal Cognitive Assessment,"Stroke; Stroke, Acute; Stroke, Ischemic; Dementia; Brain Ischemia; Alzheimer Disease; Brain Diseases; Major Adverse Cardiovascular Event; Arterial Thromboembolism; Venous Thromboembolism",Hong Kong,False,1,1,False,True,2021-08-05,2026-02-24,2021-07-05,2026-06-30,2026-12-31,Imaging markers; Imaging analysis,
NCT04994847,https://clinicaltrials.gov/study/NCT04994847,"APOE in the Predisposition to, Protection From, and Prevention of Alzheimer's Disease","APOE in the Predisposition to, Protection From, and Prevention of Alzheimer's Disease",ENROLLING_BY_INVITATION,OBSERVATIONAL,NOT_APPLICABLE,,"Diagnostics, imaging, and biomarkers",Preclinical or elevated-risk,300,Banner Health,Amyloid and Tau PET,Alzheimer Disease,United States,True,1,1,False,True,2021-08-06,2025-07-20,2021-05-01,2026-06-30,2026-06-30,Amyloid PET Scan; Tau PET Scan; MRI,
NCT05004987,https://clinicaltrials.gov/study/NCT05004987,Aβ Dynamics in LLMD,Depression Treatment and Aβ Dynamics: A Study of Alzheimer's Disease Risk (ABD Study),RECRUITING,INTERVENTIONAL,PHASE4,TREATMENT,"Diagnostics, imaging, and biomarkers",Preclinical or elevated-risk,60,NYU Langone Health,Escitalopram Oxalate; Placebo,Alzheimer Disease; Major Depressive Disorder,United States,True,1,2,False,True,2021-08-13,2026-05-06,2022-02-04,2026-12-31,2027-06-30,Change in Cerebrospinal Fluid (CSF) Aβ40 Biomarker Levels; Change in Cerebrospinal Fluid (CSF) Aβ42 Biomarker Levels; Change in Vascular Dysfunction (VD) Biomarker Levels,
NCT05010603,https://clinicaltrials.gov/study/NCT05010603,Late Onset Alzheimer's Disease,Late Onset Alzheimer's Disease,RECRUITING,OBSERVATIONAL,NOT_APPLICABLE,,Amyloid-targeting approaches,Mixed or not specified,10000,Columbia University,Blood Draw; Late Onset Alzheimer's Disease (LOAD) Neuropsychological Battery Test,Alzheimer Disease,United States,True,1,12,False,True,2021-08-18,2026-05-18,2016-11-15,2027-04-30,2027-04-30,Total number of genes identified to be associated with the risk of AD,
NCT05016219,https://clinicaltrials.gov/study/NCT05016219,Phase 2 - Rhythmic Light Therapy for Alzheimer's Disease Patients,Phase 2 - The Use of Rhythmic Light Therapy to Entrain Gamma Oscillations and the Circadian System in Patients With Alzheimer's Disease,RECRUITING,INTERVENTIONAL,NA,TREATMENT,Lifestyle and multidomain,MCI or prodromal Alzheimer’s,120,Icahn School of Medicine at Mount Sinai,Circadian-Effective Light; Rhythmic Light; Placebo Light; Placebo Rhythmic Light,Mild Cognitive Impairment,United States,True,1,2,False,True,2021-08-23,2026-05-29,2023-08-22,2027-03-31,2027-07-31,Cognition using the Montreal Cognitive Assessment (MoCA); Cognition using the Montreal Cognitive Assessment (MoCA); Cognition using the Montreal Cognitive Assessment (MoCA),
NCT05020106,https://clinicaltrials.gov/study/NCT05020106,The Diagnostic Cut-off Value of Core Biomarkers of Alzheimer's Disease,Study on the Diagnostic Cut-off Value of Core Biomarkers in Cerebrospinal Fluid and Blood of Alzheimer's Disease,RECRUITING,OBSERVATIONAL,NOT_APPLICABLE,,"Diagnostics, imaging, and biomarkers",MCI or prodromal Alzheimer’s,3200,Capital Medical University,,Alzheimer's Disease,China,False,1,1,False,True,2021-08-25,2026-03-23,2018-09-01,2027-09-01,2027-09-01,The cut-off value in diagnosing AD; The receiver operating characteristic curve; Relationship between biomarker and clinical symptom,
NCT05020626,https://clinicaltrials.gov/study/NCT05020626,Modelling Tau Distribution From DTI With Generative Adversarial Network for Alzheimer's Disease Diagnosis,Modelling Tau Deposition and Distribution From Diffusion Tensor Imaging With Generative Adversarial Network for Alzheimer's Disease Diagnosis,RECRUITING,OBSERVATIONAL,NOT_APPLICABLE,,"Care, behavior, and quality of life",MCI or prodromal Alzheimer’s,250,Chinese University of Hong Kong,,Alzheimer's Disease Diagnosis,Hong Kong,False,1,1,False,True,2021-08-25,2024-08-22,2021-06-30,2025-06-29,2025-12-31,Structural similarity index to measure the similarity between synthetic image and ground truth for 20% of data in testing set,
NCT05023564,https://clinicaltrials.gov/study/NCT05023564,PUMCH Dementia Longitudinal Cohort Study,Peking Union Medical College Hospital (PUMCH) Dementia Longitudinal Cohort Study,RECRUITING,OBSERVATIONAL,NOT_APPLICABLE,,"Care, behavior, and quality of life",MCI or prodromal Alzheimer’s,20000,Peking Union Medical College Hospital,,"Dementia; Dementia, Vascular; Dementia With Lewy Bodies; Dementia, Mixed; Dementia Alzheimers; Dementia Frontal; Dementia, Mild",China,False,1,1,False,True,2021-08-26,2022-09-13,2020-12-01,2040-12-31,2040-12-31,"The incidence of dementia; The relationship between lifestyles, stress (stressful events and their degree) and dementia; Risk factors for dementia",
NCT05026866,https://clinicaltrials.gov/study/NCT05026866,A Donanemab (LY3002813) Study in Participants With Preclinical Alzheimer's Disease (TRAILBLAZER-ALZ 3),A Study of Donanemab Versus Placebo in Participants at Risk for Cognitive and Functional Decline of Alzheimer's Disease,ACTIVE_NOT_RECRUITING,INTERVENTIONAL,PHASE3,TREATMENT,Amyloid-targeting approaches,Preclinical or elevated-risk,2996,Eli Lilly and Company,Donanemab; Placebo,Alzheimer Disease,Japan; Puerto Rico; United States,True,3,216,True,True,2021-08-30,2026-01-21,2021-08-27,2027-11,2027-11,Time to Clinical Progression of Composite Endpoint as Measured by Clinical Dementia Rating (CDR) in the Primary Study Population (Baseline CDR-Global Score [GS 0]),
NCT05027789,https://clinicaltrials.gov/study/NCT05027789,Brain Boosters 2 in Persons at Risk for Alzheimer's Disease: a Digital Application Supported Intervention,Compensation Training and Lifestyle Modifications to Promote Healthy Aging in Persons at Risk for Alzheimer's Disease: a Digital Application Supported Intervention (Brain Boosters 2),ACTIVE_NOT_RECRUITING,INTERVENTIONAL,NA,PREVENTION,"Diagnostics, imaging, and biomarkers",Preclinical or elevated-risk,263,"University of California, Davis",Self-Guided; Structured Group,Memory Disorders; Cognitive Impairment,United States,True,1,1,False,True,2021-08-30,2025-10-08,2021-08-13,2026-08-31,2026-08-31,Logical Memory; Free and Cued Selective Reminding Test (FCRT); Digit Span,
NCT05058040,https://clinicaltrials.gov/study/NCT05058040,A Clinical Study to Evaluate the Long-Term Safety Sodium Oligomannate Capsules (GV-971),A Clinical Study to Evaluate the Long-Term Safety Sodium Oligomannate Capsules,ACTIVE_NOT_RECRUITING,INTERVENTIONAL,PHASE4,TREATMENT,Neuroinflammation and immune biology,Mixed or not specified,2500,"Green Valley (Shanghai) Pharmaceuticals Co., Ltd.",Sodium Oligomannate Capsules,Alzheimer Disease,China,False,1,63,False,True,2021-09-27,2025-01-24,2021-06-02,2025-01,2025-04,Long-term safety of GV-971 in clinical practice during 48 weeks; Long-term safety of GV-971 in clinical practice during 96 weeks,
NCT05059158,https://clinicaltrials.gov/study/NCT05059158,Amyloid-β Clearance Mechanisms in Alzheimer's Disease,"Amyloid-β Clearance Mechanisms: A Multi-modal Study on Lymphatic, Glymphatic and Blood-brain-barrier Function in Alzheimer's Disease",RECRUITING,OBSERVATIONAL,NOT_APPLICABLE,,"Diagnostics, imaging, and biomarkers",Subjective cognitive concerns,60,Ludwig-Maximilians - University of Munich,positron emission tomography (PET),Alzheimer's Disease (AD),Germany,False,1,1,False,True,2021-09-28,2025-07-04,2021-06-01,2025-09,2025-10,Differences in the disruption of the brain-blood-barrier between the subgroups; Clearance mechanisms and glymphatic or cerebral lymphatic system; Connection between the structural/functional connectivity of the resting networks and the clearance mechanisms,
NCT05060848,https://clinicaltrials.gov/study/NCT05060848,Plasma Hydrogen Sulfide as a Biomarker for Alzheimer's Disease and Related Dementias,Plasma Hydrogen Sulfide as a Biomarker for Alzheimer's Disease and Related Dementias,ACTIVE_NOT_RECRUITING,OBSERVATIONAL,NOT_APPLICABLE,,"Diagnostics, imaging, and biomarkers",Mixed or not specified,100,Louisiana State University Health Sciences Center Shreveport,,Alzheimer Disease; Dementia,United States,True,1,1,False,True,2021-09-29,2023-03-08,2021-04-01,2026-05,2027-05,Cognitive Outcomes; Imaging Outcomes; Blood Outcomes,
NCT05063851,https://clinicaltrials.gov/study/NCT05063851,The Use of Memantine for Prevention of Alzheimer's Disease,The Use of Memantine for Prevention of Alzheimer's Disease,ACTIVE_NOT_RECRUITING,INTERVENTIONAL,PHASE2,PREVENTION,"Diagnostics, imaging, and biomarkers",Preclinical or elevated-risk,32,University of Virginia,Memantine Hydrochloride Tablets; Placebo,Alzheimer Disease,United States,True,1,1,False,True,2021-10-01,2026-01-14,2021-10-11,2026-12,2026-12,To assess the feasibility of the use of memantine hydrochloride for prevention of Alzheimer's Disease as measured by the percentage of patients who are lost to follow-up,
NCT05068830,https://clinicaltrials.gov/study/NCT05068830,Safety and Efficacy of Plasma Transfusion From Exercise-trained Donors in Patients With Early Alzheimer's Disease,Safety and Efficacy of Plasma Transfusion From Exercise-trained Donors in Patients With Early Alzheimer's Disease: The ExPlas Study,ACTIVE_NOT_RECRUITING,INTERVENTIONAL,PHASE2,TREATMENT,"Care, behavior, and quality of life",MCI or prodromal Alzheimer’s,60,Norwegian University of Science and Technology,ExPlas; Octaplasma; Saline,Alzheimer Disease,Norway,False,1,1,False,True,2021-10-06,2026-04-15,2021-09-17,2027-03-01,2031-03-01,Number of patients with adverse events; Number of subjects who comply with the research protocol,
NCT05077579,https://clinicaltrials.gov/study/NCT05077579,"Alzheimer""s Imaging Biomarkers in Obesity",Neuroinflammation and Alzheimer's Disease Imaging Biomarkers in Midlife Obesity,RECRUITING,OBSERVATIONAL,NOT_APPLICABLE,,"Diagnostics, imaging, and biomarkers",Moderate or later dementia,240,Cyrus A Raji,,Alzheimer Disease; Obesity; Metabolic Disease,United States,True,1,1,False,True,2021-10-14,2026-05-11,2021-10-18,2027-05-01,2027-12-31,Aim - increased atrophy in MAOO compared to MNOO and MNLP participants,
NCT05077618,https://clinicaltrials.gov/study/NCT05077618,Nalysis of the Periodontal Microbiota in Elderly Subjects With and Without Alzheimer's Disease: a Case Control Study,Oral Bacterial and Viral Mapping by Dental Plaque in Elderly Patients With and Without Alzheimer's Disease(ORal MICrobiology in Alzheimer's Patients),RECRUITING,OBSERVATIONAL,NOT_APPLICABLE,,Other interventional treatment research,Moderate or later dementia,94,Centre Hospitalier Universitaire de Nice,sampling of dental plaque and blood sample during the treatment,Periodontitis; Alzheimer Disease,France,False,1,1,False,True,2021-10-14,2025-03-20,2023-01-30,2023-01-30,2025-07-31,Quantification of periodontal bacterial and viral species from dental plaque samples,
NCT05081596,https://clinicaltrials.gov/study/NCT05081596,A Primary Care-Based Psychosocial Intervention To Improve Cognitive & Depression Outcomes in Older Adults With MCI & Early Stage AD,PATH-Pain: A Primary Care-Based Psychosocial Intervention To Improve Cognitive and Depression Outcomes in Older Adults With MCI and Early Stage AD,RECRUITING,INTERVENTIONAL,NA,TREATMENT,Other interventional treatment research,Care partners or care systems,100,Weill Medical College of Cornell University,PATH-Pain,Depression; Pain; Cognitive Impairment,United States,True,1,1,False,True,2021-10-18,2026-04-20,2022-06-03,2026-07-31,2027-07-31,"Change in cognitive functioning, as measured by the Repeatable Battery for the Assessment of Neuropsychological Status (RBANS)",
NCT05138263,https://clinicaltrials.gov/study/NCT05138263,Korean Brain Aging Study for Early Diagnosis and Prediction of Alzheimer's disease2 (KBASE2),Korean Brain Aging Study for Early Diagnosis and Prediction of Alzheimer's disease2,ACTIVE_NOT_RECRUITING,OBSERVATIONAL,NOT_APPLICABLE,,"Diagnostics, imaging, and biomarkers",Care partners or care systems,640,Seoul National University Hospital,,Alzheimer Disease; Mild Cognitive Impairment,South Korea,False,1,2,False,True,2021-11-30,2026-05-27,2022-01-01,2027-09,2027-09,Amount of brain amyloid deposition; Amount of brain tau deposition,
NCT05151562,https://clinicaltrials.gov/study/NCT05151562,Music Therapy for Patients With Alzheimer's Disease,Music Therapy for Autobiographical Memory and Neuropsychiatric Symptoms in Alzheimer Disease,RECRUITING,INTERVENTIONAL,NA,TREATMENT,"Care, behavior, and quality of life",MCI or prodromal Alzheimer’s,60,Johns Hopkins University,Virtual Music Therapy,Mild Cognitive Impairment; Alzheimer Disease,United States,True,1,1,False,True,2021-12-09,2026-05-06,2022-07-18,2027-12-31,2028-06-30,Change in autobiographical memory level as assessed by Autobiographical Memory Test (AMT); Change in scores on neuropsychiatric symptom level as assessed by Neuropsychiatric Inventory Questionnaire (NPI-Q) (caregivers),
NCT05153941,https://clinicaltrials.gov/study/NCT05153941,Diagnosis and Monitoring of Disease Progression Using Deep Neuro Signatures,DNS Cohort Study Aimed at Understanding the Pathophysiology of AD and AD Related Disorders (ADRD),ACTIVE_NOT_RECRUITING,OBSERVATIONAL,NOT_APPLICABLE,,"Care, behavior, and quality of life",Care partners or care systems,3500,Altoida,,Alzheimer's Disease; Mild Cognitive Impairment,Greece,False,1,1,False,True,2021-12-10,2025-10-03,2022-01-31,2029-01-31,2030-01-31,"ADL using selected RMTs; Neuropsychological assessment like the Clinical Dementia Rating (CDR) scale; Neuropsychological assessment like Altoida, Inc. Neuro Motor Index (NMI) medical device",
NCT05163067,https://clinicaltrials.gov/study/NCT05163067,Combined Aerobic Exercise and Cognitive Training in Seniors With Genetic Susceptibility for Alzheimer's Disease,Combined Aerobic Exercise and Cognitive Training for Alzheimer's Disease Prevention in Seniors With Genetic Susceptibility Estimated by Polygenic Risk Models: Cognition and Neural Plasticity Effects,NOT_YET_RECRUITING,INTERVENTIONAL,NA,PREVENTION,"Care, behavior, and quality of life",Moderate or later dementia,200,"Xuanwu Hospital, Beijing",Combined aerobic exercise and cognitive training program,Alzheimer Disease,China,False,1,1,False,True,2021-12-20,2023-07-21,2024-12,2034-12,2034-12,Change in cognitive function over time as assessed by the Montreal Cognitive Assessment (MoCA); Change in cognitive function over time as assessed by Mini Mental State Examination (MMSE); Change in cognitive function over time as assessed by Clinical Dementia Rating (CDR),
NCT05163626,https://clinicaltrials.gov/study/NCT05163626,Combined Aerobic Exercise and Cognitive Training in Seniors at Increased Risk for Alzheimer's Disease,Combined Aerobic Exercise and Cognitive Training for Alzheimer's Disease Prevention in At-Risk Seniors Estimated by An Exosomal Synaptic Protein Model: Cognition and Exosomal Synaptic Proteins Effects,NOT_YET_RECRUITING,INTERVENTIONAL,NA,PREVENTION,"Diagnostics, imaging, and biomarkers",Moderate or later dementia,200,"Xuanwu Hospital, Beijing",Combined aerobic exercise and cognitive training program,Alzheimer Disease,China,False,1,1,False,True,2021-12-20,2023-07-24,2024-12,2034-12,2034-12,Change in cognitive function over time as assessed by the Montreal Cognitive Assessment (MoCA); Change in cognitive function over time as assessed by Mini Mental State Examination (MMSE); Change in cognitive function over time as assessed by Clinical Dementia Rating (CDR),
NCT05181475,https://clinicaltrials.gov/study/NCT05181475,Long-term Efficacy and Safety Study of GV-971,A Clinical Study to Evaluate the Long-term Efficacy and Safety of Sodium Oligomannate Capsules (GV-971),ACTIVE_NOT_RECRUITING,INTERVENTIONAL,PHASE4,TREATMENT,"Diagnostics, imaging, and biomarkers",Moderate or later dementia,800,"Green Valley (Shanghai) Pharmaceuticals Co., Ltd.",Sodium Oligomannate Capsules (GV-971),Alzheimer Disease,China,False,1,40,False,True,2022-01-06,2024-11-15,2021-12-07,2025-01,2025-06,Change from baseline in the ADAS-cog/11 score,
NCT05183321,https://clinicaltrials.gov/study/NCT05183321,Treatment of Periodontal Disease in Patients With Alzheimer's Disease,Treatment of Periodontal Disease in Patients With Alzheimer's Disease: Randomized Controlled Trial,NOT_YET_RECRUITING,INTERVENTIONAL,NA,TREATMENT,"Diagnostics, imaging, and biomarkers",Care partners or care systems,190,"Union Hospital, Tongji Medical College, Huazhong University of Science and Technology",periodontal therapy,Periodontitis; Alzheimer Disease; Dementia,,False,0,0,False,False,2022-01-10,2024-05-13,2024-06-01,2026-12-31,2026-12-31,Alzheimer's Disease Assessment Scale-Cognitive Subscale 11 (ADAS-Cog 11); ADCS-ADL,
NCT05187819,https://clinicaltrials.gov/study/NCT05187819,Blood-based Biomarkers for Diagnosis of Alzheimer's,Accuracy of Blood-based Biomarkers in Diagnosing Alzheimer's Disease in Clinical Practice,RECRUITING,INTERVENTIONAL,NA,DIAGNOSTIC,"Diagnostics, imaging, and biomarkers",Moderate or later dementia,300,Helse Stavanger HF,predictive value of a blood test,Dementia Alzheimers,Norway,False,1,1,False,True,2022-01-12,2023-09-28,2023-06-01,2026-12-31,2029-12-31,The positive predictive value; The negative predictive value,
NCT05194787,https://clinicaltrials.gov/study/NCT05194787,TAS Test: Online Motor-cognitive Tests for Early Detection of Alzheimer's Disease,TAS Test: Determining the Feasibility and Validity of Online Motor-cognitive Testing for Early Detection of Alzheimer's Disease,RECRUITING,OBSERVATIONAL,NOT_APPLICABLE,,"Care, behavior, and quality of life",Preclinical or elevated-risk,3000,University of Tasmania,"Cognitive test scores, clinical diagnosis and blood biomarkers",Alzheimer Disease; Dementia; Age-related Cognitive Decline,Australia,False,1,1,False,True,2022-01-18,2023-10-30,2021-03-05,2025-12,2030-12,Develop and validate the optimal TAS Test protocol to detect pre-AD (p-tau 181 positivity); Prospectively validate TAS Test to predict risks of cognitive decline; Prospectively validate TAS Test to predict risks of AD diagnosis,
NCT05196984,https://clinicaltrials.gov/study/NCT05196984,Gamma Frequency Stimulation in Individuals With Down Syndrome,Acute Exposure of Individuals With Down Syndrome to Gamma Frequency Stimulation,RECRUITING,INTERVENTIONAL,NA,SUPPORTIVE_CARE,Devices and brain stimulation,Preclinical or elevated-risk,60,Massachusetts Institute of Technology,GENUS device (Active Settings); GENUS device (Sham Settings),Down Syndrome,United States,True,1,1,False,True,2022-01-19,2026-03-31,2021-12-06,2026-12-31,2026-12-31,Feasibility of gamma frequency stimulation; Incidence of Stimulation-Related Adverse Events,
NCT05205980,https://clinicaltrials.gov/study/NCT05205980,Perturbation Training Reduces Falls in People With Alzheimer's Disease (AD),Motor Learning of Fall Resistant Skills From Laboratory-induced Falling Among People With Mild Alzheimer's Disease,RECRUITING,INTERVENTIONAL,NA,PREVENTION,Other interventional treatment research,Mild Alzheimer’s dementia,30,Georgia State University,Perturbation training,Alzheimer Disease,United States,True,1,1,False,True,2022-01-25,2026-02-04,2023-04-28,2026-10-30,2026-10-30,Lab-induced faller rate,
NCT05206305,https://clinicaltrials.gov/study/NCT05206305,Sensory-Evoked Cortical Gamma Oscillation,Sensory-Evoked Cortical Gamma Oscillation: Impact on Visual Processing and Cognitive Function in Patients With Alzheimer's Disease,ACTIVE_NOT_RECRUITING,INTERVENTIONAL,NA,TREATMENT,Devices and brain stimulation,Moderate or later dementia,20,University of Tennessee Medical Center,GammaSense Stimulation device,Alzheimer Disease,United States,True,1,1,False,True,2022-01-25,2026-05-04,2022-07-01,2027-12-31,2028-06-30,Cortical Network Functioning; Cognitive Status,
NCT05245903,https://clinicaltrials.gov/study/NCT05245903,Passive Sensor Identification of Digital Biomarkers to Assess Effects of Orally Administered Nicotinamide Riboside,"Passive Sensor Identification of Digital Biomarkers to Assess Effects of Orally Administered Nicotinamide Riboside on Bioenergetic Metabolism, Oxidative Stress, and Cognition in Mild Cognitive Impairment and Mild Alzheimer's Dementia",RECRUITING,OBSERVATIONAL,NOT_APPLICABLE,,"Diagnostics, imaging, and biomarkers",MCI or prodromal Alzheimer’s,40,Mclean Hospital,Emerald Device Monitoring,Alzheimer Disease; Dementia Alzheimers; Dementia; Cognitive Impairment; Mild Cognitive Impairment; Neurodegenerative Diseases; Neurocognitive Disorders; Neurocognitive Dysfunction; Cognitive Dysfunction; Mental Disorder,United States,True,1,1,False,True,2022-02-18,2025-11-06,2022-05-31,2026-05-31,2026-05-31,Sleep efficiency; Longitudinal time series of gait speed measurements; Diurnal rhythm,
NCT05260177,https://clinicaltrials.gov/study/NCT05260177,Study on the Effect of 40 Hz Non-Invasive Light Therapy System,ALZLIGHT Stage III - Study on the Effect of 40 Hz Non-Invasive Light Therapy System,RECRUITING,INTERVENTIONAL,NA,TREATMENT,"Diagnostics, imaging, and biomarkers",Care partners or care systems,62,Zealand University Hospital,Light Therapy System (LTS): Active Setting; Light Therapy System (LTS): Sham Setting,Alzheimer's Disease,Denmark,False,1,1,False,True,2022-03-02,2026-05-07,2022-09-20,2028-12-01,2028-12-01,Gamma oscillations assessment; Induction of 40 Hz Gamma oscillations,
NCT05267535,https://clinicaltrials.gov/study/NCT05267535,Piromelatine 20 mg in Participants With Mild Dementia Due to Alzheimer's Disease,"Randomized, Delayed Start, Double Blind, Parallel Group, Placebo Controlled, Multicenter Study of Piromelatine 20 mg in Participants With Mild Dementia Due to Alzheimer's Disease",ACTIVE_NOT_RECRUITING,INTERVENTIONAL,PHASE2+PHASE3,TREATMENT,Other interventional treatment research,Moderate or later dementia,225,Neurim Pharmaceuticals Ltd.,Piromelatine 20 mg; Placebo,Alzheimer's Disease,Canada; United States,True,2,37,True,True,2022-03-04,2024-06-21,2022-05-12,2025-06,2025-06,Alzheimer's Disease Assessment Scale cognitive subscale (ADAS-cog 14),
NCT05288842,https://clinicaltrials.gov/study/NCT05288842,Tanycytes in Alzheimer's Disease and Frontotemporal Dementia,TANYCYTES' ROLE IN ALZHEIMER'S DISEASE AND FRONTOTEMPORAL DEMENTIA: ARE THEY THE KEY TO WELL AGING?,RECRUITING,OBSERVATIONAL,NOT_APPLICABLE,,"Diagnostics, imaging, and biomarkers",Moderate or later dementia,102,"University Hospital, Lille",Lumbar puncture; blood sample,Alzheimer Disease; Frontotemporal Dementia,France,False,1,1,False,True,2022-03-21,2026-05-18,2022-09-06,2026-10,2026-10,Mean CSF-to-blood ratio (CBR) of leptin concentration.,
NCT05295615,https://clinicaltrials.gov/study/NCT05295615,Pulsed Electromagnetic Field Treatment In Patients With Alzheimer's Disease,Effects of PEMF Treatment on Patients With Mild to Moderate Alzheimer's Disease in a Controlled Pilot Study,RECRUITING,INTERVENTIONAL,NA,TREATMENT,Devices and brain stimulation,Care partners or care systems,40,Herrick Medical LLC,ECHS AD Device,Alzheimer Disease,United States,True,1,1,False,True,2022-03-25,2024-11-01,2023-05-01,2025-12-30,2026-09-30,The Alzheimer's Disease Assessment Scale-Cognitive Subscale (ADAS-Cog); Mini-Mental Status Exam (MMSE); Global Deterioration questionnaire,
NCT05296980,https://clinicaltrials.gov/study/NCT05296980,Validation of the REMINDER Dementia Risk Reduction Program,Validation of a Multidomain Neuropsychological Intervention for Individuals at Risk of Dementia: the REMINDER Program,RECRUITING,INTERVENTIONAL,NA,PREVENTION,"Diagnostics, imaging, and biomarkers",Preclinical or elevated-risk,400,University of Coimbra,REMINDER; Brain health Psychoeducation,Healthy Aging; Risk Reduction; Old Age; Dementia,Portugal,False,1,1,False,True,2022-03-25,2024-05-08,2022-04-01,2024-05-02,2026-10,Cognitive status composite; Functionality status; Blood biomarkers of neural damage,
NCT05303701,https://clinicaltrials.gov/study/NCT05303701,GV1001 Subcutaneous for the Treatment of Moderate to Severe Alzheimer's Disease(AD),"A Multi-Center, Randomized, Double-Blind, Placebo-Controlled, Parallel Design, Prospective, Phase III Clinical Trial to Evaluate the Efficacy and Safety of Subcutaneous Administration of GV1001 1.12 mg/Day in Patients With Moderate to Severe Alzheimer Disease",NOT_YET_RECRUITING,INTERVENTIONAL,PHASE3,TREATMENT,Tau-targeting approaches,Care partners or care systems,750,"Samsung Pharmaceutical Co., Ltd.",GV1001 Placebo; GV1001 1.12mg,Moderate to Severe Alzheimer's Disease,,False,0,0,False,False,2022-03-31,2026-06-10,2027-07,2028-01,2031-07,Change from baseline in SIB(Severe Impairment Battery) score after GV1001 administration for 24 weeks; CIBIC-plus (Clinician Interview-Based Impression of Change-Plus) score after GV1001 administration for 24 weeks,
NCT05315895,https://clinicaltrials.gov/study/NCT05315895,The Dampness Syndrome of Chinese Medicine Cohort Study,A Multi-Center Prospective Cohort Study of Dampness Syndrome in China,RECRUITING,OBSERVATIONAL,NOT_APPLICABLE,,"Metabolism, insulin signaling, and cellular energy",Mixed or not specified,100000,Guangzhou University of Traditional Chinese Medicine,natural aging process,"Chronic Disease; Cancer; Dementia Alzheimers; Metabolic Disease; Aging; Alzheimer Disease, Early Onset",China,False,1,1,False,True,2022-04-07,2022-11-15,2022-06-06,2027-12-30,2028-03-30,emerging diseases,
NCT05322343,https://clinicaltrials.gov/study/NCT05322343,Biobank and Brain Health in Bordeaux.,Biobank and Brain Health in Bordeaux. A Population-based Cohort to Study the Biology of Brain and Cognitive Aging in Young Seniors,RECRUITING,OBSERVATIONAL,NOT_APPLICABLE,,"Care, behavior, and quality of life",Mixed or not specified,2050,"University Hospital, Bordeaux",Questionnaires; Fasting blood sampling.; Saliva collection and nasal or nasopharyngeal swab; Urine and stool samples; Hair and a tonenail (or hand nail) sampling; Nasal microbiota; Measurements; Neuroimaging; Medical visit,Brain; Aging; Cognitive Aging; Immunosenescence; Mental Processes; Mental Disorders; Neurocognitive Disorders; Cognition; Brain Diseases; Dementia; Alzheimer Disease; Mental Health; Behavioral Symptoms; Depression; Anxiety,France,False,1,1,False,True,2022-04-11,2025-08-11,2022-03-22,2030-03-22,2030-03-22,Number of participants for whom samples are available in the biobank and nutritional and cognitive surveys have been completed.; Number of participants for whom samples are available in the biobank and nutritional and cognitive surveys have been completed.; Number of participants for whom samples are available in the biobank and nutritional and cognitive surveys have been completed.,
NCT05326750,https://clinicaltrials.gov/study/NCT05326750,Non-invasive Neurostimulation as a Tool for Diagnostics and Management for Neurodegenerative Diseases,Non-invasive Neurostimulation as a Tool for Diagnostics and Management for Neurodegenerative Diseases,RECRUITING,INTERVENTIONAL,NA,TREATMENT,"Diagnostics, imaging, and biomarkers",MCI or prodromal Alzheimer’s,200,Kuopio University Hospital,Gamma tACS (40 Hz) over the superior parietal cortex,Alzheimer Disease; Frontotemporal Dementia; Dementia With Lewy Bodies,Finland,False,1,1,False,True,2022-04-14,2025-09-03,2022-11-21,2032-07,2032-07,"Changes in Rey Auditory Verbal Learning Test score; Changes in Rey Auditory Verbal Learning Test, recognition; Changes in orientation to time and place (MMSE questions 1-10)",
NCT05336695,https://clinicaltrials.gov/study/NCT05336695,Assess Fibrin in Brains With AD/ADRD,Assess the Brain Levels of Fibrin in Alzheimer's Disease and Its Related Dementias Subjects Using 64Cu-FBP8 PET,RECRUITING,INTERVENTIONAL,PHASE1+PHASE2,DIAGNOSTIC,"Diagnostics, imaging, and biomarkers",MCI or prodromal Alzheimer’s,30,Massachusetts General Hospital,PET/MR Imaging; 64Cu-FBP8,Alzheimer Disease; Dementia of Alzheimer Type,United States,True,1,1,False,True,2022-04-20,2025-10-30,2022-03-29,2026-09-28,2026-09-28,Concentration of fibrin in the brains of ADRD subjects and healthy controls,
NCT05345509,https://clinicaltrials.gov/study/NCT05345509,A Clinical Trial to Access Pharmacokinetic Profiles and Safety of IVL3003.,"A Phase 1, Randomized, Open-Label, Exploratory, Sequential, Pharmacokinetic Single Ascending Dose Study of IVL3003 Versus Multiple Doses of Aricept (Donepezil) Tablets in Healthy Subjects",ACTIVE_NOT_RECRUITING,INTERVENTIONAL,PHASE1+PHASE2,TREATMENT,Other interventional treatment research,Mixed or not specified,62,"Inventage Lab., Inc.",Aricept Tablet; IVL3003; IVL3003,Alzheimer Disease,Australia,False,1,1,False,True,2022-04-26,2024-12-19,2023-04-01,2025-11-13,2025-11-13,AUClast of IVL3003; AUCinf of IVL3003; AUClast of Aricept,
NCT05361382,https://clinicaltrials.gov/study/NCT05361382,Head-to-Head Harmonization of Tau Tracers in Alzheimer's Disease,Longitudinal Multicenter Head-to-Head Harmonization of Tau PET Tracers,ACTIVE_NOT_RECRUITING,INTERVENTIONAL,PHASE1,DIAGNOSTIC,"Diagnostics, imaging, and biomarkers",MCI or prodromal Alzheimer’s,822,Tharick Pascoal,18F-Flortaucipir radiopharmaceutical; 18F-MK-6240 radiopharmaceutical; Amyloid-β radiopharmaceutical (11C-PiB or 18F-Florbetaben or 18F-NAV-4694 or 18F-Flutemetamol),Alzheimer Disease,Canada; Spain; United States,True,3,9,True,True,2022-05-04,2025-10-29,2022-03-02,2027-05-31,2027-05-31,Cross-sectional tau PET uptake values; Longitudinal change in tau PET uptake values over 18 months,
NCT05372159,https://clinicaltrials.gov/study/NCT05372159,Vanderbilt Memory and Aging Project,Vanderbilt Memory and Aging Project,RECRUITING,OBSERVATIONAL,NOT_APPLICABLE,,"Diagnostics, imaging, and biomarkers",Preclinical or elevated-risk,1000,Vanderbilt University Medical Center,"none, observational study","Alzheimer Disease; Aging; Aged, 80 and Over; Biomarkers; Brain; Case-Control Studies; Cognitive Dysfunction; Neuropsychological Tests",United States,True,1,1,False,True,2022-05-12,2025-08-06,2012-09-17,2026-12-31,2026-12-31,White matter hyperintensities Volume; Grey Matter Volume; Cerebral Blood Flow,
NCT05372172,https://clinicaltrials.gov/study/NCT05372172,Tennessee Alzheimer's Project,Tennessee Alzheimer's Project,RECRUITING,OBSERVATIONAL,NOT_APPLICABLE,,"Care, behavior, and quality of life",Preclinical or elevated-risk,1000,Vanderbilt University Medical Center,"none, observational study",Aging; Alzheimer Disease; Biomarker; Cognitive Dysfunction; Mild Cognitive Impairment; Dementia; Cognition,United States,True,1,1,False,True,2022-05-12,2026-02-05,2021-10-27,2030-03-31,2030-03-31,Cognitive status; APOE Genotype; White matter hyperintensities Volume,
NCT05374278,https://clinicaltrials.gov/study/NCT05374278,First-in-Human Evaluation of an Astrocytic Glutamate Transporter (EAAT2) PET Tracer in Dementia,First-in-Human Evaluation of an Astrocytic Glutamate Transporter (EAAT2) PET Tracer in the Brains of Healthy Controls and Patients With Dementia.,RECRUITING,INTERVENTIONAL,PHASE1+PHASE2,DIAGNOSTIC,"Care, behavior, and quality of life",Care partners or care systems,102,David Wilson,[18F]RP-115 PET/MRI or PET/CT and MRI,Alzheimer Disease; Frontotemporal Dementia; Dementia,United States,True,1,1,False,True,2022-05-16,2025-04-17,2021-11-02,2027-04-03,2027-05-31,Safety of Administered dose; Dosimetry of [18F]RP-115; Biodistribution of [18F]RP-115,
NCT05375292,https://clinicaltrials.gov/study/NCT05375292,Evaluation of the Impact of Prehabilitation on Recovery Following Open Surgery for Abdominal Aortic Aneurysm,Efficacy of Pre-Operative Prehabilitation in Patients Undergoing Open Surgery for Abdominal Aortic Aneurysm,RECRUITING,INTERVENTIONAL,NA,SUPPORTIVE_CARE,"Care, behavior, and quality of life",Mixed or not specified,60,"University Hospital, Toulouse",PREHABILITATION,Abdominal Aortic Aneurysm,France,False,1,1,False,True,2022-05-16,2024-07-18,2022-12-06,2025-06,2025-06,functional WHODAS 2.0 score; functional WHODAS 2.0 score,
NCT05393388,https://clinicaltrials.gov/study/NCT05393388,Tau Pet Imaging in the Aging Brain Cohort Dedicated to Diversity Study,Tau Pet Imaging in the Aging Brain Cohort Dedicated to Diversity Study,ACTIVE_NOT_RECRUITING,OBSERVATIONAL,NOT_APPLICABLE,,"Diagnostics, imaging, and biomarkers",Preclinical or elevated-risk,111,University of Pennsylvania,[18F]AV-1451,Cognitive Decline; Alzheimer Disease,United States,True,1,1,False,True,2022-05-26,2025-11-26,2022-07-06,2027-05,2027-05,Uptake of [18F]AV-1451 in the medial temporal lobe; Volume of medial temporal lobe subregion; Thickness of medial temporal lobe subregion,
NCT05395624,https://clinicaltrials.gov/study/NCT05395624,"Safety, PK and Biodistribution of 18F-OP-801 in Patients With ALS, AD, MS, PD and Healthy Volunteers","A Phase 1/2 Study to Evaluate Safety, PK and Biodistribution of an Imaging Agent, 18F-OP-801, After Intravenous Administration to Patients With ALS, Alzheimer's Disease, Multiple Sclerosis, Parkinson's Disease and Healthy Volunteers",RECRUITING,INTERVENTIONAL,PHASE1+PHASE2,DIAGNOSTIC,"Diagnostics, imaging, and biomarkers",Early Alzheimer’s disease,65,"Ashvattha Therapeutics, Inc.",18F-OP-801,Amyotrophic Lateral Sclerosis (ALS); Parkinson Disease (PD); Alzheimer Disease (AD); Multiple Sclerosis (MS),United States,True,1,3,False,True,2022-05-27,2025-05-02,2023-02-02,2026-01-01,2026-05-01,The number of participants with treatment emergent adverse events (Safety and Tolerability),
NCT05397639,https://clinicaltrials.gov/study/NCT05397639,Masupirdine for the Treatment of Agitation in Dementia of the Alzheimer's Type,"A Phase 3, Double-Blind, Randomized, Placebo-Controlled, Parallel Group, Multicenter Study to Evaluate the Efficacy, Safety, Tolerability, and Pharmacokinetics of Masupirdine (SUVN-502) for the Treatment of Agitation in Participants With Dementia of the Alzheimer's Type",RECRUITING,INTERVENTIONAL,PHASE3,TREATMENT,"Care, behavior, and quality of life",Care partners or care systems,375,Suven Life Sciences Limited,Masupirdine 50 mg; Masupirdine 100 mg; Placebo,Agitation; Alzheimer's Type Dementia,Croatia; Poland; Serbia; United States,True,4,44,True,True,2022-05-31,2026-01-12,2022-11-01,2026-12,2026-12,Cohen-Mansfield Agitation Inventory (CMAI),
NCT05400330,https://clinicaltrials.gov/study/NCT05400330,Long-Term Follow-up of Gene Therapy for APOE4 Homozygote Alzheimer's Disease,Long-Term Follow-Up to Evaluate the Safety of LX1001 in Participants With APOE4 Homozygote Alzheimer's Disease,ACTIVE_NOT_RECRUITING,INTERVENTIONAL,PHASE1,TREATMENT,"Diagnostics, imaging, and biomarkers",Mixed or not specified,10,Lexeo Therapeutics,LX1001,Alzheimer Disease,United States,True,1,2,False,True,2022-06-01,2025-07-01,2023-05-08,2028-11,2028-11,Incidence of treatment emergent adverse events; Incidence of serious adverse events,
NCT05405075,https://clinicaltrials.gov/study/NCT05405075,Arizona Alzheimer's Disease Research Center (ADRC),Arizona Alzheimer's Disease Research Center (ADRC),RECRUITING,OBSERVATIONAL,NOT_APPLICABLE,,"Diagnostics, imaging, and biomarkers",MCI or prodromal Alzheimer’s,550,Banner Health,,Alzheimer Disease,United States,True,1,5,False,True,2022-06-06,2024-08-19,2021-10-01,2026-06-30,2026-06-30,Cognitive Status,
NCT05413655,https://clinicaltrials.gov/study/NCT05413655,A Study of Oral EX039 in Subjects with Mild Alzheimer's Disease,"A Phase 2, Randomized, Double Blind, Placebo-Controlled Study of Oral EX039 As Add-on to Acetylcholine Esterase Inhibitors in Subjects with Mild Alzheimer's Disease",RECRUITING,INTERVENTIONAL,PHASE2,TREATMENT,Other interventional treatment research,Care partners or care systems,120,Excelsior,EX039; Placebo,Alzheimer Disease,Taiwan,False,1,1,False,True,2022-06-10,2025-02-26,2022-08-08,2026-12-31,2027-02,Change in Alzheimer's Disease Assessment Scale-cognitive; Change in Clinical Dementia Rating-Sum of Boxes,
NCT05417555,https://clinicaltrials.gov/study/NCT05417555,Low Intensity Focused Ultrasound for Mild Cognitive Impairment and Mild Alzheimer's Disease,Modulation of Hippocampal Circuitry and Memory Function With Focused Ultrasound in Amnestic MCI,RECRUITING,INTERVENTIONAL,NA,TREATMENT,"Diagnostics, imaging, and biomarkers",MCI or prodromal Alzheimer’s,144,"University of California, Los Angeles",Low-Intensity Focused Ultrasound Pulsation (LIFUP),Mild Cognitive Impairment; Amnestic Mild Cognitive Disorder; Deep Brain Stimulation; Mild Alzheimer's Disease,United States,True,1,1,False,True,2022-06-14,2026-04-16,2022-09-01,2026-07-31,2026-07-31,Change in Perfusion Arterial Spin Labeling (ASL) fMRI Signal throughout Brain; Changes in BOLD-related functional connectivity from baseline in fMRI brain scan to 40 minutes.,
NCT05421728,https://clinicaltrials.gov/study/NCT05421728,Effectiveness of Engaging in Advance Care Planning Talks (ENACT) Group Visits in Primary Care for Older Adults With and Without Alzheimer's Disease,Effectiveness of Engaging in Advance Care Planning Talks (ENACT) Group Visits in Primary Care for Older Adults With and Without Alzheimer's Disease,ACTIVE_NOT_RECRUITING,INTERVENTIONAL,NA,PREVENTION,Other interventional treatment research,Care partners or care systems,516,"University of Colorado, Denver",ENACT group visit; Mailed Resources,Advance Care Planning; Primary Health Care,United States,True,1,8,False,True,2022-06-16,2025-09-26,2022-07-26,2027-05-01,2027-05-01,Number of Participants with New Advanced Care Planning (ACP) documentation in their electronic health record at 6 Months,
NCT05446805,https://clinicaltrials.gov/study/NCT05446805,Depression and Driving,The Impact of Depression and Preclinical Alzheimer Disease on Driving Among Older Adults (Depression and Driving),RECRUITING,OBSERVATIONAL,NOT_APPLICABLE,,"Diagnostics, imaging, and biomarkers",Preclinical or elevated-risk,150,Washington University School of Medicine,F 18 AV-1451 (Flortaucipir); [11C]-Pittsburgh Compound B ([11C]PiB),Depression; Drive,United States,True,1,1,False,True,2022-07-07,2026-06-08,2021-06-17,2027-06-17,2027-12-17,Latitude via DRIVES chip; Longitude via DRIVES chip; Vehicle Speed via DRIVES chip,
NCT05456503,https://clinicaltrials.gov/study/NCT05456503,PET Imaging Tau Accumulation in FTLD and Atypical Alzheimer's Using [18F]-PI-2620,Imaging Tau Accumulation in FTLD and Atypical Alzheimer's Disease Using the PET Ligand [18F]-PI-2620,RECRUITING,INTERVENTIONAL,PHASE3,DIAGNOSTIC,"Care, behavior, and quality of life",Preclinical or elevated-risk,72,University of Pennsylvania,[18F]-PI-2620,Frontotemporal Lobar Degeneration; Alzheimer Disease; Cognitively Normal,United States,True,1,1,False,True,2022-07-13,2025-11-04,2022-09-19,2028-08,2028-08,Whole brain SUVR; Regional brain SUVR,
NCT05457998,https://clinicaltrials.gov/study/NCT05457998,BioFINDER-Brown: Examination of Alzheimer's Disease Biomarkers,BioFINDER-Brown: Examination of Alzheimer's Disease Biomarkers,ENROLLING_BY_INVITATION,OBSERVATIONAL,NOT_APPLICABLE,,"Diagnostics, imaging, and biomarkers",Preclinical or elevated-risk,200,Butler Hospital,Flutemetamol F18 Injection; [18F]-RO6958948 Injection; [18F]-MK-6240 Injection,Alzheimer Disease; Mild Cognitive Impairment; Dementia,United States,True,1,1,False,True,2022-07-14,2024-12-17,2023-06-14,2028-06,2028-06,Rate of change in plasma biomarkers; Rate of change in cerebral amyloid pathology; Rate of change in Tau PET measures,
NCT05460143,https://clinicaltrials.gov/study/NCT05460143,Optical Neuroimaging and Cognition,Wearable Optical Monitoring of Brain Function in Healthy Adults and People With Dementia,RECRUITING,OBSERVATIONAL,NOT_APPLICABLE,,"Care, behavior, and quality of life",MCI or prodromal Alzheimer’s,200,University of Cambridge,Near-infrared Spectroscopy scan; Magnetic Resonance Imaging scan,Dementia With Lewy Bodies; Alzheimer Disease; Mild Cognitive Impairment,United Kingdom,False,1,1,False,True,2022-07-15,2025-04-10,2023-05-01,2025-09-01,2025-09-01,Brain oxygenation; Brain metabolism; Cognitive behavioural data,
NCT05464368,https://clinicaltrials.gov/study/NCT05464368,R21 Roche: 3-Way Tau Tracers in AD,"Comparison of 18F-RO948, 18F-MK6240, and 18F-GTP1 Radiopharmaceuticals in Patients With Alzheimer Disease and Older Controls",ACTIVE_NOT_RECRUITING,INTERVENTIONAL,PHASE1,DIAGNOSTIC,"Diagnostics, imaging, and biomarkers",Preclinical or elevated-risk,38,Washington University School of Medicine,[18F]RO-948; 18F-MK6240; 18F-GTP1,Alzheimer Disease,United States,True,1,1,False,True,2022-07-19,2026-05-08,2023-02-01,2027-06,2027-06,"Amyloid positivity of patients with Alzheimer disease or positive memory or thinking problem CDR assessment compared to amyloid negative older healthy controls.; Imaging capability of 18F-RO948, 18F-MK6240 and 18F-GTP1 in patients with Alzheimer disease or positive memory or thinking problem CDR assessment, and amyloid negative older healthy controls, as compared to 18F-AV1451.; Correlation between imaging capability of 18F-RO948, 18F-MK6240 and 18F-GTP1 and amyloid positivity of patients with Alzheimer disease or positive memory or thinking problem CDR assessment compared to amyloid negative older healthy controls.",
NCT05468905,https://clinicaltrials.gov/study/NCT05468905,China Longitudinal Aging and Cognitive Impairment Study,China Longitudinal Aging and Cognitive Impairment Study,RECRUITING,OBSERVATIONAL,NOT_APPLICABLE,,"Care, behavior, and quality of life",Preclinical or elevated-risk,4000,"Second Affiliated Hospital, School of Medicine, Zhejiang University",None of intervention,Aging; Mild Cognitive Impairment; Alzheimer Disease; Neurodegeneration,China,False,1,2,False,True,2022-07-21,2022-07-21,2021-01-10,2025-12,2026-12,"Prevalence, incidence of cognitive impairment caused by neurological disease such as AD, VCI and other types of dementia; The conversion rate of normal aging to SCI, MCI and AD; The fluid biomarkers for normal aging, SCI, MCI and AD diagnosis",
NCT05469009,https://clinicaltrials.gov/study/NCT05469009,Safety and Feasibility of Exablate Blood-Brain Barrier Disruption for Mild Cognitive Impairment or Mild Alzheimer's Disease Undergoing Standard of Care Monoclonal Antibody (mAb) Therapy,Assessment of Safety and Feasibility of Exablate Blood-Brain Barrier Disruption for the Treatment of Patients With With Mild Cognitive Impairment (MCI) or Mild Alzheimer's Disease (AD) Undergoing Standard of Care Monoclonal Antibody (mAb) Therapy,ACTIVE_NOT_RECRUITING,INTERVENTIONAL,EARLY_PHASE1,DEVICE_FEASIBILITY,Devices and brain stimulation,Care partners or care systems,15,Ali Rezai,Aducanumab; Exablate Model 4000 Type 2; Lecanemab,Mild Cognitive Impairment; Alzheimer Disease 1,United States,True,1,1,False,True,2022-07-21,2026-01-22,2022-07-14,2029-07,2029-07,Treatment intervention related adverse events; Treatment intervention related serious adverse events,
NCT05469360,https://clinicaltrials.gov/study/NCT05469360,"Study of Safety, Tolerability, Pharmacodynamics and Pharmacokinetics of NIO752 in Early Alzheimer's Disease Participants","A Randomized, Participant and Investigator Blinded, Placebo-Controlled Study to Evaluate the Ability of a Single Intrathecally Administered Dose of NIO752 to Lower Cerebrospinal Fluid Total Tau Levels in Participants With Early Alzheimer's Disease",ACTIVE_NOT_RECRUITING,INTERVENTIONAL,PHASE1,TREATMENT,"Diagnostics, imaging, and biomarkers",Care partners or care systems,38,Novartis Pharmaceuticals,NIO752; NIO752; Matching placebo; NIO752; NIO752; NIO752; Matching placebo,Alzheimer Disease; Mild Cognitive Impairment,Finland; France; Spain; Sweden,False,4,10,True,True,2022-07-21,2026-06-01,2023-02-23,2026-07-30,2027-09-24,Change in cerebrospinal total tau from baseline to Day 85,
NCT05479552,https://clinicaltrials.gov/study/NCT05479552,A Diagnostic Test for Dementia With Lewy Bodies,A Diagnostic Test for Dementia With Lewy Bodies,ACTIVE_NOT_RECRUITING,OBSERVATIONAL,NOT_APPLICABLE,,"Diagnostics, imaging, and biomarkers",MCI or prodromal Alzheimer’s,80,CND Life Sciences,Syn-One Test,"MCI-AD, Early Stage Alzheimer's Disease; MCI-DLB, Early Stage Dementia With Lewy Bodies",United States,True,1,12,False,True,2022-07-29,2025-01-15,2022-08-15,2025-09-28,2025-10-31,This is a prospective longitudinal study of individuals with neurodegenerative DLB and AD disorders to improve the diagnostic precision and utility of the Syn-One TestTM.; This is a prospective longitudinal study of individuals with neurodegenerative DLB and AD disorders to improve the diagnostic precision and utility of the Syn-One TestTM.,
NCT05507905,https://clinicaltrials.gov/study/NCT05507905,Effects of Dance and Music Appreciation on Brain Health and Fitness in People at Risk for Alzheimer's Disease,Establishing the Optimal Frequency of Dance Movement for Neurocognitive and Physical Outcomes in People at Risk of Alzheimer's Disease,ACTIVE_NOT_RECRUITING,INTERVENTIONAL,NA,PREVENTION,"Diagnostics, imaging, and biomarkers",Preclinical or elevated-risk,165,Wake Forest University Health Sciences,Music; Dance Classes,Alzheimer Disease,United States,True,1,1,False,True,2022-08-19,2026-03-17,2023-04-24,2027-03-31,2027-03-31,Peak Oxygen Consumption (VO2); Peak Oxygen Consumption (VO2); Peak Oxygen Consumption (VO2),
NCT05508841,https://clinicaltrials.gov/study/NCT05508841,Understanding How Alzheimer's Disease Impacts the Therapeutic Response to Transcranial Direct Current Stimulation,Understanding How Alzheimer's Disease Impacts the Therapeutic Response to Transcranial Direct Current Stimulation,RECRUITING,INTERVENTIONAL,NA,TREATMENT,Lifestyle and multidomain,Moderate or later dementia,42,Baycrest,tDCS and Cognitive Training,Alzheimer Disease,Canada,False,1,1,False,True,2022-08-19,2024-08-13,2022-09-01,2025-12-31,2026-12-31,N-Back,
NCT05509387,https://clinicaltrials.gov/study/NCT05509387,Investigating if a Stronger tDCS Intensity is More Effective for Improving Naming Ability in People Living With Alzheimer's Disease,Investigating if a Stronger tDCS Intensity is More Effective for Improving Naming Ability in People Living With Alzheimer's Disease,RECRUITING,INTERVENTIONAL,NA,TREATMENT,Devices and brain stimulation,Moderate or later dementia,42,Baycrest,transcranial direct current stimulation and naming training,Alzheimer Disease,Canada,False,1,1,False,True,2022-08-22,2024-08-13,2022-09-01,2025-12-31,2026-12-31,Naming Training,
NCT05516667,https://clinicaltrials.gov/study/NCT05516667,Cohort of Patients with Alzheimer's Disease and Their Families.,Pilot Phase of a Prospective Cohort of Patients with Alzheimer's Disease and Their Families,RECRUITING,OBSERVATIONAL,NOT_APPLICABLE,,"Care, behavior, and quality of life",Care partners or care systems,1000,"University Hospital, Toulouse",,Alzheimer Disease,France,False,1,4,False,True,2022-08-25,2024-12-19,2023-04-06,2026-06-01,2027-01-01,Recruitment rate; Retention rate,
NCT05531526,https://clinicaltrials.gov/study/NCT05531526,"Phase 3, Double-blind, Randomized, Placebo-controlled Trial to Evaluate the Efficacy and Safety of AR1001 in Participants With Early Alzheimer's Disease (Polaris-AD)","A Phase 3 Double-blind, Randomized, Placebo-controlled, Multi-center Trial to Evaluate the Efficacy and Safety of AR1001 Over 52 Weeks in Participants With Early Alzheimer's Disease (Polaris-AD)",ACTIVE_NOT_RECRUITING,INTERVENTIONAL,PHASE3,TREATMENT,Other interventional treatment research,Care partners or care systems,1535,"AriBio Co., Ltd.",AR1001; Placebo,Alzheimer Disease,Canada; China; Czechia; Denmark; France; Germany; Italy; Netherlands; Poland; South Korea; Spain; United Kingdom; United States,True,13,198,True,True,2022-09-08,2025-10-02,2022-12-23,2026-05,2027-12,Clinical Dementia Rating Scale - Sum of Boxes (CDR-SB),
NCT05531656,https://clinicaltrials.gov/study/NCT05531656,A Study to Evaluate the Safety and Efficacy of CT1812 in Early Alzheimer's Disease,"Synaptic Therapy Alzheimer's Research Trial (START): A Randomized, Double-Blind, Placebo-Controlled, Parallel-Group Trial to Evaluate the Safety and Efficacy of CT1812 in Early Alzheimer's Disease Over 18 Months.",ACTIVE_NOT_RECRUITING,INTERVENTIONAL,PHASE2,TREATMENT,Synapses and neuronal communication,Preclinical or elevated-risk,540,Cognition Therapeutics,CT1812; Placebo,Early Alzheimer's Disease,United States,True,1,50,False,True,2022-09-08,2025-09-22,2023-06-28,2027-04,2027-04,Change from baseline in the Clinical Dementia Rating Scale Sum of Boxes (CDR-SB) scale.,
NCT05534607,https://clinicaltrials.gov/study/NCT05534607,Natives Engaged in Alzheimers Research - 'Ike Kupuna,Natives Engaged in Alzheimers Research - 'Ike Kupuna (Elder Wisdom) Project,RECRUITING,INTERVENTIONAL,NA,PREVENTION,Vascular and blood-brain barrier,Subjective cognitive concerns,192,University of Hawaii,Ola Mau i ka Hula,Mild Cognitive Impairment; Subjective Cognitive Impairment,United States,True,1,3,False,True,2022-09-09,2024-08-01,2022-09-15,2025-06-15,2027-04-30,Change in participants' systolic blood pressure at each time frame from baseline; Change in participants' Hemoglobin A1c at each time frame from baseline; Change in participants' total cholesterol at each time frame from baseline,
NCT05543681,https://clinicaltrials.gov/study/NCT05543681,Clinical Trial on Agitation in Alzheimer's Dementia,"A Phase 2, Multicenter, Double-Blind, Randomized, Placebo-Controlled, Trial of the Safety and Efficacy of IGC-AD1 on Agitation in Participants With Dementia Due to Alzheimer's Disease",RECRUITING,INTERVENTIONAL,PHASE2,TREATMENT,"Care, behavior, and quality of life",Care partners or care systems,164,"IGC Pharma, LLC",IGC-AD1-Active; IGC-AD1-Placebo,"Alzheimer Disease; Agitation,Psychomotor; Care Giving Burden; NPS; Aggression",Canada; Colombia; Puerto Rico; United States,True,4,31,True,True,2022-09-16,2026-05-20,2022-10-11,2026-08,2026-08,Agitation,
NCT05550727,https://clinicaltrials.gov/study/NCT05550727,The PorchLight Project,The PorchLight Project,ACTIVE_NOT_RECRUITING,INTERVENTIONAL,NA,SUPPORTIVE_CARE,"Care, behavior, and quality of life",Care partners or care systems,342,University of Minnesota,PorchLight,Memory Loss; Alzheimer Disease; Dementia,United States,True,1,1,False,True,2022-09-22,2025-12-17,2022-09-23,2026-10-30,2026-10-30,Change in Volunteer Competence [Volunteers only]; Change in De Jong Gierveld Scale [Clients only]; Change in Patient-Reported Outcomes Measurement Information System Global Health Scale [All participants],
NCT05556395,https://clinicaltrials.gov/study/NCT05556395,Global Blood-Brain Barrier Disruption and Post-Stroke Cognitive Decline,Global Blood-Brain Barrier Disruption and Post-Stroke Cognitive Decline,RECRUITING,OBSERVATIONAL,NOT_APPLICABLE,,"Care, behavior, and quality of life",Mixed or not specified,150,Johns Hopkins University,,Ischemic Stroke,United States,True,1,1,False,True,2022-09-27,2025-09-29,2022-04-01,2027-04-01,2027-04-01,Change in Cognition (Cognitive Decline),
NCT05558709,https://clinicaltrials.gov/study/NCT05558709,Social-cognitive Functioning: Validation of a New Neuropsychological Test,Social-cognitive Functioning: Validation of a New Neuropsychological Test and Prediction of Social Behavioural Disorders in Daily Life,RECRUITING,INTERVENTIONAL,NA,OTHER,"Care, behavior, and quality of life",Care partners or care systems,120,Assistance Publique - Hôpitaux de Paris,REALSOCOG; BCS; Hetero-questionnaires,Alzheimer's Disease (AD); Lewy Body Dementia (LBD); Frontotemporal Degeneration (FTD),France,False,1,1,False,True,2022-09-28,2026-03-13,2026-02-04,2029-02-04,2030-02-04,rate of inappropriate behavioural intentions,
NCT05561205,https://clinicaltrials.gov/study/NCT05561205,rTMS for Apathy Clinical Trial,Repetitive Transcranial Magnetic Stimulation for Apathy Clinical Trial (REACT),RECRUITING,INTERVENTIONAL,NA,TREATMENT,"Diagnostics, imaging, and biomarkers",Care partners or care systems,10,Sunnybrook Health Sciences Centre,rTMS; methylphenidate,Alzheimer Disease; Apathy in Dementia; Dementia; Mild Behavioural Impairment; Mild Cognitive Impairment; Neurocognitive Disorders,Canada,False,1,1,False,True,2022-09-30,2026-04-13,2023-02-09,2026-12-01,2026-12-01,Neuropsychiatric Inventory-apathy,
NCT05564169,https://clinicaltrials.gov/study/NCT05564169,Masitinib in Patients With Mild Alzheimer's Disease,"A Multicenter, Randomized, Double-blind, Placebo-controlled, Parallel-group Phase 3 Clinical Trial to Evaluate the Safety and Efficacy of Masitinib as add-on Therapy in Patients With Mild Alzheimer's Disease, Treated With Standard of Care",NOT_YET_RECRUITING,INTERVENTIONAL,PHASE3,TREATMENT,Synapses and neuronal communication,Care partners or care systems,600,AB Science,Placebo; Masitinib (4.5); Standard of care,Alzheimer Disease,France; Spain,False,2,9,True,True,2022-10-03,2025-10-03,2026-06,2028-12,2029-12,Absolute change from baseline in iADRS score at week 24,
NCT05565833,https://clinicaltrials.gov/study/NCT05565833,Sleep Healthy Using the Internet Mitigating Insomnia to Address Neurocognitive Difficulties (SHUTi MIND),Internet-based Insomnia Intervention to Prevent Cognitive Decline in Older Adults With Mild Cognitive Impairment (SHUTi MIND),RECRUITING,INTERVENTIONAL,PHASE2,TREATMENT,"Care, behavior, and quality of life",MCI or prodromal Alzheimer’s,144,University of Virginia,SHUTi OASIS; Patient Education,"Insomnia; Cognitive Dysfunction; Mild Cognitive Impairment; Sleep Initiation and Maintenance Disorders; Sleep Disorders, Intrinsic; Dyssomnias; Sleep Wake Disorders; Nervous System Diseases; Alzheimer Disease",United States,True,1,1,False,True,2022-10-04,2024-05-08,2023-02-27,2028-01,2028-01,Insomnia Severity Index,
NCT05573490,https://clinicaltrials.gov/study/NCT05573490,Lifestyle Interventions for the Treatment of Early Onset Alzheimer's Disease Study,Lifestyle Interventions for the Treatment of Early Onset Alzheimer's Disease Study,RECRUITING,INTERVENTIONAL,NA,SUPPORTIVE_CARE,Lifestyle and multidomain,Mixed or not specified,60,Indiana University,Cognitive Training; Tai Chi- Qi Gong; Brain Games; Stretching,"Alzheimer Disease, Early Onset",United States,True,1,1,False,True,2022-10-10,2026-05-06,2024-01-11,2028-06,2028-06,"Performance on CANTAB Connect computerized Memory Composite immediately post-intervention, after controlling for baseline performance; Performance on CANTAB Connect computerized Executive Composite immediately post-intervention, after controlling for baseline performance; Performance on CANTAB Connect computerized Memory Composite 26 weeks after intervention, after controlling for baseline performance",
NCT05574634,https://clinicaltrials.gov/study/NCT05574634,The Role of the Locus Coeruleus in Age-related Distractibility,Losing Specificity: the Role of the Locus Coeruleus in Age-related Distractibility,RECRUITING,INTERVENTIONAL,NA,BASIC_SCIENCE,Lifestyle and multidomain,Moderate or later dementia,200,Virginia Polytechnic Institute and State University,Tablet based adaptive multimodal attention practice program; Tablet based adaptive criterion task practice program,Aging; Alzheimer Disease,United States,True,1,1,False,True,2022-10-10,2025-08-19,2023-04-11,2027-06-30,2027-06-30,Change in accuracy on the place-face selective attention task after two weeks; Change in fMRI LC-SN connectivity after two weeks,
NCT05575271,https://clinicaltrials.gov/study/NCT05575271,Implantable Vagus Nerve Stimulation Modulation of Coeruleus-Norepinephrine Network for Mild-Moderate AD Patients,Implantable Vagus Nerve Stimulation Modulation of Coeruleus-Norepinephrine Network for Mild-Moderate AD Patients,NOT_YET_RECRUITING,INTERVENTIONAL,NA,TREATMENT,"Diagnostics, imaging, and biomarkers",Moderate or later dementia,6,"Xuanwu Hospital, Beijing",Vagus Nerve Stimulation Modulation of the Coeruleus-Norepinephrine Network,Alzheimer Disease,China,False,1,1,False,True,2022-10-12,2022-10-12,2022-11-01,2026-09-01,2026-12-31,Alzheimer's Disease Assessment Scale-Cognitive Subscale (ADAS-Cog),
NCT05579236,https://clinicaltrials.gov/study/NCT05579236,Cortical Disarray Measurement in Mild Cognitive Impairment and Alzheimer's Disease,An Observational Longitudinal Cohort Study to Investigate Cortical Disarray Measurement in Mild Cognitive Impairment and Alzheimer's Disease,ACTIVE_NOT_RECRUITING,OBSERVATIONAL,NOT_APPLICABLE,,"Diagnostics, imaging, and biomarkers",MCI or prodromal Alzheimer’s,400,University Hospital Southampton NHS Foundation Trust,,Mild Cognitive Impairment; Alzheimer Disease; Dementia,United Kingdom,False,1,3,False,True,2022-10-13,2026-05-07,2022-09-28,2026-09,2026-09,CDR Progression,
NCT05582200,https://clinicaltrials.gov/study/NCT05582200,Selective PET Imaging of Astrocytes and Microglia in Alzheimer's Disease,Selective PET Imaging of Astrocytes and Microglia in Alzheimer's Disease,RECRUITING,OBSERVATIONAL,NOT_APPLICABLE,,"Diagnostics, imaging, and biomarkers",MCI or prodromal Alzheimer’s,71,The Methodist Hospital Research Institute,Positron Emission Tomography (PET) using 11C-ER176 for TSPO and 18F-SMBT1 for MAO-B,Alzheimer Disease; Healthy,United States,True,1,1,False,True,2022-10-17,2026-04-06,2023-01-20,2027-10-31,2028-10-31,The level of monoamine oxidase-B; The level of translocator protein,
NCT05586750,https://clinicaltrials.gov/study/NCT05586750,Statins in Reducing Events in the Elderly Mind (STAREE-Mind) Imaging Substudy,Clinical Trial to Determine the Effects of Statins on Brain Health - STAREE-Mind Imaging Substudy,ACTIVE_NOT_RECRUITING,INTERVENTIONAL,PHASE4,PREVENTION,"Diagnostics, imaging, and biomarkers",Mixed or not specified,341,Monash University,Atorvastatin 40 Mg Oral Tablet; Placebo,"Dementia, Mixed; Dementia, Vascular; Dementia of Alzheimer Type; Cognitive Decline; White Matter Hyperintensity; Aging; Neuro-Degenerative Disease",Australia,False,1,2,False,True,2022-10-19,2025-05-22,2019-09-19,2026-09,2026-09,Free water; White matter hyperintensity volume,
NCT05591027,https://clinicaltrials.gov/study/NCT05591027,Safety and Target Engagement of Centella Asiatica in Cognitive Impairment,Safety and Target Engagement of Centella Asiatica in Cognitive Impairment,RECRUITING,INTERVENTIONAL,PHASE1,TREATMENT,"Metabolism, insulin signaling, and cellular energy",Care partners or care systems,48,Oregon Health and Science University,Centella asiatica product; Placebo,Mild Cognitive Impairment; Alzheimer's Disease,United States,True,1,1,False,True,2022-10-24,2025-04-11,2022-12-01,2025-11-30,2026-03-31,Change from baseline in brain N-acetylaspartate (NAA) to creatine (Cr) metabolite ratio (NAA/Cr) after 6 weeks on intervention.,
NCT05592366,https://clinicaltrials.gov/study/NCT05592366,Dementia Care Partner Hospital Assessment Tool,Adapting and Testing the Care Partner Hospital Assessment Tool for Use in Dementia Care,RECRUITING,INTERVENTIONAL,NA,SUPPORTIVE_CARE,"Care, behavior, and quality of life",Care partners or care systems,128,"University of Wisconsin, Madison",Care Partner Hospital Assessment Tool,Alzheimer Disease; Dementia,United States,True,1,1,False,True,2022-10-24,2025-08-14,2024-04-02,2027-05,2027-05,Change in Preparedness for Caregiving; Care partner satisfaction of care,
NCT05592678,https://clinicaltrials.gov/study/NCT05592678,δ in Dementia Clinical Trials,Novel Methods for Clinical Trials in Dementia and Cognitive Decline,RECRUITING,INTERVENTIONAL,NA,OTHER,"Care, behavior, and quality of life",Care partners or care systems,200,The University of Texas Health Science Center at San Antonio,Donepezil,Alzheimer's Disease (AD); Dementia; Cognitive Decline; Mild Cognitivie Impairment (MCI),United States,True,1,1,False,True,2022-10-25,2026-05-05,2024-08-05,2028-11-30,2028-11-30,dTEL change,
NCT05597124,https://clinicaltrials.gov/study/NCT05597124,Exercise to Improve Brain Health in Older African Americans,Determinants of Individual Differences in the Efficacy of Aerobic Exercise to Improve Brain Health and Reduce Alzheimer's Disease Risk in Older African Americans,RECRUITING,INTERVENTIONAL,PHASE2,PREVENTION,"Diagnostics, imaging, and biomarkers",Moderate or later dementia,280,"Rutgers, The State University of New Jersey","Cardio-Dance Fitness; Strength, Flexibility & Balance",Aging; Alzheimer Disease; Healthy Aging; Cognitive Change,United States,True,1,1,False,True,2022-10-27,2026-02-20,2023-04-20,2027-06-01,2027-08-31,Generalization Performance on the Concurrent Discrimination and Transfer Task; Generalization Performance on the Acquired Equivalence Task; Medial Temporal Lobe Neural Flexibility,
NCT05597410,https://clinicaltrials.gov/study/NCT05597410,Shanghai At Risk for Alzheimer's Disease: a Cohort Study,Shanghai At Risk for Alzheimer's Disease: a Cohort Study,RECRUITING,OBSERVATIONAL,NOT_APPLICABLE,,"Diagnostics, imaging, and biomarkers",Preclinical or elevated-risk,3418,Ruijin Hospital,,Alzheimer Disease; Dementia; Neurodegenerative Diseases; Cognitive Impairment; Neurocognitive Disorders,China,False,1,1,False,True,2022-10-28,2022-10-28,2022-03-01,2029-03,2030-03,Incidence of cognitive impairment at 5 years,
NCT05606341,https://clinicaltrials.gov/study/NCT05606341,Innate Immunity Stimulation Via TLR9 in Early AD,Phase 1 Clinical Trial of Innate Immunity Stimulation Via TLR9 in Early Alzheimer's Disease (AD),RECRUITING,INTERVENTIONAL,PHASE1,TREATMENT,Devices and brain stimulation,MCI or prodromal Alzheimer’s,18,NYU Langone Health,CpG1018; CpG1018; CpG1018; Placebo,Mild Cognitive Impairment; Alzheimer Dementia,United States,True,1,1,False,True,2022-11-04,2026-01-07,2023-03-13,2026-11,2026-11,Number of Patient-Reported Adverse Events (AEs); Percentage of Participants with Rheumatoid Factor (RF) Confirmed by Autoimmunity Marker Screening Test Result; Percentage of Participants with Antinuclear Antibody (ANA) Confirmed by Autoimmunity Marker Screening Test Result,
NCT05614310,https://clinicaltrials.gov/study/NCT05614310,Detecting Early Alzheimer's Using MR,Early Detection Of Alzheimer's Disease With GlucoCEST MRI: A Feasibility Study.,RECRUITING,OBSERVATIONAL,NOT_APPLICABLE,,"Diagnostics, imaging, and biomarkers",Early Alzheimer’s disease,60,University of Aberdeen,Magnetic Resonance Imaging (MRI); Blood Glucose Assessment; Positron Emission Tomography (PET); Cognitive Assessment,Alzheimer Disease,United Kingdom,False,1,1,False,True,2022-11-14,2025-03-30,2022-11-15,2025-12-31,2025-12-31,PET glucose measurement; CEST-MRI glucose measurement; Sensitivity and specificity of CEST-MRI glucose measurements,
NCT05623124,https://clinicaltrials.gov/study/NCT05623124,Ruijin Neurobank of Alzheimer's Disease and Dementia,Neurovascular Coupling and Digital Biomarkers in Alzheimer's Disease,RECRUITING,OBSERVATIONAL,NOT_APPLICABLE,,"Diagnostics, imaging, and biomarkers",Care partners or care systems,400,Ruijin Hospital,No intervention,Dementia,China,False,1,1,False,True,2022-11-21,2024-11-25,2021-11-22,2025-10-01,2025-10-01,MMSE; Clock drawing test; Complex figure test,
NCT05629871,https://clinicaltrials.gov/study/NCT05629871,Biomarkers of Sleep-wake Cycle in Prodromal Alzheimer's Disease: Role in Cognitive Decline?,Biomarkers of Sleep-wake Cycle in Prodromal Alzheimer's Disease: Role in Cognitive Decline?,RECRUITING,INTERVENTIONAL,NA,DIAGNOSTIC,"Diagnostics, imaging, and biomarkers",MCI or prodromal Alzheimer’s,132,"University Hospital, Montpellier",Polysomnography; Neuropsychological assessment; Questionnaires on sleep and behavioural problems; Actimetry; Fractional diuresis; Internal temperature measurement; Biomarker assay,Neuropathology,France,False,1,3,False,True,2022-11-29,2025-10-07,2023-04-17,2027-07-01,2027-07-01,Change in the Free and Cued Selective Reminding Test (FCSRT) scale score,
NCT05637801,https://clinicaltrials.gov/study/NCT05637801,A Pivotal Study of Sensory Stimulation in Alzheimer's Disease (HOPE Study),"A Randomized, Double-blind, Sham-controlled Pivotal Study of Sensory Stimulation in Subjects With Alzheimer's Disease (HOPE Study)",ACTIVE_NOT_RECRUITING,INTERVENTIONAL,NA,TREATMENT,"Diagnostics, imaging, and biomarkers",Preclinical or elevated-risk,670,"Cognito Therapeutics, Inc.",Spectris™ AD - Active; Spectris™ AD - Sham,"Alzheimer Disease; Alzheimer Disease 1; Alzheimer Disease 2; Alzheimer Disease 3; Alzheimer Disease, Early Onset; Alzheimer Disease, Late Onset; Alzheimer Disease 9; Alzheimer Disease 4; Alzheimer Disease 7; Alzheimer Disease 17; Alzheimer's Dementia Late Onset; Alzheimer Disease 5; Alzheimer Disease 6; Alzheimer Disease 8; Alzheimer Disease 10; Alzheimer Disease 11; Alzheimer Disease 12; Alzheimer Disease 13; Alzheimer Disease 14; Alzheimer Disease 15; Alzheimer Disease 16; Alzheimer Disease 18; Alzheimer Disease 19; Dementia; Dementia Alzheimers; Dementia, Mild; Dementia of Alzheimer Type; Dementia Moderate; Dementia Senile; Mild Cognitive Impairment; Mild Dementia; MCI; Cognitive Impairment; Cognitive Decline; Cognitive Impairment, Mild",United States,True,1,68,False,True,2022-12-05,2026-05-05,2022-12-13,2026-06,2026-07,Integrated Alzheimer's Disease MMSE ADCS-ADL Rating Scale (iADMARS),
NCT05641688,https://clinicaltrials.gov/study/NCT05641688,[18F]PI-2620 Phase 3 Histopathological Study,"An Open-label, Non-randomized, Multi-center Pivotal Phase 3 Study to Evaluate the Efficacy and Safety of PET Imaging With [18F]PI-2620 for the Detection of Tau Deposition When Compared to Post-mortem Histopathology (ADvance)",RECRUITING,INTERVENTIONAL,PHASE3,DIAGNOSTIC,"Diagnostics, imaging, and biomarkers",Mixed or not specified,200,Lantheus Biosciences Ltd.,[18F]PI-2620,Alzheimer Disease,United States,True,1,25,False,True,2022-12-08,2026-05-22,2022-12-01,2027-06,2027-06,"Diagnostic Efficacy of the visual assessment of [18F]PI-2620 PET imaging, in correctly differentiating tau neurofibrillary pathology associated with AD (NFT Score of B0 or B1 = negative)",
NCT05642429,https://clinicaltrials.gov/study/NCT05642429,"Study of AV-1959D, an Amyloid Beta Vaccine","A Phase I, Randomized, Double-Blind Study to Evaluate Safety and Tolerability of Amyloid-β Vaccine, AV-1959D, in Patients With Early Alzheimer's Disease.",ACTIVE_NOT_RECRUITING,INTERVENTIONAL,PHASE1,TREATMENT,Amyloid-targeting approaches,MCI or prodromal Alzheimer’s,48,Institute for Molecular Medicine,AV-1959D; Placebo,Alzheimer Disease,United States,True,1,6,False,True,2022-12-08,2026-03-27,2023-02-27,2026-07-20,2026-11-07,Number of participants with Treatment-Emergent Adverse Events (TEAEs) or Serious Adverse Events (SAEs),
NCT05644262,https://clinicaltrials.gov/study/NCT05644262,Life's End Benefits of cannaBidiol and tetrahYdrocannabinol,Life's End Benefits of cannaBidiol and tetrahYdrocannabinol (LiBBY),ACTIVE_NOT_RECRUITING,INTERVENTIONAL,PHASE2,TREATMENT,"Care, behavior, and quality of life",Care partners or care systems,120,University of Southern California,T2:C100; Placebo,Agitation; Dementia,United States,True,1,10,False,True,2022-12-09,2026-05-04,2023-12-18,2026-04-30,2026-08-01,Change from Baseline in agitation as measured by the Cohen-Mansfield Agitation Inventory (CMAI) at 2 weeks,
NCT05649514,https://clinicaltrials.gov/study/NCT05649514,Sleep Impairment in Subjects at Risk of Developing Alzheimer's Disease,Objective Sleep Impairment in APOEε4/ε4 Subjects at Risk of Developing Alzheimer's Disease: Risk Factor for Cognitive Decline?,RECRUITING,INTERVENTIONAL,NA,DIAGNOSTIC,"Diagnostics, imaging, and biomarkers",Preclinical or elevated-risk,50,"University Hospital, Montpellier",Polysomnography; Neuropsychological assessment; Questionnaires on sleep and behavioural problems; Actimetrics; Biomarker assay,Neuropathology; Cognitive Decline; Sleep Disorder,France,False,1,1,False,True,2022-12-14,2025-06-27,2025-02-05,2027-08-01,2027-12-01,Change in the Alzheimer's Disease Cooperative Study - Preclinical Alzheimer Cognitive (ADCS-PACC) scale score,
NCT05655195,https://clinicaltrials.gov/study/NCT05655195,Chronic Treatment of Alzheimer's Disease by Gamma Light and Sound Therapy,Chronic Treatment of Alzheimer's Disease With Gamma Frequency Stimulation,RECRUITING,INTERVENTIONAL,NA,TREATMENT,"Diagnostics, imaging, and biomarkers",Moderate or later dementia,60,Massachusetts Institute of Technology,GENUS device (Active Settings); GENUS device (sham settings),"Alzheimer Disease; Alzheimer Disease, Early Onset; Alzheimer Disease, Late Onset; Alzheimer's Disease (Incl Subtypes); Alzheimer's; Alzheimer's Disease",United States,True,1,1,False,True,2022-12-19,2026-03-30,2022-12-14,2026-09-01,2026-09-01,Feasibility of gamma frequency stimulation as assessed by a change of gamma frequency waves during EEG; Baseline incidence of stimulation-related adverse symptoms and side effects as assessed by post-stimulation questionnaires; Mid-point incidence of stimulation-related adverse symptoms and side effects as assessed by post-stimulation questionnaires,
NCT05655650,https://clinicaltrials.gov/study/NCT05655650,Identifying Biomarkers in Alzheimer's Disease,Identifying Biomarkers in Alzheimer's Disease,RECRUITING,OBSERVATIONAL,NOT_APPLICABLE,,"Diagnostics, imaging, and biomarkers",MCI or prodromal Alzheimer’s,300,Chinese University of Hong Kong,,Neuro-Degenerative Disease; Alzheimer Disease,Hong Kong,False,1,1,False,True,2022-12-19,2022-12-19,2018-09-01,2030-12-31,2030-12-31,The score change in Hong Kong List Learn Test (HKLLT); The score change in Montreal Cognitive Assessment Hong Kong (HK-MoCA); The score change Clinical Dementia Rating (CDR),
NCT05658913,https://clinicaltrials.gov/study/NCT05658913,Tau PET/CT Imaging in the Mismatch Prospective Cohort Study (MPC-TAU),Tau PET/CT Imaging in the Mismatch Prospective Cohort Study (MPC-TAU),RECRUITING,OBSERVATIONAL,NOT_APPLICABLE,,"Diagnostics, imaging, and biomarkers",MCI or prodromal Alzheimer’s,100,University of Pennsylvania,AV-1451,Alzheimer's Disease,United States,True,1,2,False,True,2022-12-21,2025-09-05,2023-03-14,2027-12,2029-12,Clusters based on spatial pattern and extent of T-N Mismatch,
NCT05661084,https://clinicaltrials.gov/study/NCT05661084,Non-invasive Brain Stimulation for Cognitive and Motor Dysfunction in Dementia,Multifocal Transcranial Current Stimulation for Cognitive and Motor Dysfunction in Dementia,RECRUITING,INTERVENTIONAL,NA,TREATMENT,"Care, behavior, and quality of life",Care partners or care systems,144,Hebrew SeniorLife,Transcranial alternating current stimulation (tACS) (active); Transcranial direct current stimulation (tDCS) (active); Transcranial alternating current stimulation (tACS) (sham); Transcranial direct current stimulation (tDCS) (sham); Transcranial alternating current stimulation (tACS) (active); Transcranial direct current stimulation (tDCS) (sham); Transcranial alternating current stimulation (tACS) (sham); Transcranial direct current stimulation (tDCS) (active),Dementia; Memory Loss; Alzheimer Disease; Executive Dysfunction; Mobility Limitation,United States,True,1,1,False,True,2022-12-22,2026-01-12,2023-01-24,2026-12-31,2027-08-31,Change in Rey Auditory Verbal Learning Test (RAVLT) Total Recall; Change in Dual Task Cost to Gait,
NCT05667649,https://clinicaltrials.gov/study/NCT05667649,Autologous Activated Adipose-derived Stem Cells (RB-ADSC) Injected Directly Into the Brain for Mild to Moderate Alzheimer's Disease,"Ph 1, Open-Label Safety Study of Escalating Doses of Intracerebroventricular Injections of Ex Vivo Expanded, Autologous ADSCs in Participants With Mild-Moderate AD Whose Treatment is Not Addressed Adequately by Available Therapy",RECRUITING,INTERVENTIONAL,PHASE1,TREATMENT,"Diagnostics, imaging, and biomarkers",Care partners or care systems,18,"Regeneration Biomedical, Inc.",RB-ADSC,Alzheimer Disease,United States,True,1,1,False,True,2022-12-28,2025-04-04,2023-08-14,2026-08,2026-08,The safety of RB-ADSC treatment in study participants with AD,
NCT05667935,https://clinicaltrials.gov/study/NCT05667935,Cognitive Impairment Cohort Study of the Elderly Population in SheMountain,Shanghai Cognitive Impairment Study of the Elderly Population: SheMountain Cohort,NOT_YET_RECRUITING,OBSERVATIONAL,NOT_APPLICABLE,,"Diagnostics, imaging, and biomarkers",MCI or prodromal Alzheimer’s,2000,Ruijin Hospital,,Alzheimer Disease; Dementia; Neurodegenerative Diseases; Cognitive Impairment; Mild Cognitive Impairment,China,False,1,1,False,True,2022-12-29,2022-12-29,2022-12-26,2030-12-31,2031-01-31,The change of incidence of cognitive impairment,
NCT05696483,https://clinicaltrials.gov/study/NCT05696483,Phase 1 Study of OLX-07010 in Healthy Adult and Elderly Participants,"Phase 1 Randomized, Double-Blind, Single Ascending Dose, Multiple Ascending Dose, and Food Effect Study of the Safety, Tolerability, and Pharmacokinetics of OLX-07010 in Healthy Adult and Elderly Participants",ACTIVE_NOT_RECRUITING,INTERVENTIONAL,PHASE1,TREATMENT,Tau-targeting approaches,Moderate or later dementia,88,"Oligomerix, Inc",OLX-07010 Active; OLX-07010 Placebo,Alzheimer Disease,United States,True,1,1,False,True,2023-01-25,2026-05-22,2023-01-20,2026-06-02,2026-07-01,Incidence of Treatment-Emergent Adverse Events as Measured by NCI-CTCAE criteria; Incidence of Treatment-Emergent Adverse Events as Measured by Clinical Laboratory Measurements According to Established Clinical Normal Ranges; Incidence of Treatment-Emergent Adverse Events as Measured by ECG,
NCT05704309,https://clinicaltrials.gov/study/NCT05704309,The Diabetes Prevention Program Outcomes Study AD/ADRD Project,Alzheimer's Disease and Alzheimer's Disease Related Dementias in Prediabetes and Type 2 Diabetes: The Diabetes Prevention Program Outcomes Study AD/ADRD Project,ENROLLING_BY_INVITATION,OBSERVATIONAL,NOT_APPLICABLE,,"Diagnostics, imaging, and biomarkers",Mixed or not specified,1976,Marinella Temprosa,,"Diabetes; Alzheimer Disease; Dementia, Vascular; Dementia; PreDiabetes",United States,True,1,27,False,True,2023-01-30,2025-08-26,2022-11-07,2027-01-31,2027-08-30,Cognitive Diagnoses,
NCT05710549,https://clinicaltrials.gov/study/NCT05710549,Understanding Brain Mechanisms Involved in Autobiographical Memory,Understanding Brain Mechanisms Involved in Autobiographical Memory Using High-density Electroencephalography and Transcranial Alternating Current Stimulation,RECRUITING,INTERVENTIONAL,NA,BASIC_SCIENCE,"Diagnostics, imaging, and biomarkers",MCI or prodromal Alzheimer’s,120,Lucie Bréchet,high-density electroencephalography (hdEEG); Transcranial alternating current stimulation (tACS),Mild Cognitive Impairment; Alzheimer Disease; Memory Loss,Switzerland,False,1,1,False,True,2023-02-02,2025-07-15,2022-04-25,2027-05-01,2027-08-01,Spatiotemporal dynamic changes measured with electroencephalography (hdEEG); Cognitive Assessment,
NCT05711888,https://clinicaltrials.gov/study/NCT05711888,Semantic Recognition Task (SRT) in Alzheimer Disease,A Sensitive Measurement Proposal in Alzheimer's Disease: Semantic Recognition Task,RECRUITING,INTERVENTIONAL,NA,DIAGNOSTIC,"Diagnostics, imaging, and biomarkers",Mixed or not specified,80,Istanbul University,Semantic Recognition Procedure,Alzheimer Disease,Turkey (Türkiye),False,1,1,False,True,2023-02-03,2024-10-02,2022-12-21,2025-09-20,2027-12-26,Semantic Recognition Task,
NCT05730023,https://clinicaltrials.gov/study/NCT05730023,"A Multimodal Approach for Clinical Diagnosis and Treatment of Primary Progressive Aphasia, MAINSTREAM ID:3430931","A Multimodal Approach for Clinical Diagnosis and Treatment of Primary Progressive Aphasia, MAINSTREAM ID:3430931",RECRUITING,INTERVENTIONAL,NA,TREATMENT,"Diagnostics, imaging, and biomarkers",Early Alzheimer’s disease,60,IRCCS Centro San Giovanni di Dio Fatebenefratelli,Active tDCS; individualized language training; Placebo tDCS,Primary Progressive Aphasia,Italy,False,1,4,False,True,2023-02-15,2024-09-19,2023-02-01,2026-01,2026-02,Change in measure of naming as assessed by International Picture Naming Project Task (IPNP),
NCT05731440,https://clinicaltrials.gov/study/NCT05731440,Fluselenamyl - Beta Amyloid PET Imaging for Alzheimer Disease,Fluselenamyl - Beta Amyloid PET Imaging for Alzheimer Disease,ACTIVE_NOT_RECRUITING,OBSERVATIONAL,NOT_APPLICABLE,,"Diagnostics, imaging, and biomarkers",MCI or prodromal Alzheimer’s,60,Washington University School of Medicine,18F-Fluselenamyl,Alzheimer Disease,United States,True,1,1,False,True,2023-02-16,2026-06-09,2022-11-18,2027-12,2027-12,To determine the safety of the tracer [18F]-Fluselenamyl for PET Imaging.; PET imaging of [18F]-Fluselenamyl in healthy normal control participants and human participants with mild cognitive impairment of Alzheimer's dementia.,
NCT05733520,https://clinicaltrials.gov/study/NCT05733520,I-CARE 2: Mobile Telehealth to Reduce Alzheimer'S-related Symptoms,I-CARE 2 RCT: Mobile Telehealth to Reduce Alzheimer'S-related Symptoms for Caregivers and Patients,RECRUITING,INTERVENTIONAL,NA,SUPPORTIVE_CARE,"Care, behavior, and quality of life",Care partners or care systems,184,Indiana University,Brain CareNotes; Dementia Guide Expert,Caregiver Burden; Alzheimer Disease,United States,True,1,2,False,True,2023-02-17,2025-11-24,2023-05-30,2027-07-30,2027-07-30,Caregiver Burden; Patient BPSD,
NCT05741060,https://clinicaltrials.gov/study/NCT05741060,Effect of Equol Supplementation on Arterial Stiffness and Cognition in Healthy Volunteers,"Arterial Stiffness, Cognition and Equol",ACTIVE_NOT_RECRUITING,INTERVENTIONAL,PHASE2,PREVENTION,"Diagnostics, imaging, and biomarkers",Mixed or not specified,369,Akira Sekikawa,S-equol; Placebo,Arterial Stiffness; White Matter Lesions; Cognitive Decline,United States,True,1,3,False,True,2023-02-23,2025-09-29,2023-06-29,2026-10-31,2027-01-30,Change in arterial stiffness; Change in arterial stiffness,
NCT05741853,https://clinicaltrials.gov/study/NCT05741853,Cognitive Reserve and Response to Speech-Language Intervention in Bilingual Speakers With Primary Progressive Aphasia,Cognitive Reserve and Linguistic Resilience in Bilingual Hispanics With Primary Progressive Aphasia,RECRUITING,INTERVENTIONAL,NA,TREATMENT,"Diagnostics, imaging, and biomarkers",Mixed or not specified,60,Stephanie Grasso,Video-Implemented Script Training for Aphasia (VISTA); Lexical Retrieval Training (LRT),"Primary Progressive Aphasia; Dementia; Dementia, Frontotemporal; Alzheimer Disease; Neurodegenerative Diseases; Frontotemporal Lobar Degeneration; Apraxia, Motor; Dysarthria; Communication Disorders; Language Disorders; Speech Disorders; Neurocognitive Disorders; Aphasia; Bilingual Aphasia",Spain; United States,True,2,3,True,True,2023-02-23,2026-06-10,2023-05-01,2027-11-30,2027-11-30,Percent correct intelligible words from trained/untrained scripts; Percent correct spoken naming of trained/untrained nouns,
NCT05748613,https://clinicaltrials.gov/study/NCT05748613,Anxiety Sensitivity Treatment to Reduce Anxiety in Alzheimer's,Treatment of Stress and Anxiety in Mild Cognitive Impairment/Mild Alzheimer's Disease and Related Dementias - RCT,RECRUITING,INTERVENTIONAL,NA,TREATMENT,"Care, behavior, and quality of life",Care partners or care systems,388,Florida State University,Computerized Anxiety Sensitivity Treatment; Health Education Control,Anxiety; Mild Cognitive Impairment; Alzheimer Disease; Dementia,United States,True,1,3,False,True,2023-03-01,2026-03-05,2023-11-02,2027-06,2028-01,Change in anxiety sensitivity pre intervention to posttreatment.; Change in anxiety pre intervention to 1-month follow-up.,
NCT05768425,https://clinicaltrials.gov/study/NCT05768425,DIagnostic Biomarkers and Symptoms in Patients With Alzheimer's Disease and Lewy bodY Dementia,DIagnostic Biomarkers and Symptoms in Patients With Alzheimer's Disease and Lewy bodY Dementia - DISPLAY,ACTIVE_NOT_RECRUITING,OBSERVATIONAL,NOT_APPLICABLE,,"Diagnostics, imaging, and biomarkers",MCI or prodromal Alzheimer’s,55,Danish Dementia Research Centre,Real-time quaking-induced conversion (RT-QuIC); Cognitive test; Motor examination,Dementia With Lewy Bodies; Alzheimer Disease; Mild Cognitive Impairment,Denmark,False,1,1,False,True,2023-03-14,2023-10-10,2023-02-01,2032-12,2032-12,Diagnostic accuracy of Real-time quaking-induced conversion; Diagnostic accuracy of Real-time quaking-induced conversion; Diagnostic accuracy of Real-time quaking-induced conversion,
NCT05779839,https://clinicaltrials.gov/study/NCT05779839,A Study of Caregiver Connections Via Technology in Dementia,Fostering Caregiver Connections Via Intentional Technology Pairing for Caregivers of Patients With Alzheimer's Disease and Other Types of Dementia-Phase 2,ACTIVE_NOT_RECRUITING,INTERVENTIONAL,NA,SUPPORTIVE_CARE,"Care, behavior, and quality of life",Care partners or care systems,355,Mayo Clinic,Algorithm; Random Match,Caregiver Stress; Dementia; Alzheimer Disease; Lewy Body Dementia; Parkinson Disease Dementia; Frontotemporal Dementia,United States,True,1,1,False,True,2023-03-22,2026-05-28,2023-02-22,2026-07-31,2026-07-31,Match Satisfaction Questionnaire; Change over time from Baseline Resilience to 12 months; Change over time from Baseline Quality of Life to 12 months,
NCT05785156,https://clinicaltrials.gov/study/NCT05785156,Diagnostic and Prognostic Value of New Quick Tests of Action Slowing in Stroke and in Cognitive Neurodegenerative Disease,Diagnostic and Prognostic Value of New Quick Tests of Action Slowing in Stroke and in Cognitive Neurodegenerative Disease,RECRUITING,OBSERVATIONAL,NOT_APPLICABLE,,"Diagnostics, imaging, and biomarkers",MCI or prodromal Alzheimer’s,129,"Centre Hospitalier Universitaire, Amiens",quick tests,Stroke; Action Speed; Dementia Mild Cognitive Impairment; Alzheimer Disease,France,False,1,1,False,True,2023-03-27,2026-05-13,2021-07-16,2027-07-16,2027-07-16,Value of the speed of the action with the 'RT Componential Analysis of Action Speed' battery in all patients,
NCT05785910,https://clinicaltrials.gov/study/NCT05785910,Adaptation of the Uniform Data Set for Telematic Administration,Harmonization and Updating of Cognitive and Behavioral Assessment Procedures in Neurology: Adaptation of the Uniform Data Set for Telematic Administration,ACTIVE_NOT_RECRUITING,INTERVENTIONAL,NA,DIAGNOSTIC,"Diagnostics, imaging, and biomarkers",Mild Alzheimer’s dementia,14,Fondazione Policlinico Universitario Agostino Gemelli IRCCS,IUDS,"Dementia, Mild; Dementia of Alzheimer Type",Italy,False,1,1,False,True,2023-03-27,2025-09-19,2021-09-14,2022-01-31,2025-12,concordance index,
NCT05795634,https://clinicaltrials.gov/study/NCT05795634,Cognitive Vulnerability to Stress in Individuals at Risk for Alzheimer's Disease,Cognitive Vulnerability to Stress in Individuals at Risk for Alzheimer's Disease (Stress-AD),RECRUITING,INTERVENTIONAL,NA,DIAGNOSTIC,"Care, behavior, and quality of life",Preclinical or elevated-risk,240,Johns Hopkins University,Trier Social Stress Test,Mild Cognitive Impairment; Alzheimer Disease,United States,True,1,1,False,True,2023-04-03,2026-01-29,2023-03-01,2028-03-01,2029-03-01,Change in mean memory test composite score; Change in mean executive test composite score,
NCT05796037,https://clinicaltrials.gov/study/NCT05796037,An Observational Study of Patients Living With Chronic Neurological Diseases,An Observational Study of Patients Living With Chronic Neurological Diseases,NOT_YET_RECRUITING,OBSERVATIONAL,NOT_APPLICABLE,,Other Alzheimer clinical studies,Care partners or care systems,1500000,"Target PharmaSolutions, Inc.",,Neurological Diseases or Conditions; Dementia of Alzheimer Type; Alzheimer Disease; Mild Cognitive Impairment; Parkinson Disease; Multiple Sclerosis,,False,0,0,False,False,2023-04-03,2024-11-20,2025-03-31,2038-12-31,2038-12-31,"To characterize the natural history of disease in patients living with chronic neurological diseases including ADRD, MCI, PD, or MS; To assess safety and effectiveness of disease treatments and treatments for complications of patients receiving various treatments, effectiveness of treatment, and medical events that develop while receiving treatment for ADRD, MCI, PD, or MS.",
NCT05800028,https://clinicaltrials.gov/study/NCT05800028,Memory and Social Interactions,Memory and Social Interactions: Study in Alzheimer's Disease and Semantic Progressive Aphasia,RECRUITING,OBSERVATIONAL,NOT_APPLICABLE,,"Diagnostics, imaging, and biomarkers",Mixed or not specified,192,"University Hospital, Caen",Learning new information,Alzheimer Disease; Semantic Dementia,France,False,1,1,False,True,2023-04-05,2024-09-20,2023-03-10,2026-12-31,2026-12-31,Social Memory Test,
NCT05801380,https://clinicaltrials.gov/study/NCT05801380,Monitoring Drug Efficacy in Patients with Alzheimer's Disease,Monitoring Drug Efficacy Through Multi-omics Research Initiative in Alzheimer's Disease,RECRUITING,OBSERVATIONAL,NOT_APPLICABLE,,Synapses and neuronal communication,Moderate or later dementia,60,University of the Philippines,AChE inhibitor monotherapy; AChE inhibitor and NMDA receptor antagonist combination therapy,Alzheimer Disease,Philippines,False,1,1,False,True,2023-04-06,2025-01-07,2022-02-14,2026-02-14,2026-02-14,Change in gene signatures; Change in gut microbiome metabolome signatures; Change in metabolome signatures,
NCT05820919,https://clinicaltrials.gov/study/NCT05820919,Enhancing Sleep Quality for Nursing Home Residents With Dementia - R33 Phase,Enhancing Sleep Quality for Nursing Home Residents With Dementia: Pragmatic Trial of an Evidence-Based Frontline Huddling Program,RECRUITING,INTERVENTIONAL,NA,TREATMENT,"Care, behavior, and quality of life",Mixed or not specified,456,"University of Alabama, Tuscaloosa",LOCK Sleep Program; No intervention (control period/baseline data collection),Alzheimer Disease; Dementia; Sleep Disorder; Sleep Disturbance,United States,True,1,3,False,True,2023-04-20,2024-03-12,2023-09-07,2026-04-01,2027-05-29,Sleep (actigraph measurement),
NCT05826379,https://clinicaltrials.gov/study/NCT05826379,Daily Goal Setting to Increase Everyday Physical Activity and Promote Cognitive Health in Midlife,Mechanisms of Adherence to Light Intensity Physical Activity to Prevent Alzheimer's Disease and Related Dementias (ADRD),ENROLLING_BY_INVITATION,INTERVENTIONAL,NA,BASIC_SCIENCE,Lifestyle and multidomain,Moderate or later dementia,200,Milton S. Hershey Medical Center,Adaptive Daily Goal Setting; Interim Goal Prompt,Physical Inactivity; Walking; Cognitive Health; Self-regulation; Overweight and Obesity,United States,True,1,1,False,True,2023-04-24,2026-05-11,2024-03-20,2027-05,2028-03,Short-term adherence; Long-term adherence,
NCT05834296,https://clinicaltrials.gov/study/NCT05834296,Study in Subjects With Mild-to-Moderate Alzheimer's Dementia,"Randomized, Double-blind, Placebo-controlled, Parallel-group, Phase 1/2a Study to Assess Safety, Tolerability & Efficacy of Autologous Beta-Amyloid Mutant Peptide-pulsed Dendritic Cells in Subjects With Mild-to-Moderate Alzheimer's Dementia",ACTIVE_NOT_RECRUITING,INTERVENTIONAL,PHASE1+PHASE2,TREATMENT,Amyloid-targeting approaches,Preclinical or elevated-risk,30,"Alzamend Neuro, Inc.",ALZN002 (autologous DCs pulsed with E22W mutant peptide).; Placebo,Alzheimer Disease,United States,True,1,1,False,True,2023-04-28,2025-09-02,2023-07-05,2028-03-03,2028-03-03,TEAEs,
NCT05846984,https://clinicaltrials.gov/study/NCT05846984,Learning Skills Together Family Caregiver Complex Intervention,Learning Skills Together: A Randomized Controlled Trial of a Complex Care Skills Intervention to Improve AD/ADRD Caregiver Self-Efficacy,ACTIVE_NOT_RECRUITING,INTERVENTIONAL,NA,TREATMENT,"Care, behavior, and quality of life",Care partners or care systems,216,Case Western Reserve University,Learning Skills Together Intervention; Caregiver Healthy Living Intervention,Dementia; Alzheimer Disease; Caregiver Burden; Self Efficacy,United States,True,1,1,False,True,2023-05-06,2026-04-29,2024-01-30,2026-12-20,2027-04-30,Change in Caregiver Self-Efficacy; Change in Caregiver Self-Efficacy with Complex Care (Author Generated); Change in Caregiver Self-Efficacy with Complex Care,
NCT05847192,https://clinicaltrials.gov/study/NCT05847192,Tau Networks in Psychotic Alzheimer&#39;s Disease,Tau Networks in Psychotic Alzheimer&#39;s Disease,RECRUITING,OBSERVATIONAL,NOT_APPLICABLE,,"Diagnostics, imaging, and biomarkers",Preclinical or elevated-risk,91,Northwell Health,[18F]-PI2620 PET scan,Alzheimer Disease; Alzheimer Disease With Delusions; Alzheimer Disease With Psychosis,United States,True,1,1,False,True,2023-05-06,2026-04-08,2023-04-13,2028-12-31,2029-12-31,Tau PET scan,
NCT05877196,https://clinicaltrials.gov/study/NCT05877196,A SMART Trial of Adaptive Exercises to Optimize Aerobic-Fitness Responses,Precision Medicine in Alzheimer's Disease: A SMART Trial of Adaptive Exercises and Their Mechanisms of Action Using AT(N) Biomarkers to Optimize Aerobic-Fitness Responses (The FIT-AD SMART Trial),RECRUITING,INTERVENTIONAL,NA,TREATMENT,"Care, behavior, and quality of life",MCI or prodromal Alzheimer’s,216,Arizona State University,Moderate Intensity Continuous Training (MICT); Chair-based Stretch; High-Intensity Interval Training (HIIT); Combined Aerobic Resistance Exercise (CARE),Mild Cognitive Impairment; Alzheimer Disease; Cognitive Impairment; Cognitive Decline; Memory Loss; Memory Impairment,United States,True,1,1,False,True,2023-05-26,2026-05-05,2023-06-22,2027-04-01,2028-06-30,Peak oxygen consumption; White Matter Hyperintensity volume,
NCT05877391,https://clinicaltrials.gov/study/NCT05877391,Intervention to Collect and Utilize Sexual Orientation and Gender Identity (SOGI) Information in Hospice,A Novel Intervention to Improve Care for Older Sexual and Gender Minority (SGM) Adults With Serious Illness and Especially Those With Alzheimer's Disease and Related Dementias (ADRD),RECRUITING,INTERVENTIONAL,NA,HEALTH_SERVICES_RESEARCH,"Care, behavior, and quality of life",Care partners or care systems,80,"University of Colorado, Denver",SGM Communication Intervention,Sexual and Gender Minorities; Hospice; Alzheimer's Disease and Related Dementias,United States,True,1,1,False,True,2023-05-26,2024-06-24,2023-03-13,2027-09,2027-09,Barriers and facilitators to communicating with SGM older adults and perceptions and preferences for asking/disclosing SOGI; Content of training; Delivery of content,
NCT05881239,https://clinicaltrials.gov/study/NCT05881239,Digital Accessible Remote Olfactory Mediated Health Assessments for Preclinical AD,Digital Accessible Remote Olfactory Mediated Health Assessments for Preclinical AD,RECRUITING,OBSERVATIONAL,NOT_APPLICABLE,,"Diagnostics, imaging, and biomarkers",Preclinical or elevated-risk,250,Massachusetts General Hospital,AROMHA Brain Health Test,Subjective Cognitive Concerns; Mild Cognitive Impairment; Mild Behavioral Impairment; Healthy Aging,United States,True,1,1,False,True,2023-05-31,2026-03-06,2023-05-09,2026-12-30,2027-12-31,AROMHA Brain Health Test,
NCT05882344,https://clinicaltrials.gov/study/NCT05882344,Cholinergic Deep Brain Stimulation for Alzheimer's Disease,Cholinergic Deep Brain Stimulation for Alzheimer's Disease,ENROLLING_BY_INVITATION,INTERVENTIONAL,NA,TREATMENT,"Diagnostics, imaging, and biomarkers",Care partners or care systems,2,Vanderbilt University Medical Center,"Device Implantation- Boston Scientific, VERCISE GENUS™ system; DBS Stimulation - Boston Scientific, VERCISE GENUS™ system","Alzheimer Disease, Early Onset; Dementia; Alzheimer Disease",United States,True,1,1,False,True,2023-05-31,2026-04-09,2026-07,2028-10,2028-10,Clinical Dementia Rating score change,
NCT05885295,https://clinicaltrials.gov/study/NCT05885295,The Imperial Comprehensive Cognitive Assessment in Cerebrovascular Disease (IC3),Understanding Factors Affecting Cognitive Function in Cerebrovascular Disease,RECRUITING,OBSERVATIONAL,NOT_APPLICABLE,,"Diagnostics, imaging, and biomarkers",Preclinical or elevated-risk,700,Imperial College London,"MRI brain, Blood tests, cognitive assessments","Stroke; Stroke (CVA) or TIA; Dementia, Vascular; Cerebrovascular Disorders; Small Vessel Cerebrovascular Disease; Cognitive Impairment",United Kingdom,False,1,1,False,True,2023-06-01,2023-06-01,2021-12-01,2028-05-15,2028-05-15,cognition,
NCT05886114,https://clinicaltrials.gov/study/NCT05886114,"A Multi-domain Lifestyle Intervention Among Aged Community-residents in Zhejiang, China","A Multi-domain Lifestyle Intervention Among Aged Community-residents in Zhejiang, China",RECRUITING,INTERVENTIONAL,NA,PREVENTION,"Diagnostics, imaging, and biomarkers",Preclinical or elevated-risk,1200,Zhejiang University,Structured Multi-domain Intervention; Self-Guided Intervention,Cognitive Impairment; Alzheimer Disease; Vascular Cognitive Impairment; Dement; Brain Diseases; Central Nervous System Diseases; Nervous System Diseases; Neurocognitive Disorders; Mental Disorder; Cognition Disorder,China,False,1,1,False,True,2023-06-02,2023-06-06,2023-05-28,2025-04-28,2027-04-28,Global Cognition; Domain-specific Cognition,
NCT05887674,https://clinicaltrials.gov/study/NCT05887674,Shanghai Non-pharmacological Intervention for Mild Cognitive Impairment and Mild Alzheimer's Disease,"Shanghai Non-pharmacological Intervention for Mild Cognitive Impairment and Mild Alzheimer's Disease: Combined Low Inflammatory-index Diet, Physical Exercises, and Cognitive Training in Nursing Home",RECRUITING,INTERVENTIONAL,NA,PREVENTION,Lifestyle and multidomain,MCI or prodromal Alzheimer’s,180,Ruijin Hospital,Diet intervention; Exercise; Cognitive training,Mild Cognitive Impairment; Mild Dementia,China,False,1,1,False,True,2023-06-05,2024-11-22,2023-05-11,2026-08-30,2026-08-30,Change from baseline global cognitive function at one year; Change from baseline memory at one year; Change from baseline visual spatial ability and visual memory at one year,
NCT05888961,https://clinicaltrials.gov/study/NCT05888961,"Single-center Prospective Longitudinal Study of Taste in Patients With Cognitive Disorders at Different Stages of Severity (Isolated Cognitive Complaint, Minor or Major Neurocognitive Alzheimer-type Disorders) by Analysis of Gustatory Evoked Potentials","Single-center Prospective Longitudinal Study of Taste in Patients With Cognitive Disorders at Different Stages of Severity (Isolated Cognitive Complaint, Minor or Major Neurocognitive Alzheimer-type Disorders) by Analysis of Gustatory Evoked Potentials",RECRUITING,INTERVENTIONAL,NA,OTHER,"Diagnostics, imaging, and biomarkers",Care partners or care systems,72,Centre Hospitalier Universitaire Dijon,Blood samples; Interviewing the subject and scales; Neurocognitive evaluation; Taste tests; Computerized food preference questionnaires; Nutritional status - body composition,Cognitive Disorders,France,False,1,1,False,True,2023-06-05,2025-07-11,2023-06-12,2027-07,2027-07,Amplitude of the gustatory evoked potentials; Gustatory evoked potentials latency,
NCT05891431,https://clinicaltrials.gov/study/NCT05891431,Engagement and Acceptability of the Untire mHealth App,Acceptability and Preliminary Effectiveness of a Mobile Health Intervention (Untire App) for Adult Cancer Patients and Survivors With Cancer Related Fatigue: A Pilot Clinical Study,ACTIVE_NOT_RECRUITING,INTERVENTIONAL,NA,TREATMENT,"Care, behavior, and quality of life",Moderate or later dementia,34,University of Bath,Untire mobile app,Cancer-related Problem/Condition; Cancer-related Fatigue,United Kingdom,False,1,2,False,True,2023-06-06,2024-09-19,2023-12-15,2024-09-16,2025-10-01,"The change in mean level of acceptability (as measured by the Acceptability E-scale); The change in mean level of digital working alliance (as measured by the Digital working Alliance Inventory, D-WAI).",
NCT05892952,https://clinicaltrials.gov/study/NCT05892952,IONA Longitudinal Cohort Study,IONA Longitudinal Cohort Study,RECRUITING,OBSERVATIONAL,NOT_APPLICABLE,,"Diagnostics, imaging, and biomarkers",Moderate or later dementia,10000,Brain Health Scotland Life Sciences Ltd,,Alzheimer Disease; Dementia,United Kingdom,False,1,1,False,True,2023-06-07,2025-09-19,2023-12-21,2033-12-21,2033-12-21,Change over time on the IONACog (a composite neuropsychological battery); (Enhanced Phenotype only) Change over time in cerebrospinal fluid amyloid beta-42; (Enhanced Phenotype only) Change over time in cerebrospinal fluid phosphorylated tau 181,
NCT05893524,https://clinicaltrials.gov/study/NCT05893524,Uppsala-Dalarna Dementia and Gait Project,Uppsala-Dalarna Dementia and Gait Project,RECRUITING,OBSERVATIONAL,NOT_APPLICABLE,,"Diagnostics, imaging, and biomarkers",Preclinical or elevated-risk,550,Dalarna University,Timed Up-and-Go (TUG single-task); Timed Up-and-Go dual-task (TUGdt); Clinical functional assessment,"Dementia; Dementia, Mixed; Dementia Senile; Dementia of Alzheimer Type; Mild Cognitive Impairment; Subjective Cognitive Impairment",Sweden,False,1,2,False,True,2023-06-08,2025-02-12,2015-04-09,2026-12-24,2026-12-24,Conversion to dementia,
NCT05899764,https://clinicaltrials.gov/study/NCT05899764,Epileptic Hippocampus in Alzheimer's Disease,Epileptic Hippocampus in Alzheimer's Disease,NOT_YET_RECRUITING,INTERVENTIONAL,PHASE1+PHASE2,TREATMENT,"Diagnostics, imaging, and biomarkers",MCI or prodromal Alzheimer’s,25,"University of California, Los Angeles",Brivaracetam,Alzheimer Disease; Mild Cognitive Impairment,United States,True,1,1,False,True,2023-06-12,2026-01-27,2026-01-01,2029-06-01,2029-06-01,Brivaracetam on Cognition; Brivaracetam on Cognition,
NCT05901233,https://clinicaltrials.gov/study/NCT05901233,Speech-Language Treatment With Remotely Supervised Transcranial Direct Current Stimulation in Primary Progressive Aphasia,Telerehabilitation With Remotely-Supervised tDCS in Progressive Aphasia,ENROLLING_BY_INVITATION,INTERVENTIONAL,NA,TREATMENT,"Care, behavior, and quality of life",Moderate or later dementia,10,University of Texas at Austin,Remotely supervised Transcranial Direct Current Stimulation (RS-tDCS); Remotely supervised sham tDCS (RS-sham-tDCS); Lexical Retrieval Training (LRT); Video Implemented Script Training in Aphasia (VISTA),Primary Progressive Aphasia,United States,True,1,2,False,True,2023-06-13,2025-10-08,2023-07-10,2026-08-30,2026-09-30,RS-LRT arm: Change in spoken naming; RS-VISTA arm: Change in script production accuracy,
NCT05908695,https://clinicaltrials.gov/study/NCT05908695,An Efficacy and Safety Study of Sodium Oligomannate (GV-971) for the Treatment of Alzheimer's Disease,"A 36-week, Multi-center, Randomized, Double-blind, Placebo-controlled, Parallel-group Clinical Trial to Evaluate the Efficacy and Safety of Sodium Oligomannate (GV-971) in Treatment of Mild to Moderate Alzheimer's Disease",RECRUITING,INTERVENTIONAL,PHASE4,TREATMENT,Other interventional treatment research,Care partners or care systems,1312,"Green Valley (Shanghai) Pharmaceuticals Co., Ltd.",GV-971; Placebo,Alzheimer's Disease,China,False,1,50,False,True,2023-06-18,2023-11-09,2023-08-31,2029-06,2029-12,Change from baseline in the ADAS-cog/12 score; Change from baseline in ADCS-ADL23 score,
NCT05911932,https://clinicaltrials.gov/study/NCT05911932,Investigating Genetic Status in Patients Presenting to Clinic,Investigating Genetic Status in Patients Presenting to Clinic,RECRUITING,OBSERVATIONAL,NOT_APPLICABLE,,Other interventional treatment research,Mixed or not specified,1000,London Health Sciences Centre Research Institute OR Lawson Research Institute of St. Joseph's,Biosample collection.,"Dementia, Frontotemporal; Alzheimer Dementia (AD); Lewy Body Dementia (LBD)",Canada,False,1,1,False,True,2023-06-22,2025-03-04,2023-10-20,2038-08,2043-08,Blood draw for genetic status or polymorphism result.,
NCT05919485,https://clinicaltrials.gov/study/NCT05919485,The Effects of Specific tDCS on Cognition in MCI,The Effects of Specific Transcranial Direct Current Stimulation tDCS on Cognition in Mild Cognitive Impairment: A Novel Study Protocol,RECRUITING,INTERVENTIONAL,NA,TREATMENT,"Diagnostics, imaging, and biomarkers",MCI or prodromal Alzheimer’s,120,Istanbul Medipol University Hospital,tDCS,Alzheimer Disease; Parkinson Disease,Turkey (Türkiye),False,1,1,False,True,2023-06-26,2025-05-02,2023-08-01,2023-12-30,2025-12-15,Neuropsychological Tests Scores,
NCT05925621,https://clinicaltrials.gov/study/NCT05925621,Cognitive Neurology Unit Clinical Registry,Cognitive Neurology Unit's Anti-amyloid Monoclonal Antibodies for the Treatment of Alzheimer's Disease Clinical Registry,RECRUITING,OBSERVATIONAL,NOT_APPLICABLE,,Tau-targeting approaches,Care partners or care systems,500,Beth Israel Deaconess Medical Center,Lecanemab,Alzheimer Disease,United States,True,1,1,False,True,2023-06-29,2026-04-13,2023-07-16,2028-06,2028-06,To Determine Whether Anti-Amyloid Mabs Slow Cognitive And Functional Decline; To Identify Any Associations Between Side Effects And Patient Characteristics; To Establish The Time Course Of Clinical Benefits,
NCT05926011,https://clinicaltrials.gov/study/NCT05926011,Efficacy of RGn600 in Patients With Mild-to-moderate Alzheimer's Disease,"Efficacy of RGn600 in Patients With Mild-to-moderate Alzheimer's Disease: a Pivotal, Sham-controlled, Randomized, Double-blind, Multicentric Investigation (LIGHT4LIFE)",RECRUITING,INTERVENTIONAL,NA,TREATMENT,"Care, behavior, and quality of life",Care partners or care systems,108,REGEnLIFE SAS,RGn600; RGn600 Sham,Alzheimer Disease,France,False,1,6,False,True,2023-07-03,2025-04-06,2023-07-24,2026-06,2026-12,Evolution of patient's cognition between Day 0 and Week 26 as measured with the AD Assessment Scale-cognitive subscale (ADAS-cog) score,
NCT05929703,https://clinicaltrials.gov/study/NCT05929703,Evaluating Novel Healthcare Approaches to Nurturing and Caring for Hospitalized Elders,Evaluating Novel Healthcare Approaches to Nurturing and Caring for Hospitalized Elders (ENHANCE),RECRUITING,INTERVENTIONAL,NA,PREVENTION,"Care, behavior, and quality of life",Care partners or care systems,1900,University of Michigan,HELP; FAM-HELP,Delirium; Neurocognitive Disorders; Mild Cognitive Impairment; Alzheimer Disease; Aging; Family Support; Family Members; Caregiver Burden; Implementation Science; Patient Satisfaction,United States,True,1,7,False,True,2023-07-03,2026-03-24,2023-12-04,2027-05,2027-08,Delirium Incidence; Delirium Severity,
NCT05929924,https://clinicaltrials.gov/study/NCT05929924,Does EVOO Induce Gene and Metabolic Changes in Healthy Subjects,Does EVOO Induce Gene and Metabolic Changes in Healthy Subjects With Alzheimer's Disease Family History,ACTIVE_NOT_RECRUITING,INTERVENTIONAL,NA,PREVENTION,Lifestyle and multidomain,MCI or prodromal Alzheimer’s,40,Augusta University,Extra virgin olive oil,Alzheimer Disease,United States,True,1,1,False,True,2023-07-03,2025-04-20,2023-08-01,2025-07-01,2025-07-01,Changes in the concentrations of blood metabolites (metabolomics); Changes in the concentrations of blood mRNA transcripts (transcriptomics),
NCT05934188,https://clinicaltrials.gov/study/NCT05934188,Exploring the Gut-Brain Axis in Ageing and Neurodegeneration,Role of the Gut-microbiota on Ageing and Neurodegeneration: a Clinical and Brain Imaging Study,RECRUITING,OBSERVATIONAL,NOT_APPLICABLE,,"Diagnostics, imaging, and biomarkers",Subjective cognitive concerns,200,"IRCCS San Camillo, Venezia, Italy",Magnetic Resonance Imaging; Neuropsychological protocol; Eating habits; Microbiome analyses; Inflammatory markers; Alzheimer's Disease biomarkers,Healthy; Prodromal Alzheimer's Disease; Parkinson Disease; Multiple Sclerosis,Italy,False,1,3,False,True,2023-07-06,2026-01-09,2023-05-01,2027-04-30,2027-04-30,Brain structural and functional properties; Microbiome profile,
NCT05939362,https://clinicaltrials.gov/study/NCT05939362,New Imaging Biomarkers Predictive of MA Progression,Identifying Imaging Biomarkers Predictive of Disability Progression in Alzheimer's Disease: Pilot Study,RECRUITING,INTERVENTIONAL,NA,OTHER,"Diagnostics, imaging, and biomarkers",Early Alzheimer’s disease,80,Poitiers University Hospital,MRI follow-up,Alzheimer Disease; Magnetic Resonance Spectroscopy; Ultra High Field 7T; Progression of Disease; MR Biomarkers,France,False,1,1,False,True,2023-07-11,2024-12-10,2023-10-02,2027-10-02,2028-01-15,To identify Magnetic Resonance Imaging biomarkers concentration (mmol/l) at baseline that are predictive of disability progression in individuals with Mild Alzheimer's disease as assessed by the Clinical Dementia Rating (CDR) scale,
NCT05943834,https://clinicaltrials.gov/study/NCT05943834,Early Detection of Alzheimer's Disease and Affective Disorders by Automated Voice and Speech Analysis (PLATA),Early Detection of Alzheimer's Disease and Affective Disorders by Automated Voice and Speech Analysis,RECRUITING,OBSERVATIONAL,NOT_APPLICABLE,,"Diagnostics, imaging, and biomarkers",Mild Alzheimer’s dementia,100,Centre Hospitalier Universitaire de Nice,Series of cognitive tasks during a semi-automated call,Neurocognitive Disorders,France,False,1,1,False,True,2023-07-13,2026-03-19,2023-07-13,2027-10-10,2027-10-10,Build and validate speech-based machine learning models for relevant Phenotype detection through access to phenotyped patients from reference memory center.,
NCT05949047,https://clinicaltrials.gov/study/NCT05949047,Smartphone-based Cognitive Emotion Regulation Training for Unpaid Primary Caregivers of Persons With Alzheimer's Disease,Biobehavioral Mechanisms of Smartphone-based Cognitive Emotion Regulation Training for Unpaid Primary Caregivers of Persons With Alzheimer's Disease,RECRUITING,INTERVENTIONAL,NA,BASIC_SCIENCE,"Care, behavior, and quality of life",Care partners or care systems,270,Bryan Denny,Cognitive Emotion Regulation Training via Psychological Distancing; Cognitive Emotion Regulation Training via Reinterpretation,Caregivers; Emotions; Emotion Regulation; Stress; Psychological; Psychophysiology,United States,True,1,1,False,True,2023-07-17,2026-05-29,2023-09-14,2027-05-01,2027-05-31,Self-reported negative affect; Ecological momentary assessment of positive and negative affect; Heart rate variability,
NCT05950607,https://clinicaltrials.gov/study/NCT05950607,Trial to Reduce Antimicrobial Use in Nursing Home Residents With Alzheimer's Disease and Other Dementias 2.0,Trial to Reduce Antimicrobial Use In Nursing Home Residents With Alzheimer's Disease and Other Dementias 2.0 (TRAIN-AD 2.0),RECRUITING,INTERVENTIONAL,NA,HEALTH_SERVICES_RESEARCH,"Care, behavior, and quality of life",Moderate or later dementia,750,Hebrew SeniorLife,TRAIN AD 2.0,Dementia; Alzheimer Disease; Infections,United States,True,1,1,False,True,2023-07-18,2026-01-06,2023-11-13,2026-06-30,2026-06-30,Antimicrobial use in residents with moderate to advanced dementia,
NCT05967390,https://clinicaltrials.gov/study/NCT05967390,Localized Analysis of Normalized Distance From Scalp to Cortex and Personalized Evaluation (LANDSCAPE),Localized Analysis of Normalized Distance From Scalp to Cortex and Personalized Evaluation (LANDSCAPE): A Project of MRI-informed Computational Head Model,ENROLLING_BY_INVITATION,OBSERVATIONAL,NOT_APPLICABLE,,"Diagnostics, imaging, and biomarkers",Mixed or not specified,488,Chinese University of Hong Kong,Transcranial Magnetic Stimulation,Aging; Dementia Alzheimers; Parkinson Disease; Dementia Frontotemporal; Depression in Old Age,Hong Kong,False,1,1,False,True,2023-08-01,2025-01-14,2023-06-15,2024-12-14,2025-06-14,Scalp-to-cortex distance will be measured using geometric brain model,
NCT05973448,https://clinicaltrials.gov/study/NCT05973448,The Nightlight Falls Prevention Study,A Pragmatic Crossover Trial to Test the Effectiveness of a Novel Lighting System to Reduce Nighttime Falls in Persons With Alzheimer's Disease and Related Dementias,ENROLLING_BY_INVITATION,INTERVENTIONAL,NA,HEALTH_SERVICES_RESEARCH,Other interventional treatment research,Mixed or not specified,335,"University of North Carolina, Chapel Hill",Novel Lighting Condition; Control Lighting Condition,Aging; Alzheimer Disease; Dementia Alzheimers; Dementia of Alzheimer Type; Fall Injury,United States,True,1,1,False,True,2023-08-02,2026-04-21,2023-07-28,2027-12-31,2027-12-31,Falls incidence density ratio,
NCT05977088,https://clinicaltrials.gov/study/NCT05977088,Prediction of Effectiveness of rTMS Application in Alzheimer's Patients,"Prediction of Cognitive, Neurotrophic, Anti-Inflammatory, and Antioxidant Effectiveness of rTMS Application in Alzheimer's Patients",RECRUITING,INTERVENTIONAL,NA,TREATMENT,"Diagnostics, imaging, and biomarkers",Moderate or later dementia,40,Istanbul Medipol University Hospital,Repetetive Transcranial Magnetic Stimulation,Alzheimer Disease,Turkey (Türkiye),False,1,1,False,True,2023-08-04,2025-05-02,2022-02-16,2025-05-15,2025-12-30,The Mini Mental State Examination; Neuropsychiatric Inventory; Alzheimer's Disease Assessment Scale,
NCT05977712,https://clinicaltrials.gov/study/NCT05977712,Circadian Rhythm and Other Factors in Memory Clinic Patients,Circadian Rhythm and Other Individual Factors Among Memory Clinic Patients,RECRUITING,OBSERVATIONAL,NOT_APPLICABLE,,"Care, behavior, and quality of life",MCI or prodromal Alzheimer’s,1200,Assistance Publique - Hôpitaux de Paris,Questionnaire; Clinical examination; Accelerometer port; Eye examination; Ear Examination,Dementia,France,False,1,2,False,True,2023-08-04,2026-02-19,2024-03-06,2027-03,2042-03,Dementia subtypes and stages (% at inclusion); Dementia subtypes and stages (incidence); Alzheimer's disease stages (%),
NCT05983575,https://clinicaltrials.gov/study/NCT05983575,A Pivotal Study of LIPUS-Brain in Patients With Early Alzheimer's Disease,A Study to Evaluate the Efficacy and Safety of LIPUS-Brain Transcranial Low-intensity Pulsed-wave Ultrasound Device in Patients With Early Alzheimer's Disease,ACTIVE_NOT_RECRUITING,INTERVENTIONAL,PHASE3,TREATMENT,Devices and brain stimulation,MCI or prodromal Alzheimer’s,220,"Sound Wave Innovation CO., LTD.",LIPUS-Brain; Placebo,"Alzheimer Disease, Early Onset",Japan,False,1,19,False,True,2023-08-09,2025-05-15,2023-10-31,2026-01-31,2026-07-31,Changes in ADAS-J-cog-14 scores from baseline to Week 72,
NCT05984524,https://clinicaltrials.gov/study/NCT05984524,Gamma-Music Based Intervention for Mild Alzheimer's Disease,Gamma-Music Based Intervention for Mild Alzheimer's Disease,RECRUITING,INTERVENTIONAL,NA,OTHER,"Care, behavior, and quality of life",Mild Alzheimer’s dementia,60,Northeastern University,Gamma-Music Based Intervention,Alzheimer Disease,United States,True,1,1,False,True,2023-08-09,2023-10-06,2022-07-01,2027-06-30,2027-06-30,EEG activity,
NCT05985486,https://clinicaltrials.gov/study/NCT05985486,Brain Outcomes With Lifestyle Change in Down Syndrome,The Impact of Weight Loss on Alzheimer's Disease Risk in Adults With Down Syndrome,RECRUITING,INTERVENTIONAL,NA,PREVENTION,"Diagnostics, imaging, and biomarkers",Care partners or care systems,81,University of Kansas Medical Center,Diet; Health Education,Down Syndrome; Alzheimer Disease; Obesity,United States,True,1,1,False,True,2023-08-14,2026-03-11,2024-10-22,2027-09-30,2027-09-30,Plasma Amyloid beta 42:40 ratio; Neurofilament light; Weight,
NCT05988385,https://clinicaltrials.gov/study/NCT05988385,The Effects of Successful OSA Treatment on Memory and AD Biomarkers in Older Adults Study,The Effects of Successful OSA Treatment on Memory and AD Biomarkers in Older Adults (ESSENTIAL) Study,RECRUITING,INTERVENTIONAL,NA,TREATMENT,"Diagnostics, imaging, and biomarkers",MCI or prodromal Alzheimer’s,200,California Pacific Medical Center Research Institute,Positive airway pressure; Oral appliance therapy; Positional therapy,Obstructive Sleep Apnea; Cognitive Decline,United States,True,1,4,False,True,2023-08-14,2025-11-10,2024-04-22,2027-06-30,2028-05-31,Change in overnight memory retention on the A-B verbal paired associates task; Change in overnight memory retention on the A-B verbal paired associates task; Change in overnight memory retention on the A-B verbal paired associates task,
NCT05995418,https://clinicaltrials.gov/study/NCT05995418,Study on the Health Economic Burden of Alzheimer's Disease in China,The Alzheimer's Disease Burden in China (ABC) Study: a Nationwide Multicentre Cross-sectional and Prospective Cohort Study,RECRUITING,OBSERVATIONAL,NOT_APPLICABLE,,"Care, behavior, and quality of life",Care partners or care systems,9510,"Xuanwu Hospital, Beijing",There was no intervention as this was an observational study.,Alzheimer Disease,China,False,1,1,False,True,2023-08-16,2026-06-05,2023-07-01,2026-06-30,2027-01-01,Direct medical expenses; Direct non-medical expenses; overhead expenses,
NCT05997030,https://clinicaltrials.gov/study/NCT05997030,Low-Intensity Focused Ultrasound (LIFU) Neuromodulation,Early Feasibility Study of Low-Intensity Focused Ultrasound (LIFU) Neuromodulation in Patients With Mild Cognitive Impairment (MCI) Due to Alzheimer's Disease,RECRUITING,INTERVENTIONAL,NA,TREATMENT,Devices and brain stimulation,MCI or prodromal Alzheimer’s,15,Ali Rezai,low intensity focused ultrasound (LIFU),Alzheimer Disease,United States,True,1,1,False,True,2023-08-18,2025-11-24,2023-10-12,2026-09-30,2026-09-30,Occurrence of Treatment Emergent Adverse Events; Cognitive Change,
NCT05997784,https://clinicaltrials.gov/study/NCT05997784,Study of Indoor Air Pollutants and Their Impact in Childhood Health and Wellbeing,"Disrupting Noxious Synergies of Indoor Air Pollutants and Their Impact in Childhood Health and Wellbeing, Using Advanced Intelligent Multisensing",ACTIVE_NOT_RECRUITING,OBSERVATIONAL,NOT_APPLICABLE,,"Care, behavior, and quality of life",Care partners or care systems,500,"University Hospital, Montpellier",Performing lung function tests (spirometry and fraction of exhaled nitric oxide (FeNO)); Filling of standardized questionnaires; Using an App on a device; Urine sample; Sensors and devices will be used to assess air pollutants in classrooms during the survey,Asthma in Children; Allergy,France,False,1,1,False,True,2023-08-18,2025-12-15,2025-01-30,2027-09-01,2028-09-01,Indoor classroom air concentrations of Pollutants and dust; Prevalence for respiratory disease; Association between asthma and indoor air contaminants,
NCT06014424,https://clinicaltrials.gov/study/NCT06014424,Cannabidiol Medication Intervention Trial,Cannabidiol Medication Intervention Trial (CALM-IT),RECRUITING,INTERVENTIONAL,PHASE2,TREATMENT,"Care, behavior, and quality of life",Care partners or care systems,40,Sunnybrook Health Sciences Centre,CBD; Placebo,Alzheimer Disease,Canada,False,1,5,False,True,2023-08-28,2026-01-29,2023-09-27,2026-12-29,2026-12-29,Agitation - Cohen-Mansfield Agitation Inventory (CMAI),
NCT06023407,https://clinicaltrials.gov/study/NCT06023407,Feasibility of Improving Glycemia With Heat Therapy to Prevent AD,Feasibility of Improving Glycemia With Heat Therapy to Prevent AD,ENROLLING_BY_INVITATION,INTERVENTIONAL,NA,OTHER,"Diagnostics, imaging, and biomarkers",Preclinical or elevated-risk,60,University of Kansas Medical Center,Water Immersion Heat Therapy,Healthy Aging; Alzheimer Disease; Metabolic Disease,United States,True,1,1,False,True,2023-09-05,2026-04-17,2024-02-27,2027-10-29,2028-03-31,HbA1C; Insulin sensitivity index,
NCT06023446,https://clinicaltrials.gov/study/NCT06023446,Can (Optical Coherence Tomography) Pictures of the Retina Detect Alzheimer's Disease at Its Earliest Stages?,Illuminating Glial Dysfunction in Alzheimer's Disease With Optical Coherence Tomography,ENROLLING_BY_INVITATION,OBSERVATIONAL,NOT_APPLICABLE,,Amyloid-targeting approaches,MCI or prodromal Alzheimer’s,100,"University of California, Davis",Optical Coherence Tomography,Alzheimer Disease; Mild Cognitive Impairment,United States,True,1,1,False,True,2023-09-05,2025-12-05,2023-09-29,2028-02-28,2028-02-28,Light-dependent Change in Optical Coherence Tomography Images,
NCT06029114,https://clinicaltrials.gov/study/NCT06029114,MR Elastography of Cognitive Impairment,Magnetic Resonance Elastography of Cognitive Impairment,ENROLLING_BY_INVITATION,OBSERVATIONAL,NOT_APPLICABLE,,"Diagnostics, imaging, and biomarkers",MCI or prodromal Alzheimer’s,450,Mayo Clinic,Magnetic Resonance Elastography (MRE),Alzheimer Disease; Mild Cognitive Impairment; Healthy,United States,True,1,1,False,True,2023-09-08,2026-01-13,2023-10-11,2027-11,2027-11,Shear Stiffness,
NCT06040905,https://clinicaltrials.gov/study/NCT06040905,Causal Effect of Coenzyme Q10 Nutrition and Cognitive Dysfunction in the Metabolic Storm (Hyperglycemia and Sarcopenia) and Brain-derived Neurotrophic Factor,Causal Effect of Coenzyme Q10 Nutrition and Cognitive Dysfunction in the Metabolic Storm (Hyperglycemia and Sarcopenia) and Brain-derived Neurotrophic Factor,RECRUITING,INTERVENTIONAL,NA,BASIC_SCIENCE,"Care, behavior, and quality of life",MCI or prodromal Alzheimer’s,100,Chung Shan Medical University,Coenzyme Q10; Placebo,Mild Cognitive Impairment; Alzheimer Disease; Hyperglycemia; Pre-sarcopenia,Taiwan,False,1,1,False,True,2023-09-18,2024-02-07,2023-12-26,2026-07-31,2026-07-31,Fasting glucose; HbA1C; Insulin,
NCT06041789,https://clinicaltrials.gov/study/NCT06041789,Effect of Acetylcholinesterase Inhibitors on Bone Metabolism,Effect of Acetylcholinesterase Inhibitors on Bone Metabolism and Fracture Risk Factors Among Older Adults With Mild to Moderate Alzheimer's Disease,RECRUITING,INTERVENTIONAL,PHASE2,TREATMENT,Other interventional treatment research,Moderate or later dementia,45,Duke University,Donepezil; Memantine,Osteoporosis,United States,True,1,1,False,True,2023-09-18,2025-09-11,2025-02-03,2026-11,2026-11,"Change in bone mineral density, as measured by dual x-ray absorptiometry (DXA)",
NCT06043700,https://clinicaltrials.gov/study/NCT06043700,A Community-Based Screening Program to Identify Participants at High Risk for Amyloid Pathology,"A Community-Based Screening Program to Identify, Using Blood-Based Biomarkers, Individuals With or Without Alzheimer's Disease Symptoms Who Are at High Risk for Brain Amyloid Pathology",ACTIVE_NOT_RECRUITING,OBSERVATIONAL,NOT_APPLICABLE,,"Diagnostics, imaging, and biomarkers",Mixed or not specified,2000,Eisai Limited,No Intervention,Alzheimer's Disease,United States,True,1,3,False,True,2023-09-21,2026-03-05,2023-09-12,2028-03-31,2028-03-31,"Number of Participants With Low, Medium, and High Amyloid Pathology",
NCT06052163,https://clinicaltrials.gov/study/NCT06052163,Bumetanide in Patients With Alzheimer's Disease,"Phase IIa, Randomized, Double-Blind, Placebo-Controlled, Parallel Group Study to Evaluate the Safety and Tolerability of Bumetanide in Patients With Alzheimer's Disease.",RECRUITING,INTERVENTIONAL,PHASE2,TREATMENT,"Diagnostics, imaging, and biomarkers",MCI or prodromal Alzheimer’s,40,Stanford University,Bumetanide; Placebo,Alzheimer Disease,United States,True,1,1,False,True,2023-09-25,2026-01-14,2023-04-10,2026-12-15,2026-12-15,Incidence of Treatment-Related Adverse Events,
NCT06057909,https://clinicaltrials.gov/study/NCT06057909,A Study of Neurodegeneration and Neuronal Fluctuations in Lewy Body Disease and Alzheimer's Disease,Neurodegeneration and Neuronal Fluctuations in Lewy Body Disease and Alzheimer Disease,RECRUITING,OBSERVATIONAL,NOT_APPLICABLE,,"Care, behavior, and quality of life",Care partners or care systems,90,Mayo Clinic,Magnetic Resonance Imaging; Electroencephalography; Electromyography,Lewy Body Disease; Alzheimer Disease; Healthy,United States,True,1,1,False,True,2023-09-28,2026-02-03,2024-04-05,2027-06,2027-06,Diffusion-weighted MRI (dMRI); Electroencephalography (EEG),
NCT06058234,https://clinicaltrials.gov/study/NCT06058234,Medicare Anti-Aβ mAb Coverage With Evidence Development (CED) Study,Prospective Study on Anti-Amyloid-β Monoclonal Antibodies Directed Against Amyloid for the Treatment of Alzheimer's Disease Coverage of Evidence Development (The Anti-Aβ mAb CED Study),RECRUITING,OBSERVATIONAL,NOT_APPLICABLE,,"Diagnostics, imaging, and biomarkers",MCI or prodromal Alzheimer’s,8680,Centers for Medicare and Medicaid Services/ Coverage and Analysis Group,Monoclonal Antibodies Directed Against Amyloid for the Treatment of Alzheimer's Disease,Mild Alzheimer's Disease; Mild Cognitive Impairment (MCI) Due to Alzheimer's Disease,United States,True,1,1,False,True,2023-09-28,2023-09-28,2023-07-06,2028-06-30,2029-06-30,Change in cognition; Change in cognition; Change in function,
NCT06068361,https://clinicaltrials.gov/study/NCT06068361,Diagnostic Evaluation of Dementia with Lewy Bodies Using a Multimodal Approach,"Diagnostic Evaluation of Dementia with Lewy Bodies Using a Multimodal Approach: EEG, Cognitive, Biological and MRI Biomarkers",RECRUITING,OBSERVATIONAL,NOT_APPLICABLE,,"Diagnostics, imaging, and biomarkers",Subjective cognitive concerns,130,Assistance Publique - Hôpitaux de Paris,EEG,Lewy Bodies Disease; Alzheimer Disease; Cognitive Impairment,France,False,1,1,False,True,2023-10-05,2025-03-27,2024-09-11,2027-09,2027-09,Diagnostic performance of a composite multimodal score,
NCT06078891,https://clinicaltrials.gov/study/NCT06078891,Does BCG Vaccination Reduce Biomarkers of Alzheimer's Disease?,Does BCG Vaccination Reduce Biomarkers of Alzheimer's Disease?,ENROLLING_BY_INVITATION,INTERVENTIONAL,EARLY_PHASE1,PREVENTION,"Diagnostics, imaging, and biomarkers",Moderate or later dementia,60,Tamir Ben-Hur,BCG vaccine,"Alzheimer Disease, Late Onset",Israel,False,1,1,False,True,2023-10-12,2025-03-18,2023-07-01,2025-12-31,2025-12-31,"Plasma phosphorylated Tau (p-tau181) biomarker level, measured in picogram/ml by SIMOA technology.",
NCT06079190,https://clinicaltrials.gov/study/NCT06079190,Efficacy and Safety of GSK4527226 [AL101] in Participants With Early Alzheimer's Disease,"A Phase 2, Parallel Group, Randomized, Double- Blind, Placebo-Controlled, 3-Arm, Multicenter Treatment Study to Evaluate the Efficacy and Safety of GSK4527226 [AL101] Intravenous Infusion Compared With Placebo in Patients With Early Alzheimer's Disease",ACTIVE_NOT_RECRUITING,INTERVENTIONAL,PHASE2,TREATMENT,Other interventional treatment research,Preclinical or elevated-risk,367,GlaxoSmithKline,GSK4527226; Placebo,Alzheimer's Disease,Argentina; Australia; Canada; Finland; France; Germany; Italy; Netherlands; Norway; South Korea; Spain; Sweden; Taiwan; Turkey (Türkiye); United Kingdom; United States,True,16,97,True,True,2023-10-12,2025-11-14,2023-10-20,2026-09-30,2026-11-23,"Change from Baseline in Clinical Dementia Rating - Sum of Boxes (CDR-SB) Score for Dose 1 vs Placebo Across Weeks 52, 64 and 76",
NCT06079203,https://clinicaltrials.gov/study/NCT06079203,ED-LEAD: Emergency Departments Leading the Transformation of Alzheimer's and Dementia Care,ED-LEAD: Emergency Departments Leading the Transformation of Alzheimer's and Dementia Care,ACTIVE_NOT_RECRUITING,INTERVENTIONAL,NA,HEALTH_SERVICES_RESEARCH,"Care, behavior, and quality of life",Care partners or care systems,19200,NYU Langone Health,Emergency Care Redesign (ECR); Nurse-led Telephonic Care (NLTC); Community Paramedic-led Transitions Intervention (CPTI),Alzheimer's Disease Related Dementia; Alzheimer Disease,United States,True,1,1,False,True,2023-10-12,2026-03-02,2025-09-02,2027-08-31,2028-08-31,Number of Emergency Department (ED) revisits,
NCT06079216,https://clinicaltrials.gov/study/NCT06079216,Making Connections Thru Music,Making Connections Thru Music: A Group Music Therapy-Based Intervention for Persons With Dementia,NOT_YET_RECRUITING,INTERVENTIONAL,NA,TREATMENT,"Care, behavior, and quality of life",Care partners or care systems,196,Hopeful Aging,Volunteer Led Making Connections Thru Music; Staff Led Making Connections Thru Music,Dementia; Alzheimer Disease; Vascular Dementia,United States,True,1,1,False,True,2023-10-12,2025-01-16,2025-07-01,2025-09-30,2025-09-30,Menorah Park Engagement Scale,
NCT06080659,https://clinicaltrials.gov/study/NCT06080659,Network-based biOmarker Discovery of Neurodegenerative Diseases Using Multimodal Connectivity,Network-based biOmarker Discovery of Neurodegenerative Diseases Using Multimodal Connectivity,RECRUITING,INTERVENTIONAL,NA,DIAGNOSTIC,"Diagnostics, imaging, and biomarkers",Subjective cognitive concerns,120,Rennes University Hospital,fMRI; CONFMEM,"Alzheimer Disease, Early Onset; Parkinson Disease",France,False,1,1,False,True,2023-10-12,2026-01-05,2023-11-06,2026-11,2026-12,Multimodal connectivity graph metrics across diseases,
NCT06081569,https://clinicaltrials.gov/study/NCT06081569,Multimodal Deep Learning for the Diagnosis and Assessment of Alzheimer's Disease,Multimodal Deep Learning for the Diagnosis and Assessment of Alzheimer's Disease,NOT_YET_RECRUITING,OBSERVATIONAL,NOT_APPLICABLE,,"Care, behavior, and quality of life",MCI or prodromal Alzheimer’s,300,First Hospital of China Medical University,gait video; speech video; facial expression video;,Alzheimer Disease; Mild Cognitive Impairment,,False,0,0,False,False,2023-10-13,2023-10-13,2023-10-15,2024-10-15,2026-10-15,The diagnostic efficiency of multimodal deep learning diagnostic strategy,
NCT06088121,https://clinicaltrials.gov/study/NCT06088121,Study to Evaluate the Efficacy and Safety of ATNC-MDD V1(TMS With Cognitive Training) in Mild Alzheimer's Dementia,"Effects of a ATNC MDD-V1 (TMS With Cognitive Training), for the Treatment of Mild Alzheimer Disease: a Randomized, Double-blinded, Placebo-controlled Study",RECRUITING,INTERVENTIONAL,NA,TREATMENT,Lifestyle and multidomain,Care partners or care systems,180,Advanced Technology & Communications,ATNC MDD-V1 (Real TMS + Real Cog); ATNC MDD-V1 (Sham TMS + Real Cog); ATNC BN-V1; ATNC BN-V2,Alzheimer's Disease; Dementia; Brain Diseases; Central Nervous System Diseases; Nervous System Diseases; Neurodegenerative Diseases; Neurocognitive Disorders; Mental Disorder,South Korea,False,1,11,False,True,2023-10-18,2026-04-23,2023-05-15,2027-01-15,2027-06-30,Alzheimer's Disease Assessment Scale-Cognition Score (Efficacy),
NCT06089161,https://clinicaltrials.gov/study/NCT06089161,Personalized Obstructive Sleep Apnea Treatment and Effects on Alzheimer's Disease Biomarkers and Cognition Among Blacks,Personalized Obstructive Sleep Apnea Treatment and Effects on Alzheimer's Disease Biomarkers and Cognition Among Blacks,RECRUITING,INTERVENTIONAL,NA,HEALTH_SERVICES_RESEARCH,"Diagnostics, imaging, and biomarkers",Mixed or not specified,330,University of Miami,Standard of Care; Personalized OSA Treatment,Sleep Apnea,United States,True,1,1,False,True,2023-10-18,2025-05-08,2024-03-19,2027-05-31,2028-05-31,Proportion of participants adherence to OSA treatment,
NCT06092125,https://clinicaltrials.gov/study/NCT06092125,Clinical Applicantion of Multi-Tracer PET/MR Imaging in Neurological Disorders/Disease,Clinical Applicantion of Multi-Tracer PET/MR Imaging in Neurological Disorders/Disease,RECRUITING,OBSERVATIONAL,NOT_APPLICABLE,,"Diagnostics, imaging, and biomarkers",MCI or prodromal Alzheimer’s,2300,"Xuanwu Hospital, Beijing",PET/MR,Alzheimer Disease; Parkinson Disease; Epilepsy; Malignant Brain Tumor,China,False,1,1,False,True,2023-10-23,2025-07-16,2022-10-01,2025-10-31,2028-10-31,SUVr measurement in lesions by 18F-FDG PET images,
NCT06094192,https://clinicaltrials.gov/study/NCT06094192,Improving Memory in Alzheimer's Disease With Noninvasive Brain Stimulation,Personalized Synchronization of Cortical Rhythms to Improve Memory in Alzheimer's Disease,RECRUITING,INTERVENTIONAL,NA,BASIC_SCIENCE,Devices and brain stimulation,MCI or prodromal Alzheimer’s,204,Boston University Charles River Campus,High definition transcranial electrical current stimulation,Alzheimer Disease,United States,True,1,1,False,True,2023-10-23,2025-09-19,2023-12-20,2028-05-31,2028-05-31,Memory performance (active stimulation condition); Memory performance (sham stimulation condition),
NCT06095063,https://clinicaltrials.gov/study/NCT06095063,dTMS for Subjective Cognitive Decline,Effect of Deep Transcranial Magnetic Stimulation (dTMS) on Cognition in Older Adults With Subjective Cognitive Decline (SCD),RECRUITING,INTERVENTIONAL,NA,TREATMENT,Lifestyle and multidomain,Subjective cognitive concerns,30,Rotman Research Institute at Baycrest,Active Brainsway H7-Coil Deep TMS System; Sham Brainsway H7-Coil Deep TMS System; Cognitive Training,Alzheimer Disease; Subjective Cognitive Decline,Canada,False,1,1,False,True,2023-10-23,2025-10-27,2023-11-15,2026-10-01,2026-11-15,Percentage of scheduled treatment sessions that are attended by study participants,
NCT06104852,https://clinicaltrials.gov/study/NCT06104852,Triage Survey for Neurology Research Eligibility,Triage Survey for Neurology Research Eligibility,RECRUITING,OBSERVATIONAL,NOT_APPLICABLE,,Other interventional treatment research,Moderate or later dementia,600,Adams Clinical,Survey; Optional Medication Washout,Alzheimer Disease,United States,True,1,3,False,True,2023-10-27,2023-10-27,2023-06-02,2027-06-02,2027-06-02,"Proportion of the clinical trial seeking population for whom industry-sponsored clinical research is clinically appropriate, as defined as those who go on to screen for a study.",
NCT06112860,https://clinicaltrials.gov/study/NCT06112860,OTC Hearing Aid and MCI,Over-the-counter Hearing Aids and Mild Cognitive Impairment,RECRUITING,INTERVENTIONAL,NA,TREATMENT,Devices and brain stimulation,MCI or prodromal Alzheimer’s,50,Northwestern University,Over the counter hearing aid; Communication Strategies Information/Counseling,Hearing Loss; Mild Cognitive Impairment; Alzheimer Disease and Related Dementias (ADRD),United States,True,1,3,False,True,2023-11-02,2025-09-19,2024-07-23,2026-12-31,2026-12-31,Perception of Conversation Index - Dementia Alzheimer's Type (PCI-DAT),
NCT06120049,https://clinicaltrials.gov/study/NCT06120049,[18F]-MFBG Versus [123I]-MIBG and [18F]-PE2I in PD vs. MSA and DLB vs. AD,Prospective Head-to-head Comparison of Cardiac [18F]-MFBG PET Versus [123I]-MIBG SPECT in the Differentiation Between Parkinson's Disease and Multiple System Atrophy and Between Dementia With Lewy Bodies and Alzheimer's Disease,RECRUITING,INTERVENTIONAL,PHASE2+PHASE3,DIAGNOSTIC,"Diagnostics, imaging, and biomarkers",Mixed or not specified,113,prof. dr. Koen Van Laere,[18F]-MFBG PET CT; [18F]-FE-PE2I PET CT or PET MRI; [123I]-MIBG SPECT CT; [18F]-MFBG PET dosimetry scans,Parkinson Disease; Dementia With Lewy Bodies; MSA - Multiple System Atrophy; Alzheimer Disease,Belgium,False,1,2,False,True,2023-11-07,2025-02-06,2024-01-19,2026-07,2026-07,Difference in diagnostic accuracy between [18F]-MFBG and [I123]-MIBG,
NCT06120361,https://clinicaltrials.gov/study/NCT06120361,The Swedish BioFINDER - Primary Care Study,The Swedish BioFINDER - Primary Care Study,RECRUITING,OBSERVATIONAL,NOT_APPLICABLE,,"Care, behavior, and quality of life",Subjective cognitive concerns,1200,Skane University Hospital,Plasma APS 2 score; Plasma p-tau217/np-tau217; Plasma p-tau217; Plasma neurofilament light (NfL); Plasma Ab42/Ab40; MRI and CT of the brain; Different cognitive tests,Mild Dementia; Mild Cognitive Impairment; SCD; Alzheimer Disease; Lewy Body Disease; Frontotemporal Degeneration; Vascular Dementia,Sweden,False,1,1,False,True,2023-11-07,2026-04-06,2020-01-01,2028-12-31,2028-12-31,Presence of brain AD pathology as determined by CSF AD biomarkers,
NCT06121544,https://clinicaltrials.gov/study/NCT06121544,The Swedish BioFINDER - Preclinical AD Study,The Swedish BioFINDER - Preclinical AD Study,RECRUITING,OBSERVATIONAL,NOT_APPLICABLE,,"Diagnostics, imaging, and biomarkers",Preclinical or elevated-risk,800,Skane University Hospital,Plasma tau; Plasma β-Amyloid 42/40 (Aβ42/Aβ40); Flutemetamol F18 Injection; [18F]-RO6958948 Injection; Magnetic resonance imaging (MRI),Alzheimer Disease; Mild Cognitive Impairment; Mild Dementia,Sweden,False,1,1,False,True,2023-11-08,2026-04-06,2022-04-01,2026-12-31,2026-12-31,Change in cognitive function; Change in cognitive function - digital assessment,
NCT06122415,https://clinicaltrials.gov/study/NCT06122415,The Swedish BioFINDER - Memory Clinic Study,The Swedish BioFINDER - Memory Clinic Study,RECRUITING,OBSERVATIONAL,NOT_APPLICABLE,,"Diagnostics, imaging, and biomarkers",MCI or prodromal Alzheimer’s,1200,Skane University Hospital,Plasma Amyloid Probability Score 2 (APS 2) score; Plasma ptau217/nptau217; Plasma ptau217; Plasma neurofilament light (NfL); Plasma Ab42/Ab40,Mild Dementia; Mild Cognitive Impairment; SCD; Alzheimer Disease; Lewy Body Disease; Frontotemporal Degeneration; Vascular Dementia,Sweden,False,1,1,False,True,2023-11-08,2026-04-06,2022-12-01,2026-12-31,2026-12-31,Brain AD pathology as determined by CSF AD biomarkers,
NCT06129838,https://clinicaltrials.gov/study/NCT06129838,Investigation of Inflammation in Alzheimer's Disease and Related Dementias (ADRD) Using [11C]-CS1P1,Investigation of Inflammation in Alzheimer's Disease and Related Dementias (ADRD) Using [11C]-CS1P1,RECRUITING,OBSERVATIONAL,NOT_APPLICABLE,,"Diagnostics, imaging, and biomarkers",MCI or prodromal Alzheimer’s,80,Washington University School of Medicine,[11C]-CS1P1,Alzheimer Disease,United States,True,1,1,False,True,2023-11-13,2026-06-09,2023-05-05,2027-05,2027-05,PET imaging studies of [11C]-CS1P1 in healthy control participants and participants with Alzheimer's Disease and measuring the uptake of [11C]-CS1P1 tracer.,
NCT06147999,https://clinicaltrials.gov/study/NCT06147999,Impact of a Biophoton Therapy on Patients With Brain Disorders,Impact of a Biophoton Therapy on Patients With Brain Disorders,RECRUITING,INTERVENTIONAL,NA,TREATMENT,Lifestyle and multidomain,Care partners or care systems,80,First Institute of All Medicines,Biophotonizer - a Biophoton Generator,"Brain Disorders - Alzheimer's Disease, Dementia, Parkinson's Disease, Traumatic Brain Injury",United States,True,1,1,False,True,2023-11-28,2025-08-08,2023-11-08,2026-11-08,2026-11-08,Overall Life Quality impacted by Biophoton Therapy; Cognitive Capacity impacted by Biophoton Therapy,
NCT06152211,https://clinicaltrials.gov/study/NCT06152211,"Music-Based Interventions, Aging, Alzheimer's Disease",Using Music-Based Interventions to Improve the Quality of Life and Wellbeing of Older Adults With or at Risk of Alzheimer's Disease,RECRUITING,INTERVENTIONAL,NA,TREATMENT,"Care, behavior, and quality of life",Preclinical or elevated-risk,66,University of Southern California,Choir; Group Music Listening,Speech Perception; Anxiety; Social Behavior,United States,True,1,1,False,True,2023-11-30,2024-08-02,2024-10-01,2025-12-30,2025-12-30,Speech in Noise Perception ( SIN) as measured by QuickSIN,
NCT06160908,https://clinicaltrials.gov/study/NCT06160908,Transcranial Near-infrared Light Therapy for Mild-Moderate Alzheimer's Disease (NIR4AD),The Safety and Efficacy of Transcranial Near-infrared Light in the Treatment of Mild-Moderate Alzheimer's Disease,ACTIVE_NOT_RECRUITING,INTERVENTIONAL,NA,TREATMENT,Devices and brain stimulation,Care partners or care systems,38,"Xuanwu Hospital, Beijing",NirsCure; sham NirsCure; NirsCure,Alzheimer Disease,China,False,1,1,False,True,2023-12-07,2026-04-13,2023-12-12,2024-08-25,2028-06-30,change from baseline on the Alzheimer's disease assessment scale-cognitive section(ADAS-Cog),
NCT06168604,https://clinicaltrials.gov/study/NCT06168604,Evaluating the Efficacy of the Pain Identification and Communication Toolkit,The Pain Identification and Communication Toolkit: A Training Program to Support Family Caregivers of Persons With ADRD,RECRUITING,INTERVENTIONAL,NA,HEALTH_SERVICES_RESEARCH,"Care, behavior, and quality of life",Care partners or care systems,440,Weill Medical College of Cornell University,Pain Identification and Communication Toolkit; Health Promotion Program,"Caregiver Burden; Cognitive Impairment; Dementia; Alzheimer Disease; Pain, Chronic",United States,True,1,1,False,True,2023-12-13,2026-02-12,2023-12-14,2027-10-30,2027-10-30,Change in caregiver-reported pain communication; Change in pain management discussions with health care providers; Change in concordance between patient and caregiver pain ratings,
NCT06170268,https://clinicaltrials.gov/study/NCT06170268,Alzheimer's National Registry for Treatment and Diagnostics(ALZ-NET),Alzheimer's National Registry for Treatment and Diagnostics,RECRUITING,OBSERVATIONAL,NOT_APPLICABLE,,"Care, behavior, and quality of life",MCI or prodromal Alzheimer’s,20000,"Alzheimer's Disease and Related Disorders Association, Inc",Routine Care Documentation,Alzheimer Disease,United States,True,1,1,False,True,2023-12-14,2023-12-14,2022-10-20,2032-12,2032-12,Evaluate whether FDA-approved treatments improve health outcomes (as measured by slowing of cognitive decline) over time in a real-world population in broad clinical settings.; Evaluate whether FDA-approved treatments improve health outcomes (as measured by slowing of cognitive decline) over time in a real-world population in broad clinical settings.; Evaluate whether FDA-approved treatments improve health outcomes (as measured by slowing of functional decline) over time in a real-world population in broad clinical settings.,
NCT06174038,https://clinicaltrials.gov/study/NCT06174038,Early Age-Related Hearing Loss Investigation (EARHLI),Early Age-Related Hearing Loss Investigation (EARHLI): A Randomized Controlled Trial to Assess the Mechanisms Linking Early Age-Related Hearing Loss and Alzheimer's Disease and Related Dementias,RECRUITING,INTERVENTIONAL,NA,TREATMENT,"Diagnostics, imaging, and biomarkers",Preclinical or elevated-risk,150,Columbia University,Hearing Intervention; Health Education Intervention,Alzheimer Disease; Hearing Loss; Cognitive Impairment,United States,True,1,1,False,True,2023-12-18,2025-08-05,2024-08-01,2027-12-31,2027-12-31,"Free and Cued Selective Reminding Test (FC-SRT) Score; Delayed Recall Log Memory IIa, (DRLM) Score; Digit Symbol Substitution Test, (DSST) Score",
NCT06177028,https://clinicaltrials.gov/study/NCT06177028,MCLENA-2: A Phase II Clinical Trial for the Assessment of Lenalidomide in Patients With Mild Cognitive Impairment,MCLENA-2: A Phase II Clinical Trial for the Assessment of Biomarker Trajectory in Patients With Mild Cognitive Impairment Due to Alzheimer's Disease Treated With Lenalidomide (Amendment to IND # 142121),NOT_YET_RECRUITING,INTERVENTIONAL,PHASE2,TREATMENT,"Diagnostics, imaging, and biomarkers",Preclinical or elevated-risk,45,"St. Joseph's Hospital and Medical Center, Phoenix",Lenalidomide 10 mg,"Cognitive Impairment, Mild; Cognitive Dysfunction; Amyloid Plaque; Neurodegenerative Disease, Hereditary; Inflammation, Brain",,False,0,0,False,False,2023-12-20,2025-05-18,2025-06-01,2026-01-02,2027-01-02,To assess the effect of lenalidomide,
NCT06179680,https://clinicaltrials.gov/study/NCT06179680,White Matter Hyperintensities in Amnestic Mild Cognitive Impairment or Alzheimer's Disease,Quantification of White Matter Hyperintensities in Subjects With Amnestic Mild Cognitive Impairment or Alzheimer's Disease,RECRUITING,OBSERVATIONAL,NOT_APPLICABLE,,"Diagnostics, imaging, and biomarkers",MCI or prodromal Alzheimer’s,142,IRCCS Policlinico S. Donato,Magnetic Resonance Imaging,Mild Cognitive Impairment; Alzheimer Disease,Italy,False,1,1,False,True,2023-12-22,2025-07-09,2022-07-21,2026-12,2026-12,White Matter Hyperintensity burden,
NCT06181513,https://clinicaltrials.gov/study/NCT06181513,Probiotics in Mild Alzheimer's Disease,Effect of Probiotics on Cognitive Functioning of Patients With Mild Alzheimer's Disease,RECRUITING,INTERVENTIONAL,EARLY_PHASE1,TREATMENT,Lifestyle and multidomain,Mild Alzheimer’s dementia,40,University of Nicosia,Probiotic Blend Capsule,Neurodegenerative Diseases; Cognition Disorders in Old Age,Cyprus,False,1,1,False,True,2023-12-26,2024-12-05,2022-12-19,2025-07-01,2025-12-01,Level of inflammatory markers,
NCT06183658,https://clinicaltrials.gov/study/NCT06183658,Greater-Bay-Area Healthy Aging Brain Study (GHABS),Greater-Bay-Area Healthy Aging Brain Study (GHABS): Biomarker- and Neuroimaging-based Study of the Pathophysiology Characterization and Evolutionary Patterns of Alzheimer's Disease,RECRUITING,OBSERVATIONAL,NOT_APPLICABLE,,"Diagnostics, imaging, and biomarkers",Care partners or care systems,1400,Shenzhen Bay Laboratory,Fluids biomarker and neuroimaging of AD diagnosis,Alzheimer's Disease,China,False,1,1,False,True,2023-12-27,2025-05-14,2021-05-01,2026-04-30,2026-04-30,"Longitudinal changes of cognitive function _ ADAS-Cog; Longitudinal changes of cognitive function _ MMSE, the Chinese version; Longitudinal changes of cognitive function _ MoCA-Basic",
NCT06191198,https://clinicaltrials.gov/study/NCT06191198,Communication Bridge 3 Study,Communication Bridge: Optimizing an Evidence-based Intervention for Individuals With Primary Progressive Aphasia,RECRUITING,INTERVENTIONAL,PHASE2,TREATMENT,"Care, behavior, and quality of life",Moderate or later dementia,200,University of Chicago,Communication Bridge™; Evidence-Based Impairment Focused,Primary Progressive Aphasia,United States,True,1,1,False,True,2024-01-05,2026-06-01,2024-08-23,2028-07-15,2028-07-15,Change in Communication Participation Person Centered Goals; Change in Communication Participation; Montgomery Burden Inventory (MBI),
NCT06203106,https://clinicaltrials.gov/study/NCT06203106,NYSCF Scientific Discovery Biobank,NYSCF Scientific Discovery Biobank,RECRUITING,OBSERVATIONAL,NOT_APPLICABLE,,Other interventional treatment research,Mixed or not specified,10000,New York Stem Cell Foundation Research Institute,Biological Sample Collection,"ALS; Amyotrophic Lateral Sclerosis; Alzheimer Disease; Alzheimer Disease, Early Onset; Alzheimer Disease, Late Onset; Batten Disease; Corticobasal Degeneration; Dementia; Frontotemporal Dementia; Huntington Disease; Lewy Body Disease; Multiple Sclerosis; Multiple System Atrophy; Parkinson Disease; Parkinson's Disease and Parkinsonism; Progressive Supranuclear Palsy; INAD; Diabetes; Diabetes Mellitus; Diabetes Mellitus, Type 2; Diabetes Mellitus, Type 1; Macular Degeneration; Ovarian Cancer; Cervical Cancer; Uterine Cancer; Vaginal Cancer; Vulvar Cancer; PTSD; Post Traumatic Stress Disorder",United States,True,1,1,False,True,2024-01-12,2025-03-03,2022-11-10,2045-11-10,2045-11-10,Biobank,
NCT06209515,https://clinicaltrials.gov/study/NCT06209515,Sociodemographic Factors and Criminal Behaviour Preceding Neurodegenerative Disease - Retrospective Register Study,Sociodemographic Factors and Criminal Behaviour Preceding Neurodegenerative Disease - Retrospective Register Study,ACTIVE_NOT_RECRUITING,OBSERVATIONAL,NOT_APPLICABLE,,Vascular and blood-brain barrier,Mixed or not specified,61292,Kuopio University Hospital,,Neurodegenerative Diseases; Alzheimer Disease; Frontotemporal Dementia; Lewy Body Disease; Vascular Dementia; Parkinson Disease; Progressive Supranuclear Palsy; Corticobasal Degeneration; Multiple System Atrophy; Amyotrophic Lateral Sclerosis; Huntington Disease,Finland,False,1,1,False,True,2024-01-17,2024-01-31,2022-01-01,2027-12-31,2027-12-31,"Criminal behaviour: Type of offence, time of offence and other disruptive behaviour; Socio-demographic data; Hospital diagnoses",
NCT06211374,https://clinicaltrials.gov/study/NCT06211374,Communication Bridge Pilot Study,Communication Bridge: Optimizing an Evidence-based Intervention for Individuals With Primary Progressive Aphasia,ACTIVE_NOT_RECRUITING,INTERVENTIONAL,NA,TREATMENT,Other interventional treatment research,Moderate or later dementia,12,University of Chicago,Communication Bridge,Primary Progressive Aphasia,United States,True,1,1,False,True,2024-01-18,2025-08-07,2024-06-28,2026-05-31,2026-05-31,Change in Communication Participation Person Centered Goals,
NCT06215274,https://clinicaltrials.gov/study/NCT06215274,Cognitive Leisure and Preclinical Alzheimer's Disease: Exploring Neural Mechanisms,The Impact of Cognitive Leisure Activity Levels on Cognitive Function in the Preclinical Stage of Alzheimer's Disease and the Study of Its Neural Circuitry Regulation Mechanisms,RECRUITING,OBSERVATIONAL,NOT_APPLICABLE,,"Care, behavior, and quality of life",Preclinical or elevated-risk,156,Yuanjiao Yan,"Relationship of the cognitive leisure activity levels, cognitive function, and MRI characteristics.",Cognitive Dysfunction,China,False,1,1,False,True,2024-01-22,2024-05-17,2024-04-27,2026-06-30,2026-12-31,Cognitive leisure activity levels,
NCT06223360,https://clinicaltrials.gov/study/NCT06223360,A Trial to Evaluate the Safety and Efficacy of Benfotiamine in Patients With Early Alzheimer's Disease (BenfoTeam),A Seamless Phase 2A-Phase 2B Randomized Double-Blind Placebo- Controlled Trial to Evaluate the Safety and Efficacy of Benfotiamine in Patients With Early Alzheimer's Disease (BenfoTeam),ACTIVE_NOT_RECRUITING,INTERVENTIONAL,PHASE2,TREATMENT,"Diagnostics, imaging, and biomarkers",MCI or prodromal Alzheimer’s,406,Alzheimer's Disease Cooperative Study (ADCS),Low Dose Benfotiamine; High Dose Benfotiamine; Placebo,Alzheimer Disease,United States,True,1,47,False,True,2024-01-25,2026-06-04,2024-03-28,2027-12-01,2027-12-01,Phase 2A: The rate of tolerability events (TEs).; Phase 2B: The primary cognitive endpoint is the within-participant change from baseline to 72 weeks compared between active arms (benfotiamine) and placebo on the Alzheimer's Disease Assessment Scale - Cognitive Subscale 13 (ADAS-Cog13).; Phase 2B: The primary functional endpoint is the within-participant change from baseline to 72 weeks compared between active arm (benfotiamine) and placebo on the Clinical Dementia Rating - Sum of Boxes (CDR-SB).,
NCT06224205,https://clinicaltrials.gov/study/NCT06224205,Digital Detection of Dementia (D Cubed) Studies: D3,Digital Detection of Dementia (D Cubed) Studies: D3,RECRUITING,INTERVENTIONAL,NA,SCREENING,"Care, behavior, and quality of life",MCI or prodromal Alzheimer’s,3150,Indiana University,Passive Digital Marker for screening for ADRD,Alzheimer Disease and Related Dementias (ADRD),United States,True,1,1,False,True,2024-01-25,2025-10-27,2023-11-08,2025-11-08,2025-11-08,Incidence of ADRD,
NCT06230783,https://clinicaltrials.gov/study/NCT06230783,Speech Pattern Evaluation and Analysis for Knowledge of AD,Connected Language and Speech Along the Spectrum of ADRD: Digital Assessment and Monitoring,RECRUITING,OBSERVATIONAL,NOT_APPLICABLE,,"Care, behavior, and quality of life",Preclinical or elevated-risk,165,"University of Wisconsin, Madison",TalkTracker,Wisconsin Alzheimer's Disease Research Center; Wisconsin Registry for Alzheimer's Prevention,United States,True,1,1,False,True,2024-01-30,2026-03-12,2025-01-22,2029-02,2029-02,Usability of remote at-home speech collection - objective; Usability of remote at-home speech collection - objective; Feasibility of remote at-home speech collection,
NCT06245031,https://clinicaltrials.gov/study/NCT06245031,"Extension to a Pivotal Study of Sensory Stimulation in Alzheimer's Disease (OLE Hope Study, CA-0015)","Open-Label Extension to a Randomized, Double-blind, Sham-controlled, Adaptive-Design Pivotal Study of Sensory Stimulation in Subjects With Alzheimer's Disease (OLE Hope Study, CA-0015)",ENROLLING_BY_INVITATION,INTERVENTIONAL,NA,TREATMENT,Devices and brain stimulation,MCI or prodromal Alzheimer’s,402,"Cognito Therapeutics, Inc.",Sensory Stimulation System (GS120) - Active,"Alzheimer Disease; Cognitive Impairment; Mild Cognitive Impairment; Dementia, Mild; Dementia Moderate; Dementia Alzheimers; Dementia of Alzheimer Type; AD",United States,True,1,53,False,True,2024-02-07,2024-05-07,2024-02-29,2026-12,2027-03,Change from Baseline in Alzheimer's Disease Cooperative Study - Activities of Daily Living (ADCS-ADL) at 12-Months; Change from Baseline in a Combined Statistical Test (CST) that creates a composite measure (combining Alzheimer's Disease Cooperative Study - Activities of Daily Living (ADCS-ADL) and Mini-Mental State Exam (MMSE) scales into one measure) at 12-Months,
NCT06245616,https://clinicaltrials.gov/study/NCT06245616,Attenuation of Postprandial Inflammatory Processes in Alzheimer's Disease Patients by Consumption of Pomace Oil,Attenuation of Postprandial Inflammatory Processes in Alzheimer's Disease Patients by Consumption of Pomace Oil,ACTIVE_NOT_RECRUITING,INTERVENTIONAL,NA,PREVENTION,"Diagnostics, imaging, and biomarkers",Early Alzheimer’s disease,80,Spanish National Research Council,Consumption of olive pomace olive oil by alzheimer's patients; Consumption of high-oleic sunflower oil by alzheimer's patients,Alzheimer's Disease,Spain,False,1,1,False,True,2024-02-07,2026-02-12,2024-05-01,2026-05-30,2026-06-30,Postprandial serum triglycerides,
NCT06254469,https://clinicaltrials.gov/study/NCT06254469,Visualizing Brain Proteinopathies Using [F-18]Flornaptitril-PET in the Prediction of Clinical Progression of Mild Cognitive Impairment With Either Suspected Chronic Traumatic Encephalopathy or Alzheimer's Disease,Visualizing Brain Proteinopathies Using [F-18]Flornaptitril-PET in the Prediction of Clinical Progression of Mild Cognitive Impairment With Either Suspected Chronic Traumatic Encephalopathy or Alzheimer's Disease,RECRUITING,INTERVENTIONAL,PHASE3,DIAGNOSTIC,"Diagnostics, imaging, and biomarkers",MCI or prodromal Alzheimer’s,230,"CereMark Pharma, LLC",[F-18]Flornaptitril,Alzheimer Disease; Chronic Traumatic Encephalopathy,United States,True,1,1,False,True,2024-02-12,2025-07-30,2025-07-01,2028-06-30,2029-06-30,Accuracy of F-18 FNT-PET in prediction of clinical decline; Assessment of the safety of F-18 FNT using adverse events and serious adverse events.; Assessment of the safety of F-18 FNT using vital signs.,
NCT06268886,https://clinicaltrials.gov/study/NCT06268886,"Study to Evaluate the Efficacy, Safety, and Tolerability of an Anti-MTBR Tau Monoclonal Antibody (BMS-986446) in Participants With Early Alzheimer's Disease","A Randomized, Double-blind, Placebo-controlled, Global Proof-of-concept Study to Evaluate the Efficacy, Safety, and Tolerability of BMS-986446, an Anti-MTBR Tau Monoclonal Antibody, in Participants With Early Alzheimer's Disease (TargetTau-1)",ACTIVE_NOT_RECRUITING,INTERVENTIONAL,PHASE2,TREATMENT,Tau-targeting approaches,MCI or prodromal Alzheimer’s,310,Bristol-Myers Squibb,BMS-986446; Placebo,"Alzheimer Disease, Early Onset",Australia; Belgium; Canada; Japan; Singapore; South Korea; Spain; Sweden; United Kingdom; United States,True,10,176,True,True,2024-02-20,2025-07-24,2024-03-20,2027-03-18,2027-03-18,Change from baseline in brain tau deposition as measured by tau positron emission tomography (PET),
NCT06285448,https://clinicaltrials.gov/study/NCT06285448,Feasibility of Lecanemab Registry and Clinical Outcome Measures,Feasibility of Lecanemab Registry and Clinical Outcome Measures,ENROLLING_BY_INVITATION,OBSERVATIONAL,NOT_APPLICABLE,,"Care, behavior, and quality of life",Care partners or care systems,20,HealthPartners Institute,Lecanemab,Alzheimer Disease,United States,True,1,1,False,True,2024-02-29,2026-01-28,2024-01-02,2027-12-31,2028-06-30,Feasibility of enrollment; Feasibility of completing visits; Qualitative experience at 3 months,
NCT06291909,https://clinicaltrials.gov/study/NCT06291909,Small Steps Towards Improving Activity and Sleep Habits to Decrease the Risk of Dementia,"Small Steps Towards Personalized Dementia Prevention: Implementation and Evaluation of a Personalized, Technology-assisted Physical Behaviour Intervention",ACTIVE_NOT_RECRUITING,INTERVENTIONAL,NA,PREVENTION,Lifestyle and multidomain,MCI or prodromal Alzheimer’s,88,University of South Australia,Small Steps Program; Comparator Program,Dementia; Alzheimer Disease,Australia,False,1,1,False,True,2024-03-04,2025-09-17,2024-04-03,2026-02-28,2027-01-31,"Number of participant logins onto the ""Small Steps"" website; Number of participant check-ins on the ""Small Steps"" dashboard; Number of participant behavioural change choices on the ""Small Steps"" website during the Introduction Phase. The greater number of choices indicates a greater engagement with the intervention and use of the website.",
NCT06292741,https://clinicaltrials.gov/study/NCT06292741,Autonomic Involvement in Patient With Cognitive Decline,Evaluation of the Prevalence of Autonomic Nervous System Involvement in Patients With Cognitive Impairment by a Non-invasive Combined Study of Dysautonomia,RECRUITING,INTERVENTIONAL,NA,DIAGNOSTIC,"Diagnostics, imaging, and biomarkers",MCI or prodromal Alzheimer’s,120,Fondazione Policlinico Universitario Agostino Gemelli IRCCS,Sudoscan,"Dementia, Mild; Dementia of Alzheimer Type",Italy,False,1,1,False,True,2024-03-05,2025-08-26,2023-01-11,2025-10,2026-01,evaluation of the prevalence in autonomic dysfunction in patients with MCI and dementia,
NCT06295263,https://clinicaltrials.gov/study/NCT06295263,Application of AI Technology for the Diagnosis and Treatment of Geriatric Diseases,Application of AI Technology for the Diagnosis and Treatment of Geriatric Diseases,RECRUITING,OBSERVATIONAL,NOT_APPLICABLE,,"Diagnostics, imaging, and biomarkers",Moderate or later dementia,460,Qilu Hospital of Shandong University,"Handwriting, gait, speech, eye movements, biological samples (blood, urine, stool, saliva, etc.), images, EEG, and other relevant markers",Parkinson Disease; Alzheimer Disease; Nervous System Diseases; Geriatric Diseases,China,False,1,1,False,True,2024-03-06,2025-05-11,2022-03-01,2026-06-28,2026-06-29,Handwriting; gait; speech,
NCT06295458,https://clinicaltrials.gov/study/NCT06295458,Gamma Sensory Flicker for Parkinson's Disease Patients With Freezing of Gait,Gamma Sensory Flicker for Parkinson's Disease Patients With Freezing of Gait,ACTIVE_NOT_RECRUITING,INTERVENTIONAL,NA,TREATMENT,"Care, behavior, and quality of life",Mixed or not specified,24,Emory University,David Delight Plus Device; Sham Therapy,"Gait Disorders, Neurologic; Parkinson Disease",United States,True,1,1,False,True,2024-03-06,2026-03-05,2024-07-08,2026-06,2027-06,Number of participants with Adverse events; Number of participants compliant with the study procedures,
NCT06297590,https://clinicaltrials.gov/study/NCT06297590,A First-In-Human Study of LY3954068 in Participants With Early Symptomatic Alzheimer's Disease,"A Single- and Multiple-Ascending Dose Study to Evaluate the Safety, Tolerability, Pharmacokinetics, and Pharmacodynamics of LY3954068 in Patients With Early Symptomatic Alzheimer's Disease",RECRUITING,INTERVENTIONAL,PHASE1,BASIC_SCIENCE,Tau-targeting approaches,MCI or prodromal Alzheimer’s,48,Eli Lilly and Company,LY3954068; Placebo; Flortaucipir F18,Alzheimer Disease,Japan; United Kingdom; United States,True,3,10,True,True,2024-03-07,2026-04-20,2024-08-15,2027-02,2027-02,"Part A: Number of participants with one or more Adverse Event (s) (AEs), Treatment Emergent Adverse Events (TEAEs) and Serious Adverse Event(s) (SAEs) considered by the investigator to be related to study drug administration; Part B: Number of participants with one or more Adverse Event (s) (AEs), Treatment Emergent Adverse Events (TEAEs) and Serious Adverse Event(s) (SAEs) considered by the investigator to be related to study drug administration",
NCT06298474,https://clinicaltrials.gov/study/NCT06298474,The BRAIN App (Phase 2 SBIR),The BRAIN App (Phase 2 SBIR): Building Relationships Using Artificial Intelligence and Nostalgia,RECRUITING,INTERVENTIONAL,NA,TREATMENT,"Care, behavior, and quality of life",Care partners or care systems,120,Hopeful Aging,The BRAIN App,Dementia; Alzheimer Disease; Vascular Dementia,United States,True,1,1,False,True,2024-03-07,2025-06-19,2025-05-15,2026-06-15,2026-07-30,Menorah Park Engagement Scale (MPES); Menorah Park Engagement Scale (MPES); Engagement for Persons with Dementia Scale (EPWDS),
NCT06304129,https://clinicaltrials.gov/study/NCT06304129,Diagnostic Performance of Plasma Biomarkers of Alzheimer's Disease Compared With CSF Markers,Threshold Values and Diagnostic Performance of Plasma Biomarkers of Alzheimer's Disease Compared With CSF Markers,NOT_YET_RECRUITING,INTERVENTIONAL,NA,DIAGNOSTIC,"Diagnostics, imaging, and biomarkers",Mixed or not specified,189,"Central Hospital, Nancy, France",Blood ponction,Alzheimer Blood Biomarkers,France,False,1,1,False,True,2024-03-12,2024-03-12,2024-04-02,2026-01-02,2026-09-02,"Aβ40 and Aβ42, P-Tau, Tau and NFL",
NCT06313853,https://clinicaltrials.gov/study/NCT06313853,Enhancing Triadic Communication About Cognition for Older Adults With Alzheimer's Disease or Related Dementias Facing a Cancer Management Decision,Enhancing Triadic Communication About Cognition for Older Adults With Alzheimer's Disease or Related Dementias Facing a Cancer Management Decision,RECRUITING,INTERVENTIONAL,NA,SUPPORTIVE_CARE,"Care, behavior, and quality of life",Care partners or care systems,300,University of Rochester,COACH-Cog,Cancer; Dementia,United States,True,1,1,False,True,2024-03-15,2026-03-24,2024-10-01,2027-04-15,2027-04-30,Care Partner: Health Care Climate Questionnaire (HCCQ),
NCT06320639,https://clinicaltrials.gov/study/NCT06320639,DRIVing Simulator and People With NeuroCognitive Disorders,Driving Simulator and People With Neurocognitive Disorders,RECRUITING,OBSERVATIONAL,NOT_APPLICABLE,,"Care, behavior, and quality of life",Preclinical or elevated-risk,150,University Gustave Eiffel,,Neurocognitive Disorders,France,False,1,1,False,True,2024-03-20,2024-03-20,2023-10-03,2026-10-10,2026-10-10,Awareness score of driving ability; Driving performance variables measured by the driving simulator,
NCT06322667,https://clinicaltrials.gov/study/NCT06322667,A Post Marketing Study in Participants With Early Alzheimer's Disease Treated With Lecanemab,"A Multicenter, Postmarketing Observational Study to Evaluate Safety Regarding Amyloid-Related Imaging Abnormalities and Their Management in Patients With Early Alzheimer's Disease and Treated With Lecanemab",RECRUITING,OBSERVATIONAL,NOT_APPLICABLE,,Amyloid-targeting approaches,Early Alzheimer’s disease,5000,"Eisai Co., Ltd.",No Intervention,Alzheimer's Disease,Japan,False,1,3,False,True,2024-03-21,2026-01-23,2024-02-14,2027-12-31,2027-12-31,"Number of Participants With Amyloid Related Imaging Abnormality-Oedema/Effusion (ARIA-E) and Amyloid Related Imaging Abnormality-Microhemorrhage and Hemosiderin Deposit, and Cerebellar Microhaemorrhage (ARIA-H); Number of Participants With Interruption or Discontinuation of Lecanemab After Onset of ARIA",
NCT06325527,https://clinicaltrials.gov/study/NCT06325527,Cognitive Impairment Cohort Study of the Elderly Population in YuGarden,Shanghai Cognitive Impairment Study of the Elderly Population: YuGarden Cohort,NOT_YET_RECRUITING,OBSERVATIONAL,NOT_APPLICABLE,,"Diagnostics, imaging, and biomarkers",MCI or prodromal Alzheimer’s,1872,Ruijin Hospital,,Alzheimer Disease; Neurodegenerative Diseases; Cognitive Impairment; Mild Cognitive Impairment,China,False,1,1,False,True,2024-03-22,2024-03-22,2024-04-01,2031-04-01,2031-06-01,Incidence of cognitive impairment,
NCT06330155,https://clinicaltrials.gov/study/NCT06330155,A Genetic Study for Alzheimer Dementia: Case-control Study,A Genetic Study for Alzheimer Dementia: Case-control Study,NOT_YET_RECRUITING,OBSERVATIONAL,NOT_APPLICABLE,,Other Alzheimer clinical studies,Moderate or later dementia,20,"MinYoung Kim, MD, PhD",,Alzheimer Dementia (AD),,False,0,0,False,False,2024-03-26,2024-04-04,2024-03-26,2026-12-31,2026-12-31,genetic analysis,
NCT06335173,https://clinicaltrials.gov/study/NCT06335173,A Study to Evaluate Efficacy and Safety of Intravenous Sabirnetug in Participants With Early Alzheimer's Disease (ALTITUDE-AD),"A Phase 2 Double-Blind, Randomized, Placebo-Controlled Trial to Evaluate the Efficacy and Safety of Intravenous Sabirnetug in Early Alzheimer's Disease",ACTIVE_NOT_RECRUITING,INTERVENTIONAL,PHASE2,TREATMENT,Other interventional treatment research,MCI or prodromal Alzheimer’s,542,Acumen Pharmaceuticals,sabirnetug; Placebo,Alzheimer Disease,Canada; Germany; Spain; United Kingdom; United States,True,5,68,True,True,2024-03-28,2025-10-27,2024-02-29,2026-10,2026-10,Change from Baseline in Integrated Alzheimer's Disease Rating Scale (iADRS) Score,
NCT06335836,https://clinicaltrials.gov/study/NCT06335836,"The Effects of Social Isolation and Social Interaction on the Risk of Dementia Progression and Brain Function in SCD (Subjective Cognitive Decline, SCD)","The Effects of Social Isolation and Social Interaction on the Risk of Dementia Progression and Brain Function in SCD (Subjective Cognitive Decline, SCD)",RECRUITING,OBSERVATIONAL,NOT_APPLICABLE,,Other interventional treatment research,Subjective cognitive concerns,209,The First Affiliated Hospital with Nanjing Medical University,social isolation,Social Isolation; SCD; Subjective Cognitive Decline; MCI; Mild Cognitive Impairment; AD; Alzheimer Disease,China,False,1,1,False,True,2024-03-28,2024-03-28,2024-03-01,2028-12-30,2028-12-30,Incidence of Mild Cognitive Impairment (MCI); Incidence of Alzheimer's disease (AD),
NCT06337578,https://clinicaltrials.gov/study/NCT06337578,Advances in Telephone-based Cognitive Screening Procedures,Avanzamenti in Materia di Screening Cognitivo Telefonico,RECRUITING,OBSERVATIONAL,NOT_APPLICABLE,,"Care, behavior, and quality of life",Care partners or care systems,280,Istituto Auxologico Italiano,"Telephone-based neuropsychological assessment - ALS; Telephone-based neuropsychological assessment - AD, LBD, FTD and CVD; Telephone-based and in-person cognitive screening - NIs",Amyotrophic Lateral Sclerosis; Alzheimer's Disease; Lewy Body Dementia; Frontotemporal Degeneration; Cerebrovascular Disorders,Italy,False,1,1,False,True,2024-03-29,2024-03-29,2023-10-25,2026-10-25,2026-10-25,"ALS Cognitive Behavioral Screen-Phone Version in ALS patients; Telephone Interview for Cognitive Status in AD, LBD, FTD and CVD patients; Telephone-based Frontal Assessment Battery in ALS, AD, LBD, FTD and CVD patients",
NCT06338397,https://clinicaltrials.gov/study/NCT06338397,Social & Affective Cognition in Alzheimer's Disease & Associated Disorders,Social & Affective Cognition as Determinant of Social Behavior in Alzheimer's Disease & Associated Disorders,RECRUITING,INTERVENTIONAL,NA,OTHER,Other interventional treatment research,Moderate or later dementia,120,"University Hospital, Lille",SCANN,Alzheimer's Disease; Frontotemporal Degeneration (Semantic & Behavioral Variants),France,False,1,1,False,True,2024-03-29,2026-04-30,2025-01-28,2028-01-28,2028-05-02,Correlation coefficient between the mini Social cognition & Emotional Assessment - mini-SEA - total score and the Social Behavior Observer Checklist - SBOC - score in all participants.,
NCT06338904,https://clinicaltrials.gov/study/NCT06338904,Brief Problem-solving Intervention in Different Formats for the Prevention of Suicide in Adults Over 50,Efficacy of a Brief Poblem-solving Based Psychological Intervention Implemented in Different Formats for the Indicated Prevention of Suicide in Adults Over 50,RECRUITING,INTERVENTIONAL,NA,PREVENTION,Devices and brain stimulation,Mixed or not specified,212,University of Santiago de Compostela,Problem-solving-based psychological intervention,Suicide,Spain,False,1,1,False,True,2024-04-01,2026-05-05,2023-09-01,2026-05-31,2026-05-31,"Change from baseline suicidal ideation to post-treatment (7 weeks), and follow-ups at 6 and 12 months.; Change from baseline suicidal ideation to post-treatment (7 weeks), and follow-ups at 6 and 12 months.",
NCT06339190,https://clinicaltrials.gov/study/NCT06339190,Neurofilament Light Chain And Voice Acoustic Analyses In Dementia Diagnosis,A Blood Test for Dementia? A Cohort Study to Assess the Diagnostic Utility of Plasma Neurofilament Light Chain Protein in All-cause Dementia,RECRUITING,OBSERVATIONAL,NOT_APPLICABLE,,"Care, behavior, and quality of life",Preclinical or elevated-risk,1000,Monash University,Venepuncture,Neurodegenerative Diseases; Dementia,Australia,False,1,2,False,True,2024-04-01,2025-05-30,2021-08-01,2025-12,2027-12,Baseline NfL level,
NCT06351800,https://clinicaltrials.gov/study/NCT06351800,The PredictPlusPrevent Study,"Universal Prevention of Depression and Anxiety in the General Population Through a Personalized Intervention Based on Risk Algorithms, ICTs, and Decision Support Systems: Randomized Controlled Trial. The ""PredictPlusPrevent"" Study",NOT_YET_RECRUITING,INTERVENTIONAL,NA,PREVENTION,"Care, behavior, and quality of life",Moderate or later dementia,9000,The Mediterranean Institute for the Advance of Biotechnology and Health Research,Predictplusprevent intervention; Psychoeducational intervention,Depression; Anxiety Disorders,,False,0,0,False,False,2024-04-08,2025-09-19,2026-02-15,2028-03-07,2028-03-07,Incidence of depression and/or anxiety disorders.,
NCT06352710,https://clinicaltrials.gov/study/NCT06352710,"Determining Postoperative Recovery and the Impact of Adverse Events in Neurosurgery Based on Self-reported, App-based Longitudinal Assessment","Determining Postoperative Recovery and the Impact of Adverse Events in Neurosurgery Based on Self-reported, App-based Longitudinal Assessment - a Collaborative Observational Research Project",RECRUITING,OBSERVATIONAL,NOT_APPLICABLE,,"Care, behavior, and quality of life",Moderate or later dementia,400,Cantonal Hospital of St. Gallen,OP-Tracker App,Disc Disease; Instabilities Lumbar; Brain Tumor; Aneurysm,Switzerland,False,1,1,False,True,2024-04-08,2026-03-19,2023-06-12,2026-12-31,2027-12-31,Subjective Well-Being (SWI),
NCT06362629,https://clinicaltrials.gov/study/NCT06362629,AI App for Management of Atopic Dermatitis,Construction and Evaluation of an Artificial Intelligence Assistant Decision-making System Focused on the Treat to Target Framework and Full Process Management for Atopic Dermatitis,RECRUITING,INTERVENTIONAL,NA,TREATMENT,"Care, behavior, and quality of life",Moderate or later dementia,232,West China Hospital,Artificial Intelligence assistant decision-making system (AIADMS) App,Atopic Dermatitis; Artificial Intelligence,China,False,1,1,False,True,2024-04-12,2024-10-15,2024-09-01,2028-12-31,2029-08-31,"The overall efficiency rate of treating objectives including PP-NRS, EASI, SCORAD, POEM, and DLQI at 12 weeks after treatment",
NCT06362707,https://clinicaltrials.gov/study/NCT06362707,Fasudil Trial for Treatment of Early Alzheimer's Disease (FEAD),A Placebo Controlled Randomized Double-blind Parallel Group 12-month Trial of Fasudil for the Treatment of Early Alzheimer's Disease (FEAD),RECRUITING,INTERVENTIONAL,PHASE2,TREATMENT,"Care, behavior, and quality of life",MCI or prodromal Alzheimer’s,200,Helse Stavanger HF,Fasudil; Placebo,"Cognitive Decline, Mild; Alzheimer Disease",Norway,False,1,6,False,True,2024-04-12,2026-05-04,2024-08-01,2028-01-01,2028-01-01,Cognition; Brain metabolism,
NCT06365645,https://clinicaltrials.gov/study/NCT06365645,Feasibility & Acceptability of App-based Cognitive Behavioral Therapy for Postpartum Depression Prevention,Examining the Feasibility and Acceptability of a Novel App-based Cognitive Behavioral Therapy Intervention for Preventing Postpartum Depression,ACTIVE_NOT_RECRUITING,INTERVENTIONAL,NA,PREVENTION,Other interventional treatment research,Mixed or not specified,90,Women and Infants Hospital of Rhode Island,M.Bapp; App-based parenting education,Postpartum Depression; Postpartum Anxiety; Stress,United States,True,1,1,False,True,2024-04-15,2025-06-25,2024-06-07,2025-09,2025-09,Feasibility; Acceptability,
NCT06372587,https://clinicaltrials.gov/study/NCT06372587,Next-Generation alzheImer'S Therapeutics,Leveraging Genetically Encoded engiNeered protEins foR Next-Generation alzheImer'S Therapeutics,RECRUITING,INTERVENTIONAL,NA,BASIC_SCIENCE,Synapses and neuronal communication,Preclinical or elevated-risk,14,Fondazione Policlinico Universitario Agostino Gemelli IRCCS,genetically encoded engineered proteins,Alzheimer Disease,Italy,False,1,1,False,True,2024-04-18,2024-04-18,2023-12-19,2024-12-30,2027-02-28,To use genetically encoded engineered proteins to obtain an inducible control of their activity in living human neurons preventing dendritic spines loss; To leverage genetically encoded engineered proteins to prevent alterations in the morphology of dendritic spines in living human neurons; To use genetically encoded engineered proteins to obtain an inducible control of their activity in living human neurons promoting functional synaptic plasticity,
NCT06372821,https://clinicaltrials.gov/study/NCT06372821,A Trial Evaluating the Effect of NIO752 on Tau Synthesis Measured by a Process Known as SILK,"A Randomized, Participant & Investigator Blinded, Placebo-Controlled Study to Evaluate the Ability of Intrathecally Administered NIO752 to Lower CSF Total Tau Synthesis in Participants With AD Measured by Stable Isotope Labelling Kinetics",RECRUITING,INTERVENTIONAL,PHASE1,TREATMENT,"Diagnostics, imaging, and biomarkers",Care partners or care systems,10,"University College, London",NIO752; Placebo,Alzheimer Disease; Autosomal Dominant Alzheimer Disease Due to Mutation of Presenilin 1 (Disorder); Autosomal Dominant Alzheimer Disease Due to Mutation of Presenilin 2 (Disorder); Autosomal Dominant Alzheimer Disease Due to Mutation of Amyloid Precursor Protein (Disorder),United Kingdom; United States,True,2,2,True,True,2024-04-18,2026-01-27,2024-11-18,2026-07,2026-07,Tau synthesis rate inhibition in individuals with sporadic AD and ADAD,
NCT06375213,https://clinicaltrials.gov/study/NCT06375213,Investigating Neurocognitive Disorders Epidemiology,Investigating Neurocognitive Disorders Epidemiology,RECRUITING,OBSERVATIONAL,NOT_APPLICABLE,,"Care, behavior, and quality of life",MCI or prodromal Alzheimer’s,990,King Chulalongkorn Memorial Hospital,Plasma tau phosphorylated at Thr217; Neurocognitive examination,Dementia; Cognitive Decline; Alzheimer Disease,Thailand,False,1,1,False,True,2024-04-19,2024-04-22,2023-08-24,2035-08-24,2035-08-24,Progression to dementia; Changes in Sum of Boxes of the Clinical Dementia Rating Scale,
NCT06377033,https://clinicaltrials.gov/study/NCT06377033,Using the EHR to Advance Genomic Medicine Across a Diverse Health System,Using Behavioral Economics and Implementation Science to Advance the Use of Genomic Medicine Utilizing an EHR Infrastructure Across a Diverse Health System,RECRUITING,INTERVENTIONAL,NA,HEALTH_SERVICES_RESEARCH,Other interventional treatment research,Mixed or not specified,1000,University of Pennsylvania,Behavioral nudge,Genetic Predisposition; Paraganglioma; Pheochromocytoma; ALS; Parkinson Disease; Polyneuropathies; Frontotemporal Dementia; Alzheimer Disease; Cardiomyopathy Non-ischemic; Thoracic Aortic Aneurysm,United States,True,1,1,False,True,2024-04-22,2025-07-20,2024-06-10,2027-06-30,2027-06-30,Rate of Genetic Testing,
NCT06379594,https://clinicaltrials.gov/study/NCT06379594,UK Based Remote Brain Health Clinic (BHC) for Patients With Mild Cognitive Impairment (MCI),Feasibility And Acceptability of a UK Based Remote Brain Health Clinic For Patients With Mild Cognitive Impairment (MCI),ENROLLING_BY_INVITATION,OBSERVATIONAL,NOT_APPLICABLE,,"Care, behavior, and quality of life",Subjective cognitive concerns,200,South London and Maudsley NHS Foundation Trust,,Mild Cognitive Impairment; Mild Cognitive Impairment Due to Alzheimer's Disease,United Kingdom,False,1,1,False,True,2024-04-23,2024-04-23,2022-06-20,2027-12,2028-06,To establish acceptability and feasibility of a novel remote brain health clinic for those with MCI.; To establish acceptability and feasibility of a novel remote brain health clinic for those with MCI.,
NCT06385106,https://clinicaltrials.gov/study/NCT06385106,Effects of Repetitive Transcranial Magnetic Stimulation in Patients With Alzheimer's Disease,"Effects of Repetitive Transcranial Magnetic Stimulation on Sleep and Cognitive Function in Patients With Alzheimer's Disease: a Randomized, Double-blind, Controlled Study",RECRUITING,INTERVENTIONAL,NA,TREATMENT,"Diagnostics, imaging, and biomarkers",Care partners or care systems,30,First Affiliated Hospital of Zhejiang University,Real repetitive transcranial magnetic stimulation; Sham repetitive transcranial magnetic stimulation,Alzheimer Disease,China,False,1,1,False,True,2024-04-25,2025-05-11,2024-03-16,2025-12,2026-01,Cognitive funtion; Sleep parameters,
NCT06385951,https://clinicaltrials.gov/study/NCT06385951,Spatial Navigation for the Early Detection of Alzheimer's Disease.,An Immersive Virtual Reality Spatial Navigation Task as Potential Biomarker for the Early Detection of Alzheimer's Disease.,RECRUITING,INTERVENTIONAL,NA,DIAGNOSTIC,"Diagnostics, imaging, and biomarkers",MCI or prodromal Alzheimer’s,160,"University Hospital, Ghent",Procedure for patients; Procedure for healthy controls,Mild Cognitive Impairment; Alzheimer Disease; Healthy Aging,Belgium,False,1,1,False,True,2024-04-26,2024-04-26,2024-03-05,2028-03-01,2028-10-01,Spatial navigation abilities,
NCT06397339,https://clinicaltrials.gov/study/NCT06397339,Indian Transforming Alzheimer's Care Training (INTACT),Indian Transforming Alzheimer's Care Training (INTACT),RECRUITING,INTERVENTIONAL,NA,HEALTH_SERVICES_RESEARCH,"Care, behavior, and quality of life",MCI or prodromal Alzheimer’s,28,Washington State University,INTACT Program,Alzheimer Disease,United States,True,1,1,False,True,2024-05-02,2024-08-19,2022-10-05,2026-04-30,2026-04-30,Clinic Level - new diagnoses of ADRD and MCI (Aim 2); PCP level - care confidence (Aim 1); Patient level - quality of care 1 (Aim 3),
NCT06402838,https://clinicaltrials.gov/study/NCT06402838,A Study to Evaluate the Safety and Biomarker Effects of RO7269162 in Participants at Risk for or at the Prodromal Stage of Alzheimer's Disease (AD),"A Phase IIa, Randomized, Double-Blind, Placebo-Controlled, Multiple Dose, Multicenter, Parallel-Group Study to Investigate the Safety, Tolerability, and the Effect of RO7269162 on Amyloid and Non-Amyloid Disease-Related Biomarkers Following Daily Oral Administration in Participants at Risk for or at the Prodromal Stage of Alzheimer's Disease",ACTIVE_NOT_RECRUITING,INTERVENTIONAL,PHASE2,TREATMENT,"Diagnostics, imaging, and biomarkers",Preclinical or elevated-risk,256,Hoffmann-La Roche,RO7269162; Placebo,Alzheimer's Disease,Chile; Denmark; France; Germany; Italy; Poland; South Korea; Spain; United Kingdom,False,9,46,True,True,2024-05-07,2026-05-18,2024-05-02,2026-11-19,2026-11-19,"Incidence of adverse events (AEs); Change from baseline in brain amyloid load, as measured by amyloid positron emission tomography ( PET) scan",
NCT06410157,https://clinicaltrials.gov/study/NCT06410157,Cardiac-Control Affecting Learning Through Mindfulness (CALM),Cardiac-Control Affecting Learning Through Mindfulness (CALM),RECRUITING,INTERVENTIONAL,NA,BASIC_SCIENCE,"Diagnostics, imaging, and biomarkers",Mixed or not specified,240,University of Southern California,Daily practice,Age-related Cognitive Decline; Alzheimer Disease,United States,True,1,1,False,True,2024-05-13,2026-05-13,2025-01-14,2027-11,2027-11,Change in plasma amyloid-beta 42 levels,
NCT06411561,https://clinicaltrials.gov/study/NCT06411561,A Multi-Modal Combination Intervention to Promote Cognitive Function in Older Intensive Care Unit Survivors,A Multi-Modal Combination Intervention to Promote Cognitive Function in Older Intensive Care Unit Survivors,RECRUITING,INTERVENTIONAL,NA,TREATMENT,"Care, behavior, and quality of life",Moderate or later dementia,100,University of Washington,SLEEP + COG; COG; SLEEP; AC,Critical Illness; Delirium; Cognitive Impairment; Cognitive Decline; Alzheimer's Disease; Dementia; Circadian Dysrhythmia; Sleep Disturbance,United States,True,1,1,False,True,2024-05-13,2025-07-20,2024-12-26,2027-05-31,2027-05-31,Cognitive function; Cognitive function; Cognitive function,
NCT06416072,https://clinicaltrials.gov/study/NCT06416072,Alzheimer's Plasma Extension,Alzheimer's Plasma Extension,ACTIVE_NOT_RECRUITING,OBSERVATIONAL,NOT_APPLICABLE,,"Diagnostics, imaging, and biomarkers",Preclinical or elevated-risk,1000,University of Southern California,NAV4694,Preclinical Alzheimer's Disease; Early Preclinical Alzheimer's Disease,United States,True,1,56,False,True,2024-05-16,2025-06-10,2023-09-21,2028-06,2028-06,Rate of change from Baseline to Month 48 on plasma beta-amyloid (Aβ) 40 or 42 ratio; Rate of change from Baseline to Month 48 on plasma phosphorylated tau (ptau) 217,
NCT06416267,https://clinicaltrials.gov/study/NCT06416267,Risk and Clinical Consequences of Low Count Monoclonal B-cell Lymphocytosis (LC MBL),"Immune Biomarkers, Genetic Risk, and the Clinical Consequences of Low Count Monoclonal B-cell Lymphocytosis (LC MBL)",NOT_YET_RECRUITING,OBSERVATIONAL,NOT_APPLICABLE,,"Diagnostics, imaging, and biomarkers",Preclinical or elevated-risk,1500,University of Haifa,,Monoclonal B-Cell Lymphocytosis; Chronic Lymphocytic Leukemia; Infections; Cancers; Cardiovascular Diseases; Alzheimer Disease; Dementia; Autoimmune Diseases; Parkinson Disease,,False,0,0,False,False,2024-05-16,2024-05-16,2024-08,2040-12,2040-12,"Assess the relationship between LC MBL and life-threatening infections, hematologic malignancies, and solid tumors among Jews and Arabs in Israel; Assess the relationship between LC MBL and cardiovascular diseases, autoimmune conditions, and Alzheimer among Jews and Arabs in Israel; Identify germline genetic factors that are associated with LC MBL risk among Jews and Arabs in Israel",
NCT06417086,https://clinicaltrials.gov/study/NCT06417086,Clinical Evaluation of Acupuncture Treatment on Alzheimer's Disease in APOE e4 Carriers and Non-Carriers,Clinical Evaluation of Acupuncture Treatment on Alzheimer's Disease in APOE e4 Carriers and Non-Carriers: A Randomized Controlled Trial,RECRUITING,INTERVENTIONAL,NA,TREATMENT,"Care, behavior, and quality of life",Moderate or later dementia,176,ZhanYJ,Acupuncture; Sham Acupuncture; Donepezil,Alzheimer Disease; Cognitive Impairment,China,False,1,1,False,True,2024-05-16,2025-05-21,2024-06-01,2026-11-30,2026-11-30,Alzheimer's Disease Assessment Scale-cognition (ADAS-cog),
NCT06418971,https://clinicaltrials.gov/study/NCT06418971,Testing & Refinement of CarePair: An Assessment and Referral Platform to Support Family Caregivers of Alzheimer's Disease and Related Dementias.,Testing & Refinement of CarePair: An Assessment and Referral Platform to Support Family Caregivers of Alzheimer's Disease and Related Dementias.,RECRUITING,INTERVENTIONAL,NA,SUPPORTIVE_CARE,"Care, behavior, and quality of life",Care partners or care systems,80,University of Southern California,CarePair,Caregiver Burden; Caregiver Burnout; Dementia,United States,True,1,1,False,True,2024-05-17,2026-03-05,2025-09-15,2026-07-31,2026-07-31,The Feasibility of the CarePair study as measured by the proportion of family caregivers who complete the study screening survey.; The Feasibility of the CarePair study as measured by the proportion of family caregivers who consent to participate and are enrolled.; The Feasibility of the CarePair study as measured by the proportion of are deemed eligible based on screening criteria.,
NCT06427668,https://clinicaltrials.gov/study/NCT06427668,Study of SPG302 in Adult Participants With Mild-to-Moderate Alzheimer's Disease (AD),"A Phase 2, Randomized, Placebo-controlled, Double-Blind Multicenter Study to Assess the Safety, Tolerability, and Pharmacodynamics (PD) in Adult Participants With Mild-to Moderate Alzheimer's Disease (AD) Administered SPG302",ACTIVE_NOT_RECRUITING,INTERVENTIONAL,PHASE2,TREATMENT,Synapses and neuronal communication,Moderate or later dementia,24,Spinogenix,SPG302; Placebo,Alzheimer Disease,Australia,False,1,2,False,True,2024-05-24,2025-08-17,2024-07-29,2025-12,2026-06,Change in Electroencephalogram (EEG) at resting state and at auditory evoked P300 from baseline to endpoint; Change in Alzheimer's Disease Assessment Scale-Cog (ADAS-COG) total score from baseline to endpoint; Change in Mini-Mental State Examination (MMSE) from baseline to endpoint,
NCT06429124,https://clinicaltrials.gov/study/NCT06429124,Time Restricted Eating in Alzheimer's Disease,Time-Restricted Eating in Alzheimer's Disease : The T.R.E.A.D Trial,RECRUITING,INTERVENTIONAL,NA,OTHER,"Diagnostics, imaging, and biomarkers",MCI or prodromal Alzheimer’s,30,"St. Joseph's Hospital and Medical Center, Phoenix",Dietary Intervention,Mild Cognitive Impairment (MCI),United States,True,1,2,False,True,2024-05-24,2025-06-06,2023-03-15,2025-12,2026-03-14,Homeostasis Model Assessment of Insulin Resistance (HOMA-IR); Average number of days per week of time-restricted eating,
NCT06432166,https://clinicaltrials.gov/study/NCT06432166,2-Hydroxybenzylamine (2-HOBA) Study in Early Alzheimer's Patients,"2-Hydroxybenzylamine (2-HOBA) Phase 1b/2a Proof-of Concept, Dose-Finding, Biomarker Study in Early Alzheimer's Patients",NOT_YET_RECRUITING,INTERVENTIONAL,PHASE1+PHASE2,TREATMENT,"Diagnostics, imaging, and biomarkers",Preclinical or elevated-risk,48,MTI Biotech Inc,2-hydroxybenzylamine acetate; Placebo,Alzheimer Disease; Mild Cognitive Impairment,United States,True,1,1,False,True,2024-05-29,2025-05-08,2025-09-01,2028-06-30,2028-12-31,Safety/Tolerability (adverse events); Change in dicarbonyl protein adducts,
NCT06439992,https://clinicaltrials.gov/study/NCT06439992,Beta Amyloid PET Imaging for Alzheimer Disease With [18F]-Fluselenamyl,Beta Amyloid PET Imaging for Alzheimer Disease: [18F]-Fluselenamyl (Alternative Vehicle) Comparison With [11C]-PIB (FSA-PIB AD),RECRUITING,OBSERVATIONAL,NOT_APPLICABLE,,"Diagnostics, imaging, and biomarkers",MCI or prodromal Alzheimer’s,60,Washington University School of Medicine,18F-Fluselenamyl,Alzheimer Disease,United States,True,1,1,False,True,2024-06-03,2026-06-09,2023-11-07,2026-12,2026-12,To evaluate the safety of the new formulation of Fluselenamy PET Imaging in 8 healthy adult normal volunteers.; PET imaging of [18F]-Fluselenamyl in healthy normal control participants and participants with mild cognitive impairment.,
NCT06440447,https://clinicaltrials.gov/study/NCT06440447,EXploring Patterns of Use and Effects of Adult Day Programs to Improve Trajectories of Continuing CarE,EXploring Patterns of Use and Effects of Adult Day Programs to Improve Trajectories of Continuing CarE (EXPEDITE),NOT_YET_RECRUITING,OBSERVATIONAL,NOT_APPLICABLE,,"Care, behavior, and quality of life",Care partners or care systems,500000,York University,Adult day program use; Other community care (non-attendees),Adult Day Programs; Continuing Care; Old Age; Dementia; Family/friend Caregivers,,False,0,0,False,False,2024-06-03,2025-01-24,2025-03-01,2026-06-30,2027-06-30,Time to admission to a long-term care homes,
NCT06442852,https://clinicaltrials.gov/study/NCT06442852,Study on the Relationship Between Peripheral Blood miRNA and Risk and Severity of Alzheimer's Disease,Study on the Relationship Between Peripheral Blood miRNA and Risk and Severity of Alzheimer's Disease,RECRUITING,OBSERVATIONAL,NOT_APPLICABLE,,Synapses and neuronal communication,Early Alzheimer’s disease,500,Jiajie Chen,exposure,Alzheimer Disease; MicroRNAs,China,False,1,1,False,True,2024-06-04,2024-06-04,2021-04-03,2026-12-30,2026-12-30,miR-135a,
NCT06444841,https://clinicaltrials.gov/study/NCT06444841,Paper-Based and Smartphone-Based Memory Supports,Smartphone-Based Solutions for Prospective Memory in Mild Cognitive Impairment and Dementia,RECRUITING,INTERVENTIONAL,NA,SUPPORTIVE_CARE,"Care, behavior, and quality of life",MCI or prodromal Alzheimer’s,200,Baylor University,Digital - Google Calendar; Paper-based - Memory Support System,"Alzheimer Disease; Dementia, Mild; Mild Cognitive Impairment",United States,True,1,3,False,True,2024-06-06,2024-07-09,2024-06-27,2028-09-30,2028-09-30,Objective Prospective Memory Performance; Patient-Centered/Patient-Selected Prospective Memory Performance; Caregiving-Related Quality of Life,
NCT06448403,https://clinicaltrials.gov/study/NCT06448403,Multimodal Assesment of Alzheimer Patients,Multimodal Assessment of Cognitive Impairment in Alzheimer Patients,RECRUITING,OBSERVATIONAL,NOT_APPLICABLE,,"Diagnostics, imaging, and biomarkers",MCI or prodromal Alzheimer’s,60,Norwegian University of Science and Technology,MRI Scanning; 64-channel EEG; Polysomnography; Blood samples; Fecal samples; Cognitive tests,"Mild Cognitive Impairment; Alzheimer Disease, Late Onset; Cognitive Impairment; Dementia",Norway,False,1,1,False,True,2024-06-07,2025-08-07,2024-07-01,2030-12-29,2030-12-29,MCI-AD converters; AD-subclassification,
NCT06448442,https://clinicaltrials.gov/study/NCT06448442,A Pilot Study of Deep Cervical Lymphatic-venous Anastomosis in the Treatment of Alzheimer's Disease,A Pilot Study of Deep Cervical Lymphatic-venous Anastomosis in the Treatment of Alzheimer's Disease,NOT_YET_RECRUITING,OBSERVATIONAL,NOT_APPLICABLE,,"Diagnostics, imaging, and biomarkers",Moderate or later dementia,8,"Second Affiliated Hospital, School of Medicine, Zhejiang University",,Safety Issues; Feasibility; Therapeutic Value,,False,0,0,False,False,2024-06-07,2024-06-07,2024-08-01,2027-08-01,2028-08-01,Alzheimer's Disease Assessment scale,
NCT06448975,https://clinicaltrials.gov/study/NCT06448975,An Exploratory Study of Deep Cervical Lymphovenous Bypass (LVB) in Alzheimer's Disease,An Exploratory Study of Deep Cervical Lymphovenous Bypass (LVB) in Alzheimer's Disease,RECRUITING,INTERVENTIONAL,NA,TREATMENT,"Care, behavior, and quality of life",Moderate or later dementia,30,Affiliated Hospital of Jiangnan University,Deep cervical Lymphovenous Bypass,Alzheimer Disease,China,False,1,1,False,True,2024-06-07,2024-07-12,2024-05-31,2026-05-31,2026-07-01,PET scan; The Alzheimer's Disease Comprehensive Rating Scale (iADRS),
NCT06451952,https://clinicaltrials.gov/study/NCT06451952,Virtual Darkness Theraphy for Agitation in Dementia,Virtual Darkness and Digital Phenotyping in Specialized and Municipal Dementia Care: The DARK.DEM Randomized Controlled Trial,RECRUITING,INTERVENTIONAL,NA,TREATMENT,"Care, behavior, and quality of life",Mixed or not specified,72,University of Bergen,Virtual darkness,"Agitation in Dementia, Including Alzheimer's Disease",Norway,False,1,1,False,True,2024-06-11,2025-04-11,2024-09-30,2026-12-31,2026-12-31,Cohen-Mansfield Agitation Inventory (CMAI),
NCT06452407,https://clinicaltrials.gov/study/NCT06452407,Evaluating the Feasibility of elleFA App Implementation,Evaluating the Feasibility of elleFA App Implementation,RECRUITING,INTERVENTIONAL,NA,HEALTH_SERVICES_RESEARCH,"Care, behavior, and quality of life",Mixed or not specified,20,McGill University Health Centre/Research Institute of the McGill University Health Centre,Implementation of elleFA smartphone application,Endometriosis,Canada,False,1,1,False,True,2024-06-11,2026-01-20,2025-12-16,2026-09,2026-11,patient adherence to using the app,
NCT06467539,https://clinicaltrials.gov/study/NCT06467539,Novel Augmentation of DAOIB and Antioxidant for Early Dementia,Novel Augmentation of DAOIB and Antioxidant for Early Dementia,RECRUITING,INTERVENTIONAL,PHASE2,TREATMENT,Other interventional treatment research,MCI or prodromal Alzheimer’s,80,Chang Gung Memorial Hospital,DAOIB plus AO; DAOIB plus placebo,Alzheimer Disease; Mild Cognitive Impairment,Taiwan,False,1,1,False,True,2024-06-21,2026-03-19,2024-06-19,2027-05,2027-05,"Change from baseline in the Alzheimer's disease assessment scale - cognitive subscale at week 8, 16 and 24",
NCT06470061,https://clinicaltrials.gov/study/NCT06470061,RQC for the Prevention of Alzheimer's Disease and Retinal Amyloid-β,A Randomized Phase II Study to Evaluate Oral RQC for the Prevention of Alzheimer's Disease and Retinal Amyloid-β,NOT_YET_RECRUITING,INTERVENTIONAL,PHASE2,PREVENTION,"Diagnostics, imaging, and biomarkers",MCI or prodromal Alzheimer’s,200,Zaparackas and Knepper LTD,"Resveratrol, Quercetin, and Curcumin (RQC); Curcumin",Alzheimer Disease; Mild Cognitive Impairment; Cognitive Decline,United States,True,1,1,False,True,2024-06-24,2024-06-26,2024-07,2027-07,2027-07,Change in Retinal Amyloid-β,
NCT06474013,https://clinicaltrials.gov/study/NCT06474013,A Clinical Trial to Evaluate the Initial Safety and Efficacy of Repetitive BBB (Blood Brain Barrier) Disruption Using High Intensity Focused Ultrasound 'ExAblate 4000 Type 2.1' in Patients With Alzheimer's Disease,"Initial Safety and Efficacy of Repetitive BBB (Blood Brain Barrier) Disruption Using High Intensity Focused Ultrasound 'ExAblate 4000 Type 2.1' in Patients With Alzheimer's Disease: Single-center, Open, Prospective, Single-arm, Feasibility, Investigator-initiated Trial)",NOT_YET_RECRUITING,INTERVENTIONAL,NA,TREATMENT,"Diagnostics, imaging, and biomarkers",Care partners or care systems,15,Korea University Anam Hospital,ExAblate 4000 Type 2.1,Alzheimer Disease,,False,0,0,False,False,2024-06-25,2024-08-21,2024-09-01,2024-09-30,2025-07-31,Change in standardized uptake value ratio (SUVR) on FBB-PET,
NCT06481878,https://clinicaltrials.gov/study/NCT06481878,Validation of an Alzheimer's Disease Marker by Fecal Assay of Amyloid Peptides and Tau Proteins,Validation of a Diagnostic and/or Prognostic Marker for Alzheimer's Disease by Fecal Determination of Amyloid Peptides and Tau Proteins,RECRUITING,OBSERVATIONAL,NOT_APPLICABLE,,"Diagnostics, imaging, and biomarkers",Care partners or care systems,115,"University Hospital, Grenoble",faecal analysis,Alzheimer Disease,France,False,1,1,False,True,2024-07-01,2026-05-05,2024-10-11,2027-10-06,2027-10-06,to determine the amount of fibrillar and oligomeric amyloid peptide and phosphorylated tau protein measured in the stools of subjects issued as soon as possible after recruitment,
NCT06484244,https://clinicaltrials.gov/study/NCT06484244,Locomotion Adaptation Deficits in Older Adults With Mild Cognitive Impairment and Alzheimers Disease,Locomotion Adaptation Deficits in Older Adults With Mild Cognitive Impairment and Alzheimers Disease,RECRUITING,INTERVENTIONAL,NA,TREATMENT,"Care, behavior, and quality of life",MCI or prodromal Alzheimer’s,10,Emory University,5 Sessions of Split-belt Treadmill-based Locomotor Adaptation,Alzheimers Disease; Mild Cognitive Impairment,United States,True,1,1,False,True,2024-07-03,2026-03-02,2025-07-22,2026-12-31,2026-12-31,Change in Adaptation Magnitude Assessed as Peak Step Length Symmetry; Change in Adaptation Rate Assessed as the Number of Steps to Reach Step Symmetry; Change in 10-Meter Overground Walk Test,
NCT06489548,https://clinicaltrials.gov/study/NCT06489548,Assessment of Foralumab Safety and Modulation of Microglial Activation in Alzheimer's Disease,Assessment of Foralumab Safety and Modulation of Microglial Activation Evaluated by PET Imaging in Patients With Early Symptomatic Alzheimer's Disease,RECRUITING,INTERVENTIONAL,PHASE2,TREATMENT,"Diagnostics, imaging, and biomarkers",MCI or prodromal Alzheimer’s,16,Brigham and Women's Hospital,Foralumab TZLS-401 50 µg; Foralumab TZLS-401 100 µg,Dementia; Alzheimers Disease; Mild Cognitive Impairment Due to Alzheimer's Disease,United States,True,1,1,False,True,2024-07-08,2026-02-12,2025-09-16,2026-06,2026-12,The number of adverse events in drug versus placebo groups.; Assessment of microglial function via PET scan using the ligand [18F]PBR06; Measure the effect of foralumab on the ratio of CD4/CD8 memory/naïve T cells biomarkers in blood,
NCT06489847,https://clinicaltrials.gov/study/NCT06489847,An Objective Assessment Tool for Evaluating Functioning in Older Adults,An Objective Assessment Tool for Evaluating Functioning in Older Adults,ACTIVE_NOT_RECRUITING,OBSERVATIONAL,NOT_APPLICABLE,,"Diagnostics, imaging, and biomarkers",MCI or prodromal Alzheimer’s,30,Stanford University,SPPB++ Application,Alzheimer Disease,United States,True,1,1,False,True,2024-07-08,2026-04-29,2024-08-01,2027-10-31,2028-10-30,develop an automated analysis of the SPPB clinical tests; large-scale data collection to continuously collect data for understanding NPS disease trajectories; SPPB++ mobile phone app,
NCT06492109,https://clinicaltrials.gov/study/NCT06492109,The Peripheral Blood Multi-Omics Study on Sleep Loss,The Peripheral Blood Multi-Omics Study on the Association of Sleep Loss With Aging and Alzheimer's Disease,RECRUITING,INTERVENTIONAL,NA,BASIC_SCIENCE,"Diagnostics, imaging, and biomarkers",Moderate or later dementia,60,First Affiliated Hospital of Zhejiang University,Sleep manipulation,Sleep Deprivation; Aging; Alzheimer Disease; Healthy Lifestyle; Cognitive Decline; Shift-work Disorder,China,False,1,1,False,True,2024-07-09,2025-07-31,2024-06-20,2025-12-31,2025-12-31,Hamilton Anxiety Rating Scale (HAM-A); Hamilton Depression Rating Scale (HDRS); Mini-Mental State Examination (MMSE),
NCT06495957,https://clinicaltrials.gov/study/NCT06495957,Electroacupuncture for the Treatment of Agitated Symptoms of Alzheimer's Disease,Evaluation of Therapeutic Effect and Brain Mechanism of Electroacupuncture in Treating Agitation Symptoms of Alzheimer's Disease,NOT_YET_RECRUITING,INTERVENTIONAL,NA,TREATMENT,"Care, behavior, and quality of life",Care partners or care systems,224,Guang'anmen Hospital of China Academy of Chinese Medical Sciences,Electroacupuncture group; Micro-acupuncture group,Agitation Associated With Alzheimer's Dementia; Alzheimer's Dementia,China,False,1,7,False,True,2024-07-11,2024-07-11,2024-07-20,2027-07-31,2027-10-31,Cohen Mansfield Agitation Inventory (CMAI),
NCT06496425,https://clinicaltrials.gov/study/NCT06496425,Inspiring Seniors Towards Exercise Promotion to Protect Cognition,Inspiring Seniors Towards Exercise Promotion to Protect Cognition,RECRUITING,INTERVENTIONAL,NA,PREVENTION,"Care, behavior, and quality of life",Moderate or later dementia,80,Emory University,"Beat-accentuated, personalized music stimulation (BMS); Strength Training (ST); Aerobic exercise (AE)",Alzheimer Disease; Physical Activity,United States,True,1,2,False,True,2024-07-11,2026-04-30,2024-05-15,2026-10,2026-10,"Changes of physical activity behaviors as assessed by ActiGraph wGT3X-BT; Affective responses to physical activity as assessed by Physical Activity Enjoyment Scale (PACES); Affective attitude toward physical activity, perceived exertion, planned and actual physical activity, and physical activity settings",
NCT06496945,https://clinicaltrials.gov/study/NCT06496945,Assessing the Impact of DAy Programs on Individuals Living with Dementia and Their Family/friend Caregivers,Assessing the Impact of DAy Programs on Individuals Living with Dementia and Their Family/friend Caregivers (AIDA-DemCare),RECRUITING,OBSERVATIONAL,NOT_APPLICABLE,,"Care, behavior, and quality of life",Care partners or care systems,3000,York University,Adult day program use; Other community care (non-attendees),Adult Day Programs; Continuing Care; Old Age; Dementia; Family/Friend Caregivers,Canada,False,1,4,False,True,2024-07-11,2025-01-24,2024-11-01,2026-04-30,2027-06-30,Older adult quality of life (self-report); Older adult quality of life (proxy-report); Caregiver quality of life,
NCT06501495,https://clinicaltrials.gov/study/NCT06501495,Links Between Cognitive Deficits During Normal or Pathological Aging and Slow Waves Measured in EEG,Slow Waves During Sleep and Wakefulness: a Common Denominator for Cognitive and Attentional Disorders in Normal and Pathological Aging (Exploratory Study),RECRUITING,INTERVENTIONAL,NA,OTHER,"Care, behavior, and quality of life",MCI or prodromal Alzheimer’s,90,Assistance Publique - Hôpitaux de Paris,video polysomnography; Attention task,Aging; Alzheimer Disease,France,False,1,1,False,True,2024-07-15,2026-04-13,2025-04-24,2027-04,2027-04,slow waves density,
NCT06508268,https://clinicaltrials.gov/study/NCT06508268,"Language, Speech and Motor Function in MCI Due to AD and Alzheimer's Disease","Language, Speech and Motor Function in Mild Cognitive Impairment Due to AD and Alzheimer's Disease",RECRUITING,OBSERVATIONAL,NOT_APPLICABLE,,"Diagnostics, imaging, and biomarkers",MCI or prodromal Alzheimer’s,208,Hanze University of Applied Sciences Groningen,GAITRite walkway system OR 4-meter walking speed test; Jamar hand dynamometer; Picture description task; Autobiographical semi-structured conversation; Verbal fluency,Alzheimer's Disease; MCI Due to AD; Dementia Alzheimers,Netherlands,False,1,1,False,True,2024-07-18,2024-07-18,2024-07-12,2025-02-09,2025-02-09,Language and speech characteristics of spontaneous speech; Verbal fluency; Letter fluency,
NCT06511752,https://clinicaltrials.gov/study/NCT06511752,Educational Support Group Program for Bilingual and Spanish-speaking Carepartners and People With Progressive Aphasia,Educational Support Group Program for Carepartners of Bilingual and Spanish-speaking Persons With Progressive Forms of Aphasia and for Persons With Progressive Forms of Aphasia,RECRUITING,INTERVENTIONAL,EARLY_PHASE1,TREATMENT,"Care, behavior, and quality of life",Care partners or care systems,120,University of Texas at Austin,"Psychosocial educational, support group and implementation of strategies",Alzheimer Disease; Dementia; Primary Progressive Aphasia; Aphasia; Progressive Aphasia; Progressive Aphasia in Alzheimer's Disease,United States,True,1,1,False,True,2024-07-22,2026-06-10,2024-05-21,2030-05,2030-12,Treatment/Acceptability Survey,
NCT06514001,https://clinicaltrials.gov/study/NCT06514001,A Study of AMDX-2011P in Participants With Alzheimer's Disease,"A Phase 2, Open Label, Study of AMDX-2011P as a Retinal Tracer in Participants With Alzheimer's Disease",RECRUITING,INTERVENTIONAL,PHASE2,DIAGNOSTIC,"Diagnostics, imaging, and biomarkers",Mixed or not specified,25,Amydis Inc.,AMDX-2011P,Alzheimer Disease,United States,True,1,1,False,True,2024-07-23,2026-02-13,2025-03-07,2026-09,2026-10,AMDX-2011P Adverse Events Profile,
NCT06516965,https://clinicaltrials.gov/study/NCT06516965,A Study to Evaluate the Efficacy and Safety Study of Povorcitinib in Participants With Prurigo Nodularis (STOP-PN2),"A Phase 3, Randomized, Double-Blind, Placebo-Controlled, Efficacy and Safety Study of Povorcitinib in Participants With Prurigo Nodularis",ACTIVE_NOT_RECRUITING,INTERVENTIONAL,PHASE3,TREATMENT,Other interventional treatment research,Moderate or later dementia,346,Incyte Corporation,Povorcitinib; Placebo,Prurigo Nodularis,Australia; Belgium; Canada; Chile; Czechia; Germany; Japan; Poland; Spain; United Kingdom; United States,True,11,119,True,True,2024-07-24,2026-04-14,2024-10-10,2026-10-19,2027-05-03,Proportion of participants achieving Itch NRS4 and IGA-CPG-S-TS at Week 24,
NCT06519357,https://clinicaltrials.gov/study/NCT06519357,"A Single-center, Self-controlled, Prospective Case Series Pilot Study to Assess the Effect of Lamivudine (3TC) on Neurocognitive Impairment Biomarkers and Type-I IFN (Interferon)-Stimulated Genes in the Plasma of Patients With Mild Cognitive Impairment (MCI)","A Single-center, Self-controlled, Prospective Case Series Pilot Study to Assess the Effect of Lamivudine (3TC) on Neurocognitive Impairment Biomarkers and Type-I IFN (Interferon)-Stimulated Genes in the Plasma of Patients With Mild Cognitive Impairment (MCI)",ACTIVE_NOT_RECRUITING,INTERVENTIONAL,PHASE2,TREATMENT,"Diagnostics, imaging, and biomarkers",Care partners or care systems,23,"Fundación FLS de Lucha Contra el Sida, las Enfermedades Infecciosas y la Promoción de la Salud y la Ciencia",Lamivudine 300 MG,Mild Cognitive Impairment,Spain,False,1,1,False,True,2024-07-25,2025-12-04,2024-10-28,2025-09-05,2026-03,"To assess the ability of lamivudine to lower the levels of neurocognitive impairment biomarkers in the plasma of patients with MCI and positive AD biomarkers in a 24 weeks-treatment period.; To assess the incidence, nature, and severity of Treatment Emergent Adverse Events (TEAE).",
NCT06519643,https://clinicaltrials.gov/study/NCT06519643,Building Your Successful Nursing Career,Building Your Successful Nursing Career: Evaluating the Effectiveness of a Career Planning Mobile Application for Male Nurses - a Randomized Double-blind Controlled Trial,NOT_YET_RECRUITING,INTERVENTIONAL,NA,TREATMENT,Other interventional treatment research,Mixed or not specified,120,Chang Gung Memorial Hospital,career planning application,Nurse's Role; Gender; Professional Burnout,,False,0,0,False,False,2024-07-25,2024-07-25,2024-08-01,2027-08-01,2027-08-05,career self-efficacy; career adaptive behaviors; occupational resilience,
NCT06521918,https://clinicaltrials.gov/study/NCT06521918,Combined Artificial Intelligence and Mobile Application for Remote Infant Motor Screening: Development and Validation,Combined Artificial Intelligence and Mobile Application for Remote Infant Motor Screening: Development and Validation,RECRUITING,OBSERVATIONAL,NOT_APPLICABLE,,"Diagnostics, imaging, and biomarkers",Mixed or not specified,242,National Taiwan University Hospital,,Motor Disorders,Taiwan,False,1,1,False,True,2024-07-26,2025-01-13,2024-10-17,2027-07-31,2027-07-31,Alberta Infant Motor Scale (AIMS); Age of walking attainment; User experience from parents,
NCT06523296,https://clinicaltrials.gov/study/NCT06523296,Presence of Anti-RACH Antibodies and Neurocognitive Disorder in Myasthenic or Alzheimers's Patients.,Study of the Relationship Between the Presence of Anti-AChR Antibodies in the Cerebrospinal Fluid and the Presence of Neurocognitive Disorder in Myasthenic and Alzheimers's Patients.,RECRUITING,INTERVENTIONAL,NA,DIAGNOSTIC,"Diagnostics, imaging, and biomarkers",Mixed or not specified,30,Centre Hospitalier Universitaire de Nice,Adults with Alzheimer's disease; Adults with Myasthenia; Healhty controls,Alzheimer Disease; Myasthenia,France,False,1,1,False,True,2024-07-26,2025-04-02,2024-04-17,2026-05-01,2026-06-01,The ratio of the number of myasthenic patients with NS-NCD that may be related to myasthenia-related central nervous system damage to the total number of myasthenic patients with CND from all causes combined.,
NCT06523309,https://clinicaltrials.gov/study/NCT06523309,Electroacupuncture Treatment of Behavioral and Psycological Symptoms in Patients With Alzheimer's Disease,Prospective Registry of Electroacupuncture Treatment for Patients With Different Behavioral and Psycological Symptoms of Alzheimer's Disease,NOT_YET_RECRUITING,OBSERVATIONAL,NOT_APPLICABLE,,Other interventional treatment research,Moderate or later dementia,1000,Guang'anmen Hospital of China Academy of Chinese Medical Sciences,Electroacupuncture treatment,BPSD (Behavioral and Psycological Symptoms of Dementia); Alzheimer's Dementia,China,False,1,7,False,True,2024-07-26,2024-07-26,2024-07-30,2027-07-31,2027-10-31,Neuropsychiatric Inventory (NPI); Alzheimer's Disease Cooperative Study-Clinical Global Impression of Change (ADCS-CGIC),
NCT06528964,https://clinicaltrials.gov/study/NCT06528964,Proteinopathies Expression in Skin of Neurodegenerative Disorders,Expression of Proteinopathies in Skin Biopsies of Patients With Neurodegenerative Disorders,RECRUITING,OBSERVATIONAL,NOT_APPLICABLE,,"Diagnostics, imaging, and biomarkers",Mixed or not specified,40,Universidad Autonoma de San Luis Potosí,Immunohistochemistry and immunofluorescence,Alzheimer Disease; Frontotemporal Dementia; Parkinson Disease; Atypical Parkinsonism; Amyotrophic Lateral Sclerosis; Normal Pressure Hydrocephalus,Mexico,False,1,1,False,True,2024-07-30,2024-12-16,2023-12-20,2026-10-25,2026-11-01,"Aggregation pattern of a-synuclein, amyloid-b, p-TAU and TDP-43",
NCT06529744,https://clinicaltrials.gov/study/NCT06529744,Improving Prognostic Confidence in Neurodegenerative Diseases Causing Dementia Using Peripheral Biomarkers and Integrative Modeling,Improving Prognostic Confidence in Neurodegenerative Diseases Causing Dementia Using Peripheral Biomarkers and Integrative Modeling,RECRUITING,OBSERVATIONAL,NOT_APPLICABLE,,"Diagnostics, imaging, and biomarkers",MCI or prodromal Alzheimer’s,500,"University Health Network, Toronto",,Dementia; Alzheimer Disease; Dementia With Lewy Bodies; Vascular Dementia; Frontotemporal Dementia; Mild Cognitive Impairment; Corticobasal Syndrome; Progressive Supranuclear Palsy; Parkinson Disease; Primary Progressive Aphasia,Canada,False,1,4,False,True,2024-07-31,2025-11-20,2023-11-11,2026-11,2027-11,Cognitive phenotype,
NCT06530732,https://clinicaltrials.gov/study/NCT06530732,Deep Cervical Lymphatlc-Venous Anastomosis Surgery for the Treatment of Alzheimer's Disease: A Pilot Study (DIVA Study),Deep Cervical Lymphatlc-Venous Anastomosis Surgery for the Treatment of Alzheimer's Disease: A Pilot Study (DIVA Study),RECRUITING,INTERVENTIONAL,PHASE3,TREATMENT,Amyloid-targeting approaches,Mixed or not specified,60,Zhejiang Provincial People's Hospital,Deep Cervical lymphatlc-Venous Anastomosis Surgery; Lecanemab,Alzheimer's Disease,China,False,1,1,False,True,2024-07-31,2025-01-16,2024-07-01,2026-06-30,2026-09-30,The rate of change in the total score of the Clinical Dementia Rating Scale,
NCT06534658,https://clinicaltrials.gov/study/NCT06534658,Study on Multimodal Imaging and Molecular Imaging Techniques in Degenerative Dementia,Study on Multimodal Imaging and Molecular Imaging Techniques in Degenerative Dementia,RECRUITING,OBSERVATIONAL,NOT_APPLICABLE,,"Diagnostics, imaging, and biomarkers",MCI or prodromal Alzheimer’s,1000,Ruijin Hospital,,Alzheimer Disease; Image,China,False,1,8,False,True,2024-08-02,2024-08-02,2020-07-30,2029-07-30,2029-08-30,The change of incidence of cognitive impairment,
NCT06534723,https://clinicaltrials.gov/study/NCT06534723,Phase 3 Clinical Trial of Wujia Yizhi Granules in the Treatment of Mild-to-moderate Alzheimer's Dementia (Syndrome of Deficiency of Spleen and Kidney),"A 12-month Multicenter, Randomized, Double-blind, Placebo-controlled, Parallel Group, Phase 3 Clinical Trial of Wujia Yizhi Granules in the Treatment of Mild-to-moderate Alzheimer's Dementia (Syndrome of Deficiency of Spleen and Kidney).",RECRUITING,INTERVENTIONAL,PHASE3,TREATMENT,Other interventional treatment research,Moderate or later dementia,570,"Sichuan Jishengtang Pharmaceutical Co., Ltd.",Wujia Yizhi granules; Placebo,Alzheimer's Dementia,China,False,1,1,False,True,2024-08-02,2025-12-29,2024-08-20,2026-08-31,2026-12-01,Change from baseline to endpoint in Alzheimer's dementia Assessment Scale-Cognitive subscore (ADAS-Cog12).; Change from baseline to endpoint in Clinical Dementia Rating-Sum of Boxes (CDR-SB).,
NCT06535308,https://clinicaltrials.gov/study/NCT06535308,BnH-015B Clinical Trial in Moderate Alzheimer's Disease,"A Dose-block Randomized, Double-blind, Placebo-controlled, Single and Multiple Dosing, Dose-escalation, Phase 1 Clinical Trial to Evaluate the Safety/Tolerability, Pharmacokinetic and Pharmacodynamic Characteristics, Food Effect, Ethnic Difference of BnH-015B After Oral Administration in Healthy Adult Korean and Caucasian Male Volunteers and in Patients With Moderate Alzheimer's Disease",RECRUITING,INTERVENTIONAL,PHASE1,TREATMENT,Lifestyle and multidomain,Care partners or care systems,92,BnH Research,BnH-015B 5 mg; BnH-015B 10 mg; BnH-015B 20 mg; BnH-015B 40 mg (Dietary impact); BnH-015B 40 mg; BnH-015B 80 mg; BnH-015B 160 mg; BnH-015B 40 mg (MAD); BnH-015B 80 mg (MAD); BnH-015B 40 mg (Part II); BnH-015B 80 mg (Part II); BnH-015B Placebo (Part II),Alzheimer Disease,South Korea,False,1,1,False,True,2024-08-02,2025-01-07,2024-10-22,2026-04,2026-06,"Number of occurrences, affected participants with adverse events; Pharmacokinetic (PK) plasma concentration of BnH-015B",
NCT06535763,https://clinicaltrials.gov/study/NCT06535763,Impact and Influence of the Use of Hypnosis Adapted to People With Severe Stage Neurocognitive Disorder (HAPNeSS) on the Professional Practices of EHPAD (Establishment for Dependent Elderly People) Caregivers With Elderly Residents,Impact and Influence of the Use of Hypnosis Adapted to People With Severe Stage Neurocognitive Disorder (HAPNeSS) on the Professional Practices of EHPAD (Establishment for Dependent Elderly People) Caregivers With Elderly Residents,NOT_YET_RECRUITING,OBSERVATIONAL,NOT_APPLICABLE,,"Care, behavior, and quality of life",Care partners or care systems,36,"University Hospital, Bordeaux",professional caregiver,Alzheimer Disease; Behavior Disorders,France,False,1,1,False,True,2024-08-02,2024-08-02,2024-09,2025-03,2025-03,Impact of HAPNeSS on the management of work situations involving behavioral disorders.,
NCT06536322,https://clinicaltrials.gov/study/NCT06536322,Evaluation of the Use of a Novel Oral Health Screening Instrument by Caregivers in Nursing Homes,Process and Outcome Evaluation of the Optimized Oral Health-related Section of the Belgian Resident Assessment Instrument and Its Training: a Cluster Randomized Controlled Trial,ACTIVE_NOT_RECRUITING,INTERVENTIONAL,NA,OTHER,"Care, behavior, and quality of life",Care partners or care systems,462,KU Leuven,OHS-interRAI,Oral Health; Old Age; Dementia; Long-Term Care; Nursing Homes; Geriatric Assessment; Mouth Diseases,Belgium,False,1,1,False,True,2024-08-02,2024-08-02,2022-01-03,2025-02-28,2025-02-28,Oral health data measured with interRAI LTCF,
NCT06538311,https://clinicaltrials.gov/study/NCT06538311,Transcranial Magnetic Stimulation Treatment for Alzheimer's Disease,Neuromodulation of Brain Function in Alzheimer's Disease and Related Dementias,RECRUITING,INTERVENTIONAL,EARLY_PHASE1,OTHER,"Diagnostics, imaging, and biomarkers",Preclinical or elevated-risk,30,Massachusetts General Hospital,Active rTMS; Sham rTMS,Alzheimer Disease; Mild Cognitive Impairment; Logopenic Progressive Aphasia; Amnestic Symptoms,United States,True,1,1,False,True,2024-08-05,2026-05-06,2023-05-01,2027-03-31,2027-03-31,Changes in Memory; Changes in Brain Network Connectivity,
NCT06539169,https://clinicaltrials.gov/study/NCT06539169,FLOWER: Following Longitudinal Outcomes With Epidemiology for Rare Diseases,FLOWER: Following Longitudinal Outcomes With Epidemiology for Rare Diseases,RECRUITING,OBSERVATIONAL,NOT_APPLICABLE,,"Care, behavior, and quality of life",Mixed or not specified,1000,xCures,,Alpha-Thalassemia; Beta-Thalassemia; Amyloidosis; Amyotrophic Lateral Sclerosis; Creutzfeld-Jakob Disease; Cystic Fibrosis; Duchenne Muscular Dystrophy; Early-Onset Alzheimer Disease; Ehlers-Danlos Syndrome; Huntington Disease; Gaucher Disease; GM1 Gangliosidosis; Myasthenia Gravis; Pompe Disease; Sickle Cell Disease; Transthyretin Amyloid Cardiomyopathy; Rare Diseases,United States,True,1,1,False,True,2024-08-06,2024-11-14,2024-06-10,2026-06-10,2026-06-10,Overall Survival (OS); Safety/tolerability of medications; Changes in normal development milestones,
NCT06547099,https://clinicaltrials.gov/study/NCT06547099,Study to Understand Novel Biomarkers in Researching Dementia,"Blood Amyloid, Tau, and Neurodegeneration Biomarkers and Prediction of Clinical Onset, Cognitive Decline, and Dementia Diagnosis",RECRUITING,OBSERVATIONAL,NOT_APPLICABLE,,"Diagnostics, imaging, and biomarkers",MCI or prodromal Alzheimer’s,1800,Washington University School of Medicine,Clinical tau PET; Clinical amyloid test; Research blood collection; Cognitive assessments,Alzheimer Disease; Mild Cognitive Impairment; Dementia,United States,True,1,1,False,True,2024-08-09,2026-01-16,2024-08-14,2028-12,2028-12,Area under the curve (AUC) of plasma amyloid-beta 42/40 in predicting amyloid PET status; Area under the curve (AUC) of plasma %p-tau217 in predicting amyloid PET status; Area under the curve (AUC) of plasma p-tau217 in predicting tau PET status,
NCT06548191,https://clinicaltrials.gov/study/NCT06548191,TREAD: Time Restricted Eating Intervention for Alzheimer's Disease,TREAD: Time Restricted Eating Intervention for Alzheimer's Disease,RECRUITING,INTERVENTIONAL,PHASE1,TREATMENT,"Care, behavior, and quality of life",MCI or prodromal Alzheimer’s,60,"University of California, San Diego",Time-restricted eating,Mild Cognitive Impairment; Alzheimer Disease; Alzheimer's Disease,United States,True,1,1,False,True,2024-08-12,2026-05-26,2025-04-23,2027-04-30,2027-06-30,Feasibility: assessed by computing the number of nights achieving the goal fasting time of 14 h.,
NCT06561906,https://clinicaltrials.gov/study/NCT06561906,"Establish Diagnostic and Prognostic Models for Preclinical AD Patients Based on Multimodal MRI, Behavioral, Genetic, and Plasma Biomarkers","Establish Diagnostic and Prognostic Models for Preclinical AD Patients Based on Multimodal MRI, Behavioral, Genetic, and Plasma Biomarkers",RECRUITING,OBSERVATIONAL,NOT_APPLICABLE,,"Diagnostics, imaging, and biomarkers",Preclinical or elevated-risk,1000,The Affiliated Nanjing Drum Tower Hospital of Nanjing University Medical School,"Multimodal magnetic resonance imaging scanning, behavioral, genetic and plasma biomarker testing","Alzheimer Disease, Late Onset; Mild Cognitive Impairment; Subjective Cognitive Decline",China,False,1,1,False,True,2024-08-20,2024-08-20,2020-09-01,2027-07,2027-12,the area under the curve of the classification analysis between progressors and nonprogressors,
NCT06564779,https://clinicaltrials.gov/study/NCT06564779,"Development, Standardisation and Standardisation Project for a New Memory Assessment","Development, Standardisation and Standardisation Project for a New Memory Assessment",RECRUITING,OBSERVATIONAL,NOT_APPLICABLE,,Other interventional treatment research,MCI or prodromal Alzheimer’s,150,"University Hospital, Tours",New memory assessment,Memory Disorders,France,False,1,1,False,True,2024-08-21,2026-04-30,2024-11-22,2028-11,2028-11,Score total NEM (new memory assessment),
NCT06565143,https://clinicaltrials.gov/study/NCT06565143,Effect of Transcranial Alternating Current Stimulation(tACS) for Early Alzheimer's Disease,Effect of Transcranial Alternating Current Stimulation(tACS) for Early Alzheimer's Disease,RECRUITING,INTERVENTIONAL,NA,BASIC_SCIENCE,Devices and brain stimulation,MCI or prodromal Alzheimer’s,40,Anhui Medical University,Transcranial alternating current stimulation; Sham transcranial alternating current stimulation,Transcranial Alternating Current Stimulation; Electroencephalography; Early Alzheimer's Disease,China,False,1,1,False,True,2024-08-21,2024-08-21,2024-03-01,2026-03-01,2026-07-01,Alzheimers Disease Assessment Scale Cognitive section(ADAS-Cog),
NCT06565169,https://clinicaltrials.gov/study/NCT06565169,Improving PCP Advance Care Planning for People With ADRD,Improving Primary Care Clinician's Advance Care Planning Alzheimer's Disease and Related Dementias,RECRUITING,INTERVENTIONAL,NA,SUPPORTIVE_CARE,Other interventional treatment research,Mixed or not specified,120,University of Pittsburgh,Primary Care Team Advance Care Planning With People with Alzheimer's Disease or a Related Dementia Training; Care as Usual,Alzheimer Disease; Dementia; Alzheimer's Disease (Incl Subtypes); Aging,United States,True,1,1,False,True,2024-08-21,2026-04-14,2025-03-19,2027-05-31,2028-05-31,Goals of Care Discussions,
NCT06566170,https://clinicaltrials.gov/study/NCT06566170,A Real-World Comparative Study of Donanemab (LY3002813) Plus Usual Care Versus Usual Care Alone in US Participants With Early Symptomatic Alzheimer's Disease,Long-Term Real-World Comparative Effectiveness of Donanemab Plus Usual Care Versus Usual Care Alone in US Patients With Early Symptomatic Alzheimer's Disease (TRAILBLAZER-REAL US),RECRUITING,OBSERVATIONAL,NOT_APPLICABLE,,Amyloid-targeting approaches,MCI or prodromal Alzheimer’s,6250,Eli Lilly and Company,Donanemab; Usual Care,Alzheimer Disease,United States,True,1,1,False,True,2024-08-22,2025-10-09,2024-10-07,2033-02,2033-02,Time to First Increase in Dependence Level Above Baseline (as derived from the Dependence Scale [DS]),
NCT06567431,https://clinicaltrials.gov/study/NCT06567431,Blood And Tears in Alzheimer's Disease,Examination of Alzheimer's Disease Biomarkers in Tears and Dry Blood Spots,RECRUITING,OBSERVATIONAL,NOT_APPLICABLE,,"Diagnostics, imaging, and biomarkers",Mixed or not specified,600,Danish Dementia Research Centre,,Neurodegenerative Diseases,Denmark,False,1,1,False,True,2024-08-22,2024-08-22,2024-03-18,2026-01-31,2028-12-31,AD related biomarkers in tear fluid; AD related biomarkers in dry blod spots,
NCT06570109,https://clinicaltrials.gov/study/NCT06570109,Frailty Outcomes And Risk With Alzheimer's Related Dementia,Association Between Decline in Functional Ability and Frailty in Community-dwelling Older Adults Living With Alzheimer's Dementia,ENROLLING_BY_INVITATION,OBSERVATIONAL,NOT_APPLICABLE,,Vascular and blood-brain barrier,Care partners or care systems,130,Aalborg University Hospital,Frailty,Alzheimer Disease,Denmark,False,1,1,False,True,2024-08-26,2025-11-28,2024-08-22,2027-09-01,2027-09-01,Caregiver IADL Change; Patient IADL Change; Caregiver BADL Change,
NCT06575218,https://clinicaltrials.gov/study/NCT06575218,The Effectiveness of Virtual Reality Training Program,The Effectiveness of Virtual Reality Training Program in Community Dwelling Older Adults With Alzheimer's Disease,RECRUITING,INTERVENTIONAL,NA,TREATMENT,Lifestyle and multidomain,Moderate or later dementia,45,Yeditepe University,Virtual reality training; Conventional exercise and cognitive exercise; control,Alzheimer Disease,Turkey (Türkiye),False,1,1,False,True,2024-08-28,2024-08-30,2024-05-21,2024-08-31,2024-09-06,Montreal cognitive assessment scale; Berg Balance Scale; Time up and Go Test,
NCT06582199,https://clinicaltrials.gov/study/NCT06582199,Precision Medicine in Alzheimer's Disease : Integration of Resilience Metrics and Risk Factors - Validation Cohort BioCogBank-AD,Precision Medicine in Alzheimer's Disease: Integration of Resilience Metrics and Risk Factors - Validation Cohort BioCogBank-AD,RECRUITING,INTERVENTIONAL,NA,BASIC_SCIENCE,"Care, behavior, and quality of life",MCI or prodromal Alzheimer’s,244,Assistance Publique - Hôpitaux de Paris,Blood sample; Neuropsychological battery tests,Alzheimer Disease,France,False,1,1,False,True,2024-09-03,2026-03-27,2024-10-31,2027-09,2027-09,Mean levels of new blood biomarkers,
NCT06582706,https://clinicaltrials.gov/study/NCT06582706,Nicotinic Acid for the Treatment of Alzheimer's Disease,Nicotinic Acid for the Treatment of Alzheimer's Disease,RECRUITING,INTERVENTIONAL,PHASE1+PHASE2,TREATMENT,"Diagnostics, imaging, and biomarkers",Moderate or later dementia,30,Indiana University,Placebo Comparator; Extended Release Niacin,Alzheimer Disease,United States,True,1,1,False,True,2024-09-03,2026-03-05,2024-12-19,2026-12,2026-12,Change in nicotinic acid levels in blood and CSF,
NCT06584357,https://clinicaltrials.gov/study/NCT06584357,"Development of a Database to Investigate Digital and Blood-Based Biomarkers and Their Relationship to Tau and Amyloid PET Imaging in Older Participants Who Are Cognitively Normal (CN), Have Mild Cognitive Impairment (MCI), or Have Mild-to-Moderate AD Dementia","Development of a Database to Investigate Digital and Blood-Based Biomarkers and Their Relationship to Tau and Amyloid PET Imaging in Older Participants Who Are Cognitively Normal (CN), Have Mild Cognitive Impairment (MCI), or Have Mild-to-Moderate AD Dementia",RECRUITING,OBSERVATIONAL,NOT_APPLICABLE,,"Diagnostics, imaging, and biomarkers",MCI or prodromal Alzheimer’s,1200,"GAP Innovations, PBC",Biomarker Data Collection; MK6240,"Mild Cognitive Impairment; Alzheimer's Disease; Alzheimer's Disease, Early Onset; Memory Loss; Memory Disorders; Memory Impairment",Canada; United Kingdom; United States,True,3,26,True,True,2024-09-04,2026-04-15,2024-09-26,2028-07,2028-07,Biomarkers and PET,
NCT06585384,https://clinicaltrials.gov/study/NCT06585384,Safety of a Strategy Combining Etanercept Administration With Repeated Contrast Ultrasound in Patients With Alzheimer's Disease,Safety of a Strategy Combining Etanercept Administration With Repeated Contrast Ultrasound in Patients With Alzheimer's Disease: Phase I Study,RECRUITING,INTERVENTIONAL,PHASE1,TREATMENT,"Diagnostics, imaging, and biomarkers",Moderate or later dementia,5,Fondation Ophtalmologique Adolphe de Rothschild,etanercept and repeated contrast ultrasound,Alzheimer Disease,France,False,1,1,False,True,2024-09-05,2026-05-12,2025-04-15,2028-06,2028-12,"To assess the safety of a strategy combining 9 weeks of etanercept administration with 5 weeks of repeated contrast ultrasound of 2 sessions per day, 5 days per week (from the fifth week of etanercept treatment) in patients with Alzheimer&#39;s disease.",
NCT06595511,https://clinicaltrials.gov/study/NCT06595511,Effects of Combined 40 Hz Audio-visual Stimulation and Cognitive Games on Alzheimer's Disease,Development of a Sensory Entrainment-Integrated Cognitive Game Kit to Improve Cognitive Functions in Alzheimer's Disease,RECRUITING,INTERVENTIONAL,NA,TREATMENT,Devices and brain stimulation,MCI or prodromal Alzheimer’s,30,Istanbul Medipol University Hospital,Sensory Entrainment-Integrated Cognitive Game Kit,Alzheimer's Disease; 40 Hz Stimulation; EEG Brain Oscillations,Turkey (Türkiye),False,1,1,False,True,2024-09-19,2024-09-19,2022-10-01,2024-09-30,2025-04-30,EEG recording,
NCT06596746,https://clinicaltrials.gov/study/NCT06596746,Neurodegenerative Diseases Progression Markers (MARKERS-NDD),Neurodegenerative Diseases Progression Markers (MARKERS-NDD): a Real-world Data Longitudinal Prospective Study,RECRUITING,OBSERVATIONAL,NOT_APPLICABLE,,"Care, behavior, and quality of life",Mixed or not specified,600,Casa di Cura San Raffaele Cassino,Observation,"Neurodegenerative Diseases; Parkinson Disease; Synucleinopathies; Lewy Body Disease; Multiple System Atrophy; Tauopathies; Alzheimer Disease; Corticobasal Degeneration; Supranuclear Palsy, Progressive; Atypical Parkinsonism; TDP-43 Proteinopathies; Amyotrophic Lateral Sclerosis; Frontotemporal Lobar Degeneration; Movement Disorders; Cognitive Impairment; Dementia; Iron Overload; Neurodegeneration With Brain Iron Accumulation (NBIA)",Italy,False,1,1,False,True,2024-09-19,2024-09-19,2024-09-09,2034-09-09,2034-09-09,To monitor and predict the course of neurodegenerative diseases through the study of clinical markers and the creation of AI-models,
NCT06597942,https://clinicaltrials.gov/study/NCT06597942,Deep Repetitive Transcranial Magnetic Stimulation (rTMS) of the Precuneus for Alzheimer Disease (AD),Protocol for Maintaining and Improving Mental Status in Alzheimer's Disease (PROMIS-AD): a Pilot Study of Repetitive Transcranial Magnetic Stimulation of the Precuneus for Alzheimer&Amp;Amp;#39;s Disease,RECRUITING,INTERVENTIONAL,PHASE1+PHASE2,OTHER,"Care, behavior, and quality of life",Care partners or care systems,54,"University of California, Los Angeles",TMS; Transcranial Magnetic Stimulation Sham,Alzheimer&Amp;Amp;#39;s Disease; Alzheimer Disease; Dementia Alzheimer Type; Mild Alzheimer&Amp;Amp;#39;s Disease; Moderate Alzheimer&Amp;Amp;#39;s Disease; Alzheimer&Amp;#39;s Disease (AD); Alzheimer&Amp;#39;s Dementia,United States,True,1,1,False,True,2024-09-19,2026-01-21,2024-10-17,2026-10,2026-10,Completion Rate,
NCT06600880,https://clinicaltrials.gov/study/NCT06600880,Neuronavigation-guided FUS-induced BBB Opening in Alzheimer's Disease Patients and Its Effects on Brain Amyloid and Tau,Neuronavigation-guided Focused Ultrasound-induced Blood-brain Barrier Opening in Alzheimer's Disease Patients and Its Effects on Brain Amyloid and Tau,NOT_YET_RECRUITING,INTERVENTIONAL,PHASE1,DEVICE_FEASIBILITY,"Diagnostics, imaging, and biomarkers",Preclinical or elevated-risk,6,Columbia University,Neuronavigation-guided single-element focused ultrasound transducer; Lumason; Magnetic Resonance Imaging (MRI) with or without gadolinium contrast agents; Positron Emission Tomography (PET); Amyvid; MK-6240; Dotarem; Blood draw; UR5e; Urine test,"Alzheimer Disease, Early Onset",United States,True,1,1,False,True,2024-09-19,2026-05-13,2027-08,2028-07,2028-12,Total Number of Individuals With Successful Opening of the BBB,
NCT06602258,https://clinicaltrials.gov/study/NCT06602258,A Study of E2814 With Concurrent Lecanemab Treatment in Participants With Early Alzheimer's Disease,"A Phase 2, Placebo-Controlled, Double-Blind, Parallel-Group, Dose-Finding Study to Evaluate Safety, Tolerability, and Biomarker Efficacy of E2814 With Concurrent Lecanemab Treatment in Subjects With Early Alzheimer's Disease",ACTIVE_NOT_RECRUITING,INTERVENTIONAL,PHASE2,TREATMENT,Tau-targeting approaches,MCI or prodromal Alzheimer’s,105,Eisai Inc.,E2814; Lecanemab; Placebo,Alzheimer's Disease,Japan; United States,True,2,26,True,True,2024-09-19,2026-02-11,2024-09-30,2026-12-03,2027-08-18,Change From Baseline in CSF MTBR-tau-243 at 6 Months,
NCT06604507,https://clinicaltrials.gov/study/NCT06604507,Feasibility of Using an App for Managing Phantom Limb Pain Associated with Combat Injury in Ukraine (PAMELA),Feasibility of Using an App for Managing Phantom Limb Pain Associated with Combat Amputation in Ukraine: a Quantitative & Qualitative Observational Trial in the 'Prevention and Management of Phantom Limb Pain' Project,NOT_YET_RECRUITING,OBSERVATIONAL,NOT_APPLICABLE,,Devices and brain stimulation,Mixed or not specified,200,Winfried Meißner,non-pharmacological app,"Amputation, Traumatic; Pain, Phantom; Pain, Acute; Pain, Chronic; Pain, Neuropathic; Rehabilitation; War-Related Trauma",Ukraine,False,1,5,False,True,2024-09-19,2024-09-19,2024-10-15,2026-12-31,2026-12-31,"To assess the feasibility of amputees completing a pre-defined 8-week Routine Health treatment protocol, tailored to each amputee.",
NCT06607900,https://clinicaltrials.gov/study/NCT06607900,hUC-MSC-sEV-001 Nasal Drops for Neurodegenerative Diseases,"A Multi-center, Open, Single-arm, Basket-design Clinical Trial to Evaluate the Safety and Efficacy of Human Umbilical Cord Mesenchymal Stem Cell-derived Small Extracellular Vesicles hUC-MSC-sEV-001 Nasal Drops for the Treatment of Multiple Neurodegenerative Diseases",NOT_YET_RECRUITING,INTERVENTIONAL,PHASE1,TREATMENT,Other interventional treatment research,Care partners or care systems,120,"Xuanwu Hospital, Beijing",hUC-MSC-sEV-001 nasal drops,Alzheimer Disease; Parkinson Disease; Lewy Body Dementia; Multiple System Atrophy; Fronto-temporal Dementia; Amyotrophic Lateral Sclerosis,China,False,1,1,False,True,2024-09-23,2025-07-08,2025-07-01,2027-08-31,2028-08-31,Alzheimer's disease: Change in Alzheimer's disease assessment scale-cognitive section（ADAS-cog）; Parkinson's disease: Change in MDS Unified-Parkinson Disease Rating Scale(MDS-UPDRS); multiple system atrophy: Unified Multiple System Atrophy Rating Scale（Part I and Part II）,
NCT06608589,https://clinicaltrials.gov/study/NCT06608589,CONSTELLATIONS Living Lab: Improving the Care Transitions of Older Adults Living with Neurocognitive Disorders,"CONSTELLATIONS Living Lab: Development, Implementation and Evaluation of a Patient-oriented Quality Improvement Program Targeting Care Transitions of Older Adults Living with Major Neurocognitive Disorders and Their Caregivers.",RECRUITING,INTERVENTIONAL,NA,HEALTH_SERVICES_RESEARCH,"Care, behavior, and quality of life",Care partners or care systems,700,Laval University,CoMPAS+ MNCDs Program - Quality improvement program targeting the care transitions of patients living with a major neurocognitive disorder and their caregivers,Alzheimer Disease; Dementia; Neurocognitive Decline,Canada,False,1,1,False,True,2024-09-23,2024-10-15,2023-03-14,2026-04-30,2026-04-30,Perceived quality of care: The variation in the Physician Enabling Skills Questionnaire (PESQ) scores.,
NCT06611878,https://clinicaltrials.gov/study/NCT06611878,Memory for Music: Individual Intensive Musical Training in Alzheimer's Disease,Memory for Music: Effects of Individual Intensive Musical Training Based on Singing in Non-musicians With Alzheimer's Disease,RECRUITING,INTERVENTIONAL,NA,TREATMENT,"Care, behavior, and quality of life",Mixed or not specified,113,NORCE Norwegian Research Centre AS,Music training - intensive; Music training - minimal; Treatment as Usual (TAU),Alzheimer Disease,Argentina; Austria; Norway,False,3,6,True,True,2024-09-25,2026-05-08,2024-12-01,2027-10-01,2027-10-01,ADAS-cog; EEG-ERP N400 in response to music stimuli,
NCT06613971,https://clinicaltrials.gov/study/NCT06613971,Dynamic Light Scattering Ocular Measurement in the Detection of Dementia,Dynamic Light Scattering Ocular Measurement in the Detection of Dementia,RECRUITING,OBSERVATIONAL,NOT_APPLICABLE,,"Diagnostics, imaging, and biomarkers",Mixed or not specified,50,MD Stem Cells,,Dementia; Dementia Alzheimer Type,United States,True,1,1,False,True,2024-09-26,2025-05-08,2024-04-25,2027-04-25,2028-04-25,Comparison of Dynamic Light Scattering Spectroscopy in Dementias,
NCT06618807,https://clinicaltrials.gov/study/NCT06618807,Infrared Light for Memory Loss in Mild Cognitive Impairment (MCI),"A Pilot Study Evaluating the Feasibility, Safety, and Efficacy of the Neuro RX Gamma (Version 2) for the Treatment of Mild Cognitive Impairment (MCI)",RECRUITING,INTERVENTIONAL,NA,TREATMENT,"Diagnostics, imaging, and biomarkers",MCI or prodromal Alzheimer’s,60,Unity Health Toronto,Active tPBM device; Sham device,Mild Cognitive Impairment (MCI) Due to Alzheimer's Disease,Canada,False,1,1,False,True,2024-10-01,2025-12-05,2025-01-10,2027-08-01,2028-03-01,Cognition,
NCT06618872,https://clinicaltrials.gov/study/NCT06618872,Incremental Diagnostic Value of Tau-PET With [18F]RO948 vs Amyloid-PET in Patients With Cognitive Impairment,Incremental Diagnostic Value of Tau-PET With [18F]RO948 vs Amyloid-PET in Patients With,RECRUITING,INTERVENTIONAL,NA,DIAGNOSTIC,"Diagnostics, imaging, and biomarkers",MCI or prodromal Alzheimer’s,120,"University Hospital, Geneva",PET/CT with RO958 (experimental),Dementia; Alzheimer Disease,Switzerland,False,1,2,False,True,2024-10-01,2025-12-23,2024-12-03,2027-08-30,2027-08-30,"Difference between tau-PET with [18F]RO948 and amyloid PET in the change of physician's diagnostic confidence (50-100% visual analogue scale) across time; Difference between tau-PET with [18F]RO948 and amyloid PET in the changes in etiological diagnoses across time (i.e., from Alzheimer disease (AD) to non-AD, or from non-AD to AD).",
NCT06619613,https://clinicaltrials.gov/study/NCT06619613,A Study of CM383 in Patients With Alzheimer's Disease Related Mild Cognitive Impairment and Mild Alzheimer's Disease,"A Randomized, Double-blind, Placebo-controlled and Multiple Dose Escalation Phase Ib Study Evaluating the Safety, Tolerability, Pharmacokinetics, Pharmacodynamics, and Immunogenicity of CM383 in Patients With Alzheimer's Disease Related Mild Cognitive Impairment and Mild Alzheimer's Disease",RECRUITING,INTERVENTIONAL,PHASE1,TREATMENT,Other interventional treatment research,MCI or prodromal Alzheimer’s,48,Keymed Biosciences Co.Ltd,Alzheimer Disease (AD); Placebo,Alzheimer Disease,China,False,1,1,False,True,2024-10-01,2025-03-19,2024-11-08,2026-12-30,2026-12-30,Adverse event,
NCT06621758,https://clinicaltrials.gov/study/NCT06621758,Communication Regarding Preclinical Dementia Diagnostic and Diagnostic Disclosure Among Patients with MCI and SCD,Communication Regarding Preclinical Dementia Diagnostic and Diagnostic Disclosure Among Patients with MCI and SCD,NOT_YET_RECRUITING,OBSERVATIONAL,NOT_APPLICABLE,,"Diagnostics, imaging, and biomarkers",Preclinical or elevated-risk,120,Danish Dementia Research Centre,questionnaire,Alzheimer Disease; Mild Cognitive Impairment (MCI); Subjective Cognitive Decline (SCD),,False,0,0,False,False,2024-10-01,2024-10-01,2024-10-15,2026-02-01,2026-08-01,Important issues in communication,
NCT06623864,https://clinicaltrials.gov/study/NCT06623864,Significant Activities in the Integrated Person-centered Care Model,Significant Activities in the Implementation of the Integrated Person-centered Care Model: Intervention Protocol,RECRUITING,INTERVENTIONAL,NA,SUPPORTIVE_CARE,Other interventional treatment research,Mixed or not specified,10,Universidad de Burgos,meaningful activities; other activities,Old Age; Dementia; Old Age; Debility,Spain,False,1,1,False,True,2024-10-02,2024-10-02,2024-09-24,2024-12-20,2025-01-20,Kruskal-Wallis test; Spearman's correlation coefficient,
NCT06631144,https://clinicaltrials.gov/study/NCT06631144,A Spanish-language Caregiver-Enabled Care Program,Improving Health Equities for Hispanic/Latino Families Living With Dementia by Validating a Spanish-language Caregiver-Enabled Care Program (CECP) in PACE Participants,ACTIVE_NOT_RECRUITING,INTERVENTIONAL,NA,SUPPORTIVE_CARE,"Care, behavior, and quality of life",Care partners or care systems,270,"Ceresti Health, Inc.",Spanish-language Caregiver-Enabled Care Program (CECP),Dementia; Dementia Alzheimers; Alzheimer Disease; Caregiver; Caregiver Burden,United States,True,1,1,False,True,2024-10-08,2025-08-12,2024-12-04,2026-01-22,2026-02-27,Longitudinal Engagement; Intensity of Engagement,
NCT06631742,https://clinicaltrials.gov/study/NCT06631742,Exergaming Revolution in Dementia,The Effect of an Exergaming Intervention on Physical Activity and Sleep in People With Major Neurocognitive Disorders Living in Long-term Care Facilities: a Pilot Randomized Controlled Trial.,RECRUITING,INTERVENTIONAL,NA,SUPPORTIVE_CARE,"Care, behavior, and quality of life",Mixed or not specified,48,Eastern Switzerland University of Applied Sciences,Exergaming on Dividat Senso; Usual Care,Major Neurocognitive Disorder; Alzheimer Disease; Parkinson Disease; Lewy Body Dementia; Mixed Dementias,Switzerland,False,1,1,False,True,2024-10-08,2024-10-08,2024-09-27,2027-01-31,2027-04-30,Short Physical Performance Battery; Short Phyiscal Performance Battery,
NCT06632990,https://clinicaltrials.gov/study/NCT06632990,A Study Evaluating the Potential of BMS-984923 to Alter the Systemic Exposure of Three Orally Administered Probe Substrates,"An Open-label, Randomized, Three-arm Study Evaluating the Potential of BMS-984923 to Alter the Systemic Exposure of Three Orally Administered Probe Substrates in Healthy Adult Participants",ACTIVE_NOT_RECRUITING,INTERVENTIONAL,PHASE1,BASIC_SCIENCE,Synapses and neuronal communication,Preclinical or elevated-risk,36,Allyx Therapeutics,BMS-984923; Midazolam; Caffeine; dextromethorphan,Drug Drug Interaction (DDI),United States,True,1,1,False,True,2024-10-09,2025-02-07,2024-11-04,2025-04-03,2025-10-15,Area under the curve for the first and last 96 hours of dosing (AUC96h) as determined by PK modeling; Area under the curve for the first and last 96 hours of dosing (AUC96h) as determined by PK modeling; Area under the curve for the first and last 96 hours of dosing (AUC96h) as determined by PK modeling,
NCT06639282,https://clinicaltrials.gov/study/NCT06639282,Repurposing Siponimod for Alzheimer's Disease,"SIPO1-AD: A Phase II Clinical Trial for the Assessment of Safety, Tolerability, and Efficacy of Siponimod in Patients With Mild Alzheimer's Disease",RECRUITING,INTERVENTIONAL,PHASE2,TREATMENT,"Diagnostics, imaging, and biomarkers",MCI or prodromal Alzheimer’s,105,"St. Joseph's Hospital and Medical Center, Phoenix",Siponimod; Placebo,"Alzheimer Disease; Mild Alzheimer Disease; MCI With Increased Risk for Alzheimer Disease; Cognitive Impairment, Mild",United States,True,1,1,False,True,2024-10-15,2026-03-04,2025-08-26,2029-10,2029-10,Monitoring and recording of all adverse events (AEs) and serious adverse events (SAEs),
NCT06644573,https://clinicaltrials.gov/study/NCT06644573,Evaluating the Efficacy and Safety of PROSOMNIA Sleep Therapy™ in Patients With Sleep Deprivation and Chronic Insomnia,Evaluating the Efficacy and Safety of PROSOMNIA Sleep Therapy™ in Patients With Sleep Deprivation and Chronic Insomnia,NOT_YET_RECRUITING,INTERVENTIONAL,PHASE1,TREATMENT,"Care, behavior, and quality of life",Moderate or later dementia,100,Nyree Penn,"PROSOMNIA Sleep Therapy™ (PSTx); Anesthesia-Induced Sleep Therapy; Diprivan (propofol), Astra-Zeneca; Continuous EEG Monitoring","Chronic Insomnia; Sleep Deprivation; REM Behavior Disorder; REM Sleep Behavior Disorder; REM Sleep Measurement; Insomnia; Insomnia Related to Specified Disorder; Insomnia Due to Other Mental Disorder; Insomnia Comorbid to Psychiatric Disorder; Insomnia Due to Anxiety and Fear; Insomnia Related to Another Mental Condition; Insomnia Disorders; Idiopathic Hypersomnia; Sleep Disorders, Circadian Rhythm; Post Trauma Nightmares; PTSD - Post Traumatic Stress Disorder; Sleep Quality; Anesthesia; Anxiety; Depression; Mental Health; Alzheimer Disease or Associated Disorder; Parkinsons; Circadian Rhythm; Circadian Dysregulation; PTSD; Post-Traumatic; Post-Traumatic Stress Disorder Complex; Military Combat Stress Reaction; Sleep; Military Activity; Veterans; Shift Work Sleep Disorder; Menopause Related Conditions; Pain; Cancer Pain; Athletes",United States,True,1,1,False,True,2024-10-16,2025-05-28,2025-11-01,2026-05-01,2026-05-01,Reduction in Homeostatic Sleep Pressure; Change in Sleep Onset Latency; Change in REM Sleep Duration,
NCT06653153,https://clinicaltrials.gov/study/NCT06653153,A Study of Remternetug (LY3372993) in Early Alzheimer's Disease (TRAILRUNNER-ALZ 3),A Study of Remternetug Versus Placebo in Early Alzheimer's Disease Participants at Risk for Cognitive and Functional Decline,ACTIVE_NOT_RECRUITING,INTERVENTIONAL,PHASE3,TREATMENT,Amyloid-targeting approaches,Preclinical or elevated-risk,1400,Eli Lilly and Company,Remternetug; Placebo,Alzheimer's Disease,Australia; Canada; China; Japan; Puerto Rico; South Korea; Spain; Taiwan; United Kingdom; United States,True,10,262,True,True,2024-10-22,2025-11-20,2024-10-24,2029-04,2030-10,Time to Clinically Meaningful Progression as Measured by Clinical Dementia Rate Scale (CDR),
NCT06657768,https://clinicaltrials.gov/study/NCT06657768,A Study of LY4006895 in Healthy Participants With Early Symptomatic Alzheimer's Disease (AD),"A Placebo-Controlled, Single- and Multiple-Ascending Dose Study to Evaluate the Safety, Tolerability, PK and PD of LY4006895 in Healthy Volunteers and Patients With Early Symptomatic AD",RECRUITING,INTERVENTIONAL,PHASE1,BASIC_SCIENCE,"Diagnostics, imaging, and biomarkers",Mixed or not specified,128,Eli Lilly and Company,LY4006895; Placebo,Alzheimer Disease; Healthy,Japan; United States,True,2,13,True,True,2024-10-24,2026-06-04,2024-10-29,2027-07,2027-07,"Number of Participants with One or More Treatment Emergent Adverse Events (TEAEs), Serious Adverse Event(s) (SAEs), and Discontinuations due to Adverse Event(s) (AEs) Considered by the Investigator to be Related to Study Drug Administration",
NCT06661564,https://clinicaltrials.gov/study/NCT06661564,Identification of Diagnosis Biomarkers in the Tears of Alzheimer's Disease Patients: The COG-EYE Pilot Study,Identification de Biomarqueurs Diagnostiques Dans Les Larmes de Patients Atteints de Maladie d'Alzheimer : l'étude Pilote COG-EYE,RECRUITING,INTERVENTIONAL,NA,DIAGNOSTIC,"Diagnostics, imaging, and biomarkers",MCI or prodromal Alzheimer’s,90,"University Hospital, Tours","Basal tear collection for the analysis of metabo-lipidomic profiles and concentrations of protein biomarkers (Tau, phosphorylated Tau, Aβ 1-40, and Aβ 1-42); Collection of a blood sample (5 mL) for blood biomarkers analysis",Alzheimer Disease,France,False,1,1,False,True,2024-10-28,2025-10-07,2025-07-09,2027-07,2027-07,Concentration of total Tau proteins in basal tears of patients with AD vs healthy volunteers; Concentration of phosphorylated Tau proteins in basal tears of patients with AD vs healthy volunteers; Concentration of Amyloid β 1-40 proteins in basal tears of patients with AD vs healthy volunteers,
NCT06668610,https://clinicaltrials.gov/study/NCT06668610,A Multifocal tDCS-EEG Protocol for Improving Symptoms of Mild Cognitive Impairment and Early Dementia,An Integrated Multifocal tDCS-EEG Protocol for Improving Cognitive and Affective Symptoms in Mild Cognitive Impairment and Early Stages of Dementia: a Crossover Double-blind Randomised Controlled Trial,RECRUITING,INTERVENTIONAL,NA,TREATMENT,"Care, behavior, and quality of life",Care partners or care systems,50,University of Campania Luigi Vanvitelli,"StarStim 32, Neuroelectrics, Spain - Real multifocal tDCS; StarStim 32, Neuroelectrics, Spain - Sham multifocal tDCS; Cognitive treatment","Mild Cognitive Impairment (MCI); Dementia; Alzheimer Disease, Early Onset; Alzheimer Disease; Frontotemporal Degeneration (FTD); Neurocognitive Decline",Italy,False,1,1,False,True,2024-10-31,2026-04-22,2024-10-01,2026-10-01,2026-10-01,"Montreal Cognitive Assessment (MOCA; Santangelo et al., 2015).; Frontal Assessment Battery (FAB; Appollonio et al., 2005).; Free and Cued Selective Reminding Test (FCSRT; Frasson et al., 2011).",
NCT06669182,https://clinicaltrials.gov/study/NCT06669182,Advantage of Cerebellar Transcranial Magnetic Stimulation in Alzheimer's Diseases （ACT-AD）,Effects of Cerebellar Transcranial Magnetic Stimulation on Patients With Alzheimer's Disease：A Multicenter Randomized Controlled Trial,RECRUITING,INTERVENTIONAL,NA,TREATMENT,"Care, behavior, and quality of life",Care partners or care systems,100,Xijing Hospital,Intermittent Theta-Burst Transcranial Magnetic Stimulation,Alzheimer Disease; Transcranial Magnetic Stimulation; Cerebellum,China,False,1,4,False,True,2024-11-01,2025-11-24,2025-01-07,2026-03-10,2026-04-10,The changes in CDR-SB（Clinical Dementia Rating-Sum of Boxes）,
NCT06669546,https://clinicaltrials.gov/study/NCT06669546,"Effects of Real vs. Soundless Acoustic Stimulation During Deep Sleep on Brain Activity, Memory, and Blood Biomarkers in Older Adults (60-85) With Mild Memory Impairment","Preventing Cognitive Decline Using Portable, Non-invasive Sleep Enhancement",RECRUITING,INTERVENTIONAL,NA,PREVENTION,"Diagnostics, imaging, and biomarkers",Subjective cognitive concerns,60,University of Bern,Phase-locked auditory stimulation (PLAS); Sham Phase-Locked Auditory Stimulation,"Cognitive Decline; Alzheimer Disease; Subjective Cognitive Decline (SCD); Mild Cognitive Impairment (MCI); Cognitive Impairment, Mild",Switzerland,False,1,1,False,True,2024-11-01,2026-04-03,2025-02-21,2028-05,2028-12,Episodic memory performance differences (between and within subject) according to the experimental condition,
NCT06670820,https://clinicaltrials.gov/study/NCT06670820,iTBS in MCI and Mild AD,The Effects of Intermittent Theta-burst Stimulation on Cognitive Function in Patients With Mild Cognitive Impairment and Mild Alzheimer's Disease and the Role of Brain-Derived Neurotrophic Factor,NOT_YET_RECRUITING,INTERVENTIONAL,NA,TREATMENT,Devices and brain stimulation,MCI or prodromal Alzheimer’s,80,"National Defense Medical Center, Taiwan",Active rTMS; Sham rTMS,Mild Cognitive Impairment (MCI); Mild Alzheimer Disease,Taiwan,False,1,1,False,True,2024-11-01,2024-11-01,2024-10-31,2028-12-31,2028-12-31,"Changes in neurocognitive function test scores (Mini-Mental State Examination；MMSE) between T1 (Day 1) and T2 (Day 14), and the differences between the experimental and control groups.",
NCT06677632,https://clinicaltrials.gov/study/NCT06677632,Targeting zDHHC Enzymes to Counteract Alzheimer's Disease,Developing New Therapeutic Strategies to Counteract Synaptic and Cognitive Deficits in Alzheimer's Disease by Targeting zDHHC Enzymes,NOT_YET_RECRUITING,OBSERVATIONAL,NOT_APPLICABLE,,"Metabolism, insulin signaling, and cellular energy",Mixed or not specified,14,Fondazione Policlinico Universitario Agostino Gemelli IRCCS,Palmitoylation Enzyme Expression Profiling Study,Alzheimer Disease,Italy,False,1,1,False,True,2024-11-07,2024-11-07,2024-11-11,2025-08-31,2026-08-31,Differences in zDHHC mRNA and protein expression levels between Alzheimer's disease (AD) models and control samples; Change in AD-associated deficits following zDHHC7 downregulation,
NCT06678100,https://clinicaltrials.gov/study/NCT06678100,Swallowing Impairments in Adults With and Without Alzheimer's Disease,Prevalence and Care Partner Burden of Individuals With Alzheimer's Disease,RECRUITING,OBSERVATIONAL,NOT_APPLICABLE,,"Care, behavior, and quality of life",Care partners or care systems,240,Vanderbilt University Medical Center,,Alzheimer Disease; Caregiver Burden; Healthy Aging; Dysphagia,United States,True,1,1,False,True,2024-11-07,2026-05-08,2025-04-21,2027-02,2028-02,Swallowing safety,
NCT06679296,https://clinicaltrials.gov/study/NCT06679296,Study on Aging and Cognitive Impairment in China,A Longitudinal Study on the Aging of Health and Cognitive Impairment in China,RECRUITING,OBSERVATIONAL,NOT_APPLICABLE,,"Care, behavior, and quality of life",Mixed or not specified,20000,First Affiliated Hospital of Wenzhou Medical University,,Cognitive Dysfunction; Aging,China,False,1,1,False,True,2024-11-07,2024-11-07,2024-11-20,2033-12-31,2033-12-31,"Assessing the prevalence of cognitive impairment in China based on MMSE, MoCA and CDR.; Change in Alzheimer disease biomarkers over time",
NCT06682767,https://clinicaltrials.gov/study/NCT06682767,"A Nutritional Intervention for Body, Brain, and Longevity Effects (NIBBLE)","A Nutritional Intervention for Body, Brain, and Longevity Effects (NIBBLE) - A Randomized Open-label Intervention of the Fasting-mimicking Diet (FMD)",NOT_YET_RECRUITING,INTERVENTIONAL,NA,PREVENTION,"Diagnostics, imaging, and biomarkers",MCI or prodromal Alzheimer’s,40,Cedars-Sinai Medical Center,FMD1 (LNT22-017-1); Dietary Guidance,Cerebral Blood Flow; APOE 4,United States,True,1,1,False,True,2024-11-12,2026-02-09,2026-03,2027-03,2027-03,Evaluate the safety of a six-month FMD intervention,
NCT06688968,https://clinicaltrials.gov/study/NCT06688968,Neuropsychological Profiles and Musical Engagement in Parkinson's and Alzheimer's Disease,"Observational Pilot Study of Neuropsychological Profiles and Musical Engagement in Parkinson's and Alzheimer's Disease. What Are the Effects of Mnestic or Hedonic Impairment on Emotion, Reminiscence and Musical Enjoyment",RECRUITING,INTERVENTIONAL,NA,BASIC_SCIENCE,Other interventional treatment research,Early Alzheimer’s disease,120,"University Hospital, Montpellier",neuropsychologist interview; questionnaire,"Alzheimer Disease, Early Onset; Parkinsons Disease with Dementia; Non Pharmacological Intervention",France,False,1,3,False,True,2024-11-14,2025-03-19,2025-02-04,2025-12-01,2025-12-01,"Comparison of the specificities of musical engagement (i.e., music-related behaviors in daily life) in Alzheimer's disease, Parkinson's disease, and among a population of healthy old adults.",
NCT06691256,https://clinicaltrials.gov/study/NCT06691256,Preventing Medication Mismanagement in People Living with Dementia Through Automated Medication Dispensing with Facial Recognition and Video Observation,Preventing Medication Mismanagement in People Living with Dementia Through Automated Medication Dispensing with Facial Recognition and Video Observation,ACTIVE_NOT_RECRUITING,INTERVENTIONAL,PHASE2,SUPPORTIVE_CARE,"Care, behavior, and quality of life",Care partners or care systems,70,HiDO Technologies,HiDO-ALZ,Alzheimer Disease; Dementia; Medication Adherence; Type 2 Diabetes Mellitus (T2DM),United States,True,1,1,False,True,2024-11-15,2025-01-30,2024-09-24,2026-05-31,2026-05-31,Medication adherence: Percentage of Doses Taken as Prescribed Over 12 Months; Change in Health Biomarker: Change in Glucose Levels (mg/dL) Over 12 Months; Change in Health Biomarker: Change in HbA1c Levels (%) Over 12 Months,
NCT06699992,https://clinicaltrials.gov/study/NCT06699992,Clinical Application and Usability of Blood Biomarkers As Screening Tool in Alzheimer Disease: a Validation Study,Clinical Application and Usability of Blood Biomarkers As Screening Tool in Alzheimer Disease: a Validation Study,NOT_YET_RECRUITING,OBSERVATIONAL,NOT_APPLICABLE,,"Care, behavior, and quality of life",Care partners or care systems,1000,Fondazione Policlinico Universitario Agostino Gemelli IRCCS,Blood biomarkers quantification,Cognitive Decline,Italy,False,1,1,False,True,2024-11-21,2024-11-21,2024-12-01,2026-08,2026-08,Accuracy of plasma biomarkers in identifying CSF biomarkers positive subjects,
NCT06702124,https://clinicaltrials.gov/study/NCT06702124,A Phase 3 Study of Rotigotine in Combination with Rivastigmine in Mild to Moderate Alzheimer's Disease,"Effects of Dopaminergic Therapy in Patients with Alzheimer's Disease: a 24 Weeks Prospective, Randomized, Double-blind, Placebo-controlled, Parallel Group, International, Multi-center Phase III Study Evaluating Efficacy and Safety of Rotigotine 4 Mg/24 Hrs in Combination with Rivastigmine 9.5 Mg/24 Hrs in Mild to Moderate Alzheimer's Disease Patients.",RECRUITING,INTERVENTIONAL,PHASE3,TREATMENT,"Care, behavior, and quality of life",Care partners or care systems,348,I.R.C.C.S. Fondazione Santa Lucia,Rotigotine 4Mg/24Hrs Patch; Placebo,Alzheimer Disease,Italy,False,1,1,False,True,2024-11-22,2025-01-22,2023-12-01,2025-07,2026-04,Change from Baseline to Week 24 in the FAB to evaluate efficacy of rotigotine in combination with rivastigmine on frontal lobe cognitive functions as compared to rivastigmine in combination with placebo.,
NCT06703541,https://clinicaltrials.gov/study/NCT06703541,ADRC Clinical Cohort (Alzheimer's Disease),Duke/UNC Alzheimer's Disease Center Clinical Cohort,RECRUITING,OBSERVATIONAL,NOT_APPLICABLE,,"Diagnostics, imaging, and biomarkers",Preclinical or elevated-risk,500,Duke University,,Alzheimer Disease; Mild Cognitive Impairment; Dementia,United States,True,1,1,False,True,2024-11-25,2025-08-24,2020-07-21,2026-08-31,2026-08-31,Number of participants enrolled who are aged 25 to 44 with normal cognition; Number of participants enrolled who are aged 45 to 80 with normal cognition; Number of participants enrolled who are aged 45 to 80 with mild cognitive impairment (MCI),
NCT06704971,https://clinicaltrials.gov/study/NCT06704971,Assessing Cognitive Decline at Home,Automatic Assessment of Neuropsychiatric Symptoms at Home Predictive of Mental Health and Cognitive Disorders Using Non-Intrusive Ambient Intelligence Technologies,ACTIVE_NOT_RECRUITING,OBSERVATIONAL,NOT_APPLICABLE,,"Care, behavior, and quality of life",Care partners or care systems,25,Stanford University,,Mild Cognitive Impairment; Mild Dementia; Dementia Alzheimers; Dementia; Memory Impairment; NPS,United States,True,1,1,False,True,2024-11-26,2026-05-18,2024-10-01,2025-10-30,2026-12-30,develop a personalized and clinically interpretable NPS assessment system; NPS Clinical Dashboard,
NCT06705010,https://clinicaltrials.gov/study/NCT06705010,Monitoring of Brain Metabolites Using Proton and Deuterium MR Techniques,Non-Invasive Monitoring of Brain Metabolites Using Novel and Adapted Proton and Deuterium MR Techniques,NOT_YET_RECRUITING,INTERVENTIONAL,NA,BASIC_SCIENCE,"Care, behavior, and quality of life",MCI or prodromal Alzheimer’s,140,"Insel Gruppe AG, University Hospital Bern",Application of new pulse sequence package SIGNATURES2023 to healthy controls; Application of new pulse sequence package SIGNATURES2023 to 4 groups of patients (pilot),Aging; Brain Metabolic Disorder; Carotid Stenosis; Alzheimer Disease; Diabetes Type 2; Mild Cognitive Impairment; Brain Disease,Switzerland,False,1,1,False,True,2024-11-26,2025-03-25,2025-04-01,2026-11-01,2028-03-31,3D spatial resolved Deuterium metabolite imaging (DMI); 3D spatial resolved SLOW-EPSI MRSI metabolite mapping; 3D spatial resolved 3D DMI and 3D SLOW-EPSI MRSI mapping in Alzheimer's disease (AD) patient group,
NCT06705738,https://clinicaltrials.gov/study/NCT06705738,The Effect of Combination of Mediterranean Diet and Oleocanthal in Patients with Mild Cognitive Impairment,The Effect of Combination of Mediterranean Diet and Oleocanthal in Patients with Mild Cognitive Impairment,ACTIVE_NOT_RECRUITING,INTERVENTIONAL,NA,PREVENTION,"Care, behavior, and quality of life",Preclinical or elevated-risk,200,Aristotle University Of Thessaloniki,SUPOL; Dietary Pattern: MeDi,Mild Cognitive Impairment,Greece,False,1,2,False,True,2024-11-26,2024-11-26,2024-11-01,2026-04-30,2026-11-01,ADAS-Cog - Measurement to Assess the Severity of Cognitive Impairment; MMSE - Measurement to Assess and Evaluate Cogntive Function,
NCT06706947,https://clinicaltrials.gov/study/NCT06706947,Exploration of the Efficacy and Mechanisms of Lymphaticovenous Anastomosis in the Treatment of Alzheimer's Disease,Exploration of the Efficacy and Mechanisms of Lymphaticovenous Anastomosis in the Treatment of Alzheimer's Disease,NOT_YET_RECRUITING,INTERVENTIONAL,NA,TREATMENT,"Diagnostics, imaging, and biomarkers",Moderate or later dementia,20,Luo Xinxin,Lymphaticovenous Anastomosis,Alzheimer&amp;#39;s Disease (AD),China,False,1,1,False,True,2024-11-27,2024-11-27,2024-12-01,2025-12-31,2025-12-31,Mini-Mental State Examination(MMSE),
NCT06708182,https://clinicaltrials.gov/study/NCT06708182,SAGE LEAF 2: An Online Program to Reduce Dementia Caregiver Burden,Social Augmentation of Self-Guided Electronic Delivery of the Life Enhancing Activities for Family Caregivers (SAGE LEAF 2): An Online Self-Guided Positive Emotion Regulation Program to Reduce Alzheimer's Dementia Caregiver Burden Delivered Through Caregiver-Serving Organizations,ACTIVE_NOT_RECRUITING,INTERVENTIONAL,NA,SUPPORTIVE_CARE,"Care, behavior, and quality of life",Care partners or care systems,53,Northwestern University,SAGE LEAF Positive Emotion Skills Course,Caregiving Stress; Caregiver Burden,United States,True,1,1,False,True,2024-11-27,2026-04-29,2025-07-02,2026-07,2026-09,Caregiver Burden measured using the Zarit Burden Interview.; Positive Aspects of Caregiving measured using the Positive Aspects of Caregiving scale; Positive Affect measured using the PROMIS Bank v1.0 Positive Affect,
NCT06709014,https://clinicaltrials.gov/study/NCT06709014,A Double-blind Dual Study Assessing Safety and Efficacy of Buntanetap in Participants With Early AD,"A 6-month & 18-month Prospective, Randomized, Placebo-controlled, Double-blind Dual Clinical Trial Investigating Efficacy and Safety of Buntanetap in Treating Participants of Early Alzheimer's Disease",ACTIVE_NOT_RECRUITING,INTERVENTIONAL,PHASE3,TREATMENT,"Diagnostics, imaging, and biomarkers",MCI or prodromal Alzheimer’s,760,Annovis Bio Inc.,buntanetap/posiphen; Placebo,Early Alzheimers Disease,United States,True,1,78,False,True,2024-11-29,2026-05-18,2025-02-04,2027-12,2028-06,Alzheimer's Disease Assessment Scale-Cognitive Subscale 13 (ADAS-Cog13); Alzheimer's Disease Cooperative Study-Instrumental Activities of Daily Living Scale (ADCS-iADL),
NCT06711952,https://clinicaltrials.gov/study/NCT06711952,German Validation Study of the Subjective Cognitive Decline Questionnaire (SCD-Q),German Validation Study of the Subjective Cognitive Decline Questionnaire (SCD-Q) and Its Potential Use in Large Cohorts,RECRUITING,INTERVENTIONAL,NA,SCREENING,"Diagnostics, imaging, and biomarkers",Subjective cognitive concerns,300,Ludwig-Maximilians - University of Munich,Subjective Cognitive Decline-Questionnaire (SCD-Q); Cognitive Failure Questionnaire (CFQ); biomarkers; Cognitive Tests,Alzheimer Disease; Subjective Cognitive Decline,Germany,False,1,1,False,True,2024-12-02,2025-05-29,2023-02-01,2025-08-31,2025-08-31,Validation of the SCD-Q in the german language; combination of SCD-Q and biomarkers; Correlation of SCD-Q with digital cognitive tests and a shortened version of SCD-Q,
NCT06715995,https://clinicaltrials.gov/study/NCT06715995,Effects of Endogenous Gamma Light Stimulation on Brain Oscillations in Cognitively-normal Older Adults,"Effects of Endogenous Gamma Light Stimulation on Brain Oscillations in Cognitively-normal Older Adults: a Randomized, Placebo-controlled, Double-blind Study",RECRUITING,INTERVENTIONAL,NA,PREVENTION,Devices and brain stimulation,Moderate or later dementia,52,Chang Gung Memorial Hospital,"Gamma Wave Stimulation Table Lamp (Aleddra, Inc., USA)",EEG Brain Oscillations; Alzheimer&amp;#39;s Disease (AD); Cognitively Normal Older Adults,Taiwan,False,1,1,False,True,2024-12-04,2024-12-04,2024-12-09,2025-09-30,2025-09-30,Changes in gamma brain oscillations.,
NCT06718686,https://clinicaltrials.gov/study/NCT06718686,Rifaximin SSD in Dementia Trial,Rifaximin in Dementia Trial (RIDE): Gut-Brain Modulation With Rifaximin SSD in Dementia,RECRUITING,INTERVENTIONAL,PHASE1+PHASE2,TREATMENT,"Care, behavior, and quality of life",Care partners or care systems,20,Jasmohan Bajaj,Rifaximin SSD 40 mg IR tablet; Placebo,Dementia Alzheimer Type; Dementia Associated With Cerebrovascular Disease,United States,True,1,1,False,True,2024-12-05,2026-04-03,2024-12-30,2027-10-30,2027-12-30,Change in stool and serum short-chain fatty acid levels; Change in bile acids in stool and serum,
NCT06722352,https://clinicaltrials.gov/study/NCT06722352,Palliative Care Education in Assisted Living for Dementia Care Providers (PCEAL-DCP),Preparing Assisted Living Staff to Provider Palliative Care to Residents With Dementia: Palliative Care Education in Assisted Living for Dementia Care Providers (PCEAL-DCP),RECRUITING,INTERVENTIONAL,NA,SUPPORTIVE_CARE,"Care, behavior, and quality of life",Care partners or care systems,792,University of South Florida,Palliative Care Training,Alzheimer Disease; End of Life; Caregiver Burden; Caregiver Burnout; Patient Participation; Self Efficacy,United States,True,1,2,False,True,2024-12-09,2026-04-29,2025-01-28,2028-12-01,2029-08-01,Documentation of Advance Care Planning (ACP) Discussions,
NCT06723015,https://clinicaltrials.gov/study/NCT06723015,Tau PET Outcomes With Anti-amyloid Immunotherapies,Study of Tau PET Outcomes in Patients Receiving Anti-amyloid Immunotherapies,ENROLLING_BY_INVITATION,INTERVENTIONAL,PHASE2,OTHER,"Diagnostics, imaging, and biomarkers",MCI or prodromal Alzheimer’s,135,Mayo Clinic,18F-AV-1451,"Cognitive Impairment, Mild; Dementia, Mild; Alzheimer Disease",United States,True,1,1,False,True,2024-12-09,2025-11-18,2025-11-04,2028-08,2028-08,Change in tau PET Standardized Uptake Value (SUVR),
NCT06725706,https://clinicaltrials.gov/study/NCT06725706,Beta Amyloid PET/CT in Various Aβ-Related Disease,Beta Amyloid PET/CT in Various Aβ-Related Disease,RECRUITING,OBSERVATIONAL,NOT_APPLICABLE,,"Diagnostics, imaging, and biomarkers",Mixed or not specified,500,Tianjin Medical University,"18F-92/AV45, 11C-PIB",Amyloid; Beta-Amyloid; Neurodegenerative Diseases,China,False,1,3,False,True,2024-12-10,2025-06-04,2012-09-01,2027-12-01,2027-12-01,Standardized uptake value (SUV),
NCT06728436,https://clinicaltrials.gov/study/NCT06728436,Testing the Effects of a Text Message Caregiver Support Intervention for Latinos,Testing the Effects of a Text Message Caregiver Support Intervention for Latinos,RECRUITING,INTERVENTIONAL,NA,SUPPORTIVE_CARE,"Care, behavior, and quality of life",Care partners or care systems,288,University of Kansas Medical Center,CuidaTEXT,Alzheimer Disease,United States,True,1,1,False,True,2024-12-11,2025-12-11,2025-02-17,2029-05,2029-05,Change in caregiver depressive symptoms,
NCT06730438,https://clinicaltrials.gov/study/NCT06730438,Transcranial Pulse Stimulation. a Potential Treatment for Early Dementia,Transcranial Pulse Stimulation: a Potential New Treatment for Chronic Disorders of Consciousness/Cognition Due to Vegetative/Minimally Conscious States and Early Dementia,RECRUITING,INTERVENTIONAL,NA,TREATMENT,"Care, behavior, and quality of life",Early Alzheimer’s disease,100,Francesca Pistoia,Transcranial Pulse Stimulation,Alzheimer Disease,Italy,False,1,2,False,True,2024-12-12,2024-12-16,2024-12,2026-05,2026-07,Cognitive improvement,
NCT06731049,https://clinicaltrials.gov/study/NCT06731049,Comparison of the Effectiveness of Treadmill-Based Walking and Dual-Task Walking Training in Alzheimer's Disease,Comparison of the Effects of Treadmill-Based Walking and Dual-Task Walking Training on Activity and Cognition in Alzheimer's Disease,RECRUITING,INTERVENTIONAL,NA,TREATMENT,Lifestyle and multidomain,Mixed or not specified,46,Istanbul University - Cerrahpasa,Treadmill-based Training Group; Dual-Task Treadmill-based Training Group,Alzheimer&#39; Disease; Dementia,Turkey (Türkiye),False,1,1,False,True,2024-12-12,2026-03-31,2025-08-01,2027-12-01,2027-12-01,Timed Up and Go Test; Trail Making Test; Alzheimer's Disease Cooperative Study-Activities of Daily Living (ADCS-ADL),
NCT06731842,https://clinicaltrials.gov/study/NCT06731842,Molecular PET Imaging and Plasma Biomarkers in Alzheimer´s Disease and Other Neurodegenerative Diseases,Molecular PET Imaging and Plasma Biomarkers in Alzheimer´s Disease and Other Neurodegenerative Diseases,ENROLLING_BY_INVITATION,INTERVENTIONAL,NA,DIAGNOSTIC,"Diagnostics, imaging, and biomarkers",MCI or prodromal Alzheimer’s,100,Karolinska Institutet,18F-RO948,Alzheimer´s Disease,Sweden,False,1,1,False,True,2024-12-12,2024-12-12,2022-05-15,2027-12-31,2027-12-31,PET measurement of regional tau spreading in brain during Alzheimer continuum,
NCT06732128,https://clinicaltrials.gov/study/NCT06732128,Nature-based Virtual Reality Intervention for Depression in Alzheimer's Disease,Nature-based Virtual Reality Intervention for Depression in Alzheimer's Disease: a Pilot Randomized Controlled Trial,RECRUITING,INTERVENTIONAL,NA,TREATMENT,"Care, behavior, and quality of life",Care partners or care systems,50,Centre for Addiction and Mental Health,nature-based virtual reality applications and videos; nature-based videos,Alzheimer Disease; Depression,Canada,False,1,1,False,True,2024-12-13,2024-12-13,2025-01-06,2025-06-11,2025-11-11,Tolerability of nature-based virtual reality; Feasibility of nature-based virtual reality; Acceptability of nature-based virtual reality,
NCT06733714,https://clinicaltrials.gov/study/NCT06733714,Association of Transcranial Alternating Current Stimulation with Digital Cognitive Training for Cognitive Remediation in Older Adults,Association of Transcranial Alternating Current Stimulation with Digital Cognitive Training for Cognitive Remediation in Older Adults,RECRUITING,INTERVENTIONAL,NA,TREATMENT,"Diagnostics, imaging, and biomarkers",MCI or prodromal Alzheimer’s,40,Universidade Federal do Rio de Janeiro,Transcranial Alternating Current Stimulation; Digital Cognitive Training,"Cognitive Dysfunction; Alzheimer Disease; Mild Cognitive Impairment; Cognitive Decline; Frontotemporal Degeneration; Dementia; Dementia, Vascular; Lewy Body Disease; Beta-Amyloid; GFAP; Tau Protein",Brazil,False,1,1,False,True,2024-12-13,2024-12-13,2024-12-02,2027-03-01,2027-03-01,MONTREAL COGNITIVE ASSESSMENT (MOCA),
NCT06734286,https://clinicaltrials.gov/study/NCT06734286,Working Memory Training in Patients with Mild Cognitive Impairment,CogMed Intervention Targeting Working Memory in Patients with Mild Cognitive Impairment,RECRUITING,INTERVENTIONAL,NA,OTHER,"Diagnostics, imaging, and biomarkers",MCI or prodromal Alzheimer’s,10,"St. Joseph's Hospital and Medical Center, Phoenix",CogMed,Mild Cognitive Impairment (MCI),United States,True,1,1,False,True,2024-12-16,2024-12-16,2024-09-16,2025-06-30,2025-09-30,Working Memory as measured by the WAIS-IV Digit Span Forward/Backward; Working Memory as measured by the TMT-B; Working Memory as measured by Category Fluency Test,
NCT06739967,https://clinicaltrials.gov/study/NCT06739967,Speech and Language Interventions for Italian People With PPA,Speech and Language-Tailored Interventions for People With Primary Progressive Aphasia,RECRUITING,OBSERVATIONAL,NOT_APPLICABLE,,"Care, behavior, and quality of life",Moderate or later dementia,30,Istituti Clinici Scientifici Maugeri SpA,Behavioral Treatment,Primary Progressive Aphasia(PPA),Italy,False,1,2,False,True,2024-12-18,2026-02-20,2024-09-01,2026-06-30,2026-08-31,Change in measure of naming after Lexical Retrieval Training (LRT); Change in number of articulatory and grammatical errors; Change in measures of patients and caregivers satisfaction and patients functional communication abilities,
NCT06740162,https://clinicaltrials.gov/study/NCT06740162,Physical Activity and Community EmPOWERment Project,A Stage 1 Pilot Test for Feasibility and Efficacy of a Multi-Level Intervention to Increase Physical Activity in Adults With Intellectual Disability: Physical Activity and Community EmPOWERment (PACE),RECRUITING,INTERVENTIONAL,NA,TREATMENT,"Care, behavior, and quality of life",Care partners or care systems,376,"University of North Carolina, Chapel Hill",PACE Program,"Intellectual Disability; Neurodevelopmental Disorders; Autism Spectrum Disorder; Down Syndrome; Fragile X Syndrome; Cri-du-Chat Syndrome; De Lange Syndrome; Mental Retardation, X-Linked; Prader-Willi Syndrome; Rubinstein-Taybi Syndrome; Trisomy 13 Syndrome; WAGR Syndrome; Williams Syndrome",United States,True,1,2,False,True,2024-12-18,2026-02-23,2025-01-10,2027-12,2028-06,Number of Steps Per Day as Measured by the ActiGraph GT9X Link; Minutes of Moderate-to-Vigorous Activity Per Day as Measured by the ActiGraph GT9X Link,
NCT06741553,https://clinicaltrials.gov/study/NCT06741553,Prospective Cohort Study of Patients With Early Alzheimer's Disease Treated With Lecanemab,A Study That Uses an Organized System to Prospectively Collect Uniform Data From a Defined Population,RECRUITING,OBSERVATIONAL,NOT_APPLICABLE,,"Care, behavior, and quality of life",MCI or prodromal Alzheimer’s,120,"Second Affiliated Hospital, School of Medicine, Zhejiang University",Lecanemab 10 mg/kg,Alzheimer Disease; Mild Cognitive Impairment (MCI),China,False,1,1,False,True,2024-12-19,2025-09-03,2024-06-28,2026-06,2027-06,CDR-SB Score; MMSE; ADCs-ADL,
NCT06741865,https://clinicaltrials.gov/study/NCT06741865,The INSPIRE -Faith Study: Intervention Strategies for Preserving Intellectual Resilience and Engagement,Intervention Strategies for Preserving Intellectual Resilience and Engagement,RECRUITING,INTERVENTIONAL,NA,PREVENTION,Lifestyle and multidomain,Subjective cognitive concerns,2000,Healthy Minds Initiative,Lifestyle Intervention; Standard Health Education,Dementia,United States,True,1,1,False,True,2024-12-19,2026-05-28,2025-06-01,2028-06-01,2028-12-01,Change in Cognitive Function,
NCT06745583,https://clinicaltrials.gov/study/NCT06745583,A Phase 2 Study to Assess the Safety of EI-1071 and the Effects of EI-1071 on Neuroinflammation in Alzheimer's Disease Patients,"An Open-label, Exploratory, Phase II, Proof-of Concept, Clinical Study to Assess the Safety and Tolerability of EI-1071 in Patients With Alzheimer's Disease (AD)",RECRUITING,INTERVENTIONAL,PHASE2,TREATMENT,"Diagnostics, imaging, and biomarkers",Moderate or later dementia,15,Elixiron Immunotherapeutics Inc.,"EI-1071 tablet, oral","Mild, Moderate, or Severe Alzheimer's Disease",Taiwan,False,1,2,False,True,2024-12-20,2026-06-09,2024-12-16,2026-12,2026-12,Change from Baseline to Week 4 [¹⁸F] FEPPA Binding in Selected Brain Regions of Interest,
NCT06745934,https://clinicaltrials.gov/study/NCT06745934,Strengthening Health and Insight in New Educators,Healthy Minds for Pre-Service Teachers,RECRUITING,INTERVENTIONAL,NA,PREVENTION,Other interventional treatment research,Moderate or later dementia,140,"University of Alabama, Tuscaloosa",Healthy Minds Program,Anxiety Symptoms; Depressive Symptoms,United States,True,1,1,False,True,2024-12-20,2025-04-02,2025-01-17,2027-06,2027-06,Patient-Reported Outcomes Measurement Information System (PROMIS) Depression - Short Form 8b; Patient-Reported Outcomes Measurement Information System (PROMIS) Anxiety - Short Form 7a,
NCT06754254,https://clinicaltrials.gov/study/NCT06754254,Blood Biomarkers from Internal Jugular Vein for the Diagnosis of Alzheimer's Disease,Performance of Blood Biomarkers in Different Circulation Sites on Detecting Alzheimer's Pathologies - the Delta Study,ACTIVE_NOT_RECRUITING,OBSERVATIONAL,NOT_APPLICABLE,,"Diagnostics, imaging, and biomarkers",Moderate or later dementia,300,Daping Hospital and the Research Institute of Surgery of the Third Military Medical University,blood biomarkers from the internal jugular vein,Alzheimer Disease,China,False,1,1,False,True,2024-12-31,2024-12-31,2019-03-21,2025-12-30,2025-12-30,Diagnostic performance,
NCT06755476,https://clinicaltrials.gov/study/NCT06755476,Psychological Counseling Program for Alzheimer's Patients' Caregivers,"The Effect of Psychological Counseling Program (PsychoCP) for Alzheimer's Patients' Caregivers on Perceived Stress, Psychological Well-Being and Caregiver Burden",NOT_YET_RECRUITING,INTERVENTIONAL,NA,SUPPORTIVE_CARE,"Care, behavior, and quality of life",Care partners or care systems,80,Aydan Akkurt Yalçıntürk,Psychological Counseling Program,Alzheimer Disease; Caregivers of Alzheimer&#39;s Disease or Memory Problem Patients; Perceived Stress; Well-Being (Psychological Flourishing); Care Burden,,False,0,0,False,False,2025-01-01,2025-01-01,2025-02-15,2025-04-15,2025-08-15,Perceived Stress Level; Psychological Well-being Level; The Burden of Caregiving,
NCT06756828,https://clinicaltrials.gov/study/NCT06756828,Effects of 3-Month Melatonin Treatment on Regional Cerebellar Structure and Blood Biomarkers in Alzheimer's Disease Spectrum,"Study on Regional Structural Changes in the Cerebellum Associated with Blood Biomarkers, Cognitive Decline, and Physical Performance in Alzheimer's Spectrum Patients Following a 3-Month Melatonin Treatment Using Digital Health Technology",NOT_YET_RECRUITING,INTERVENTIONAL,NA,TREATMENT,"Diagnostics, imaging, and biomarkers",MCI or prodromal Alzheimer’s,40,"Saint Vincent's Hospital, Korea",Melatonin; Cognitive behavioral therapy group for insomnia,Elderly; Alzheimer Disease; Melatonin; Cognitive Decline; Biomarker with Neurodegeneration Patients; Cerebellum,,False,0,0,False,False,2025-01-03,2025-01-03,2025-01-15,2026-08-30,2026-12-30,Change in Serum p-Tau 217 Levels from Baseline to Week 12; Change in Serum Glial Fibrillary Acidic Protein (GFAP) Levels from Baseline to Week 12; Change in Serum Neurofilament Light Chain (NfL) Levels from Baseline to Week 12,
NCT06757569,https://clinicaltrials.gov/study/NCT06757569,Radialis PET Imager for the Assessment of Neuritic Amyloid Plaque Burden,Radialis PET Imager for the Assessment of Neuritic Amyloid Plaque Burden,RECRUITING,INTERVENTIONAL,NA,DIAGNOSTIC,"Care, behavior, and quality of life",Mixed or not specified,160,"University Health Network, Toronto",PET,Cognitive Impairment,Canada,False,1,1,False,True,2025-01-03,2026-02-03,2024-12-06,2026-12-31,2026-12-31,feasibility of amyloid brain PET imaging using RPI,
NCT06761066,https://clinicaltrials.gov/study/NCT06761066,Efficacy and Safety of NVP-NK4146 in Patients with Mild Cognitive Impairment (MCI) Due to Alzheimer's Disease,"36-week, Single-center, Randomized, Double-blind, Parallel-design, Placebo-controlled Trial to Determine the Safety and Efficacy of NVP-NK4146 in Patients with Mild Cognitive Impairment (MCI) Due to Alzheimer's Disease",NOT_YET_RECRUITING,INTERVENTIONAL,NA,TREATMENT,Lifestyle and multidomain,MCI or prodromal Alzheimer’s,60,NVP Healthcare,NVP-NK4146; NVP-NK4146 Placebo,Alzheimer Disease,,False,0,0,False,False,2025-01-07,2025-01-13,2025-04-01,2026-03-31,2026-04-30,amyloid PET scan,
NCT06767124,https://clinicaltrials.gov/study/NCT06767124,Supplementing Neuro-Energy to Aid Cognition,Simultaneous PET/MR Imaging of Brain Glucose and Oxygen Metabolism to Assess Energy Deficits Related to Alzheimer's Disease and the Response to Intervention,NOT_YET_RECRUITING,INTERVENTIONAL,NA,TREATMENT,"Diagnostics, imaging, and biomarkers",MCI or prodromal Alzheimer’s,17,University of Pennsylvania,Ketogenic Supplement; Placebo Drink,Alzheimer Disease and Related Dementias (ADRD),Canada,False,1,1,False,True,2025-01-09,2025-10-14,2026-05-01,2028-02-29,2028-03-31,Cerebral Metabolic Rate of Oxygen (CMRO2); Cerebral Metabolic Rate of Glucose (CMRGlu),
NCT06768996,https://clinicaltrials.gov/study/NCT06768996,"Music, Social Attention, and Dementia",The Impact of a Caregiver-patient Music Intervention on Social Attention and Connectedness in Persons Living With bvFTD and AD,ACTIVE_NOT_RECRUITING,INTERVENTIONAL,NA,OTHER,"Care, behavior, and quality of life",Care partners or care systems,80,"University of California, San Francisco",Synchronous Rhythm Production; Solo Rhythm Production,Frontotemporal Dementia; Alzheimer Disease,United States,True,1,1,False,True,2025-01-10,2025-12-03,2025-01-10,2026-08-31,2026-12-01,Social Attention (TASIT); Degree of rhythmic synchronization between dyad-pairs as determined by autocorrelated inter-tap intervals; Caregiver perceived connectedness questionnaire,
NCT06770309,https://clinicaltrials.gov/study/NCT06770309,A Study of Silkworm Pupa Powder Intervention in the Nutritional Status of Patients with Alzheimer's Disease.,"A Prospective, Double-blind, Randomized Controlled Clinical Study of Silkworm Pupa Powder Intervention in the Nutritional Status of Patients with Alzheimer's Disease",NOT_YET_RECRUITING,INTERVENTIONAL,NA,TREATMENT,"Care, behavior, and quality of life",Care partners or care systems,100,Yanbu Ke,Silkworm pupa powder; Placebo,Alzheimer Disease (AD); Sarcopenia; Asthenia,China,False,1,1,False,True,2025-01-13,2025-01-13,2025-01-02,2025-12-31,2025-12-31,Hemoglobin; Albumin; Serum prealbumin,
NCT06773416,https://clinicaltrials.gov/study/NCT06773416,CPAP Randomized Controlled Trial,"Treating Sleep Apnea to Improve Cognitive Function, Alzheimer's Disease Pathology, and Astrocyte Activation in Older Adults With Cognitive Impairment: A Multi-Centre Randomized Controlled Trial",NOT_YET_RECRUITING,INTERVENTIONAL,NA,TREATMENT,"Diagnostics, imaging, and biomarkers",MCI or prodromal Alzheimer’s,206,Sunnybrook Health Sciences Centre,CPAP Therapy Combined with Web-Based Sleep Education for Cognitive and Sleep Health; Delayed CPAP Therapy Combined with Web-Based Sleep Education for Cognitive and Sleep Health,Obstructive Sleep Apnea (OSA); Mild Cognitive Impairment (MCI); Cognitive Decline Prevention in Pre-frail Older Adults,Canada,False,1,1,False,True,2025-01-14,2025-01-14,2025-02,2027-09,2028-01,Change in Symbol Digit Modalities Test (SDMT),
NCT06775964,https://clinicaltrials.gov/study/NCT06775964,Stem Cell Therapy for Early Alzheimer's Disease,Mesenchymal Stem Cell Therapy for Early Alzheimer's Disease,RECRUITING,INTERVENTIONAL,PHASE1+PHASE2,TREATMENT,"Care, behavior, and quality of life",MCI or prodromal Alzheimer’s,12,Paul E Schulz,adMSC,Cognitive Dysfunction,United States,True,1,1,False,True,2025-01-15,2026-04-20,2026-03-11,2027-01,2028-01,"Change in TSPO levels, measured by the PET scan, from baseline to midpoint and baseline to end of study; Inflammatory cytokines in CSF following adMSC therapy",
NCT06781333,https://clinicaltrials.gov/study/NCT06781333,Human Mesenchymal Stem Cells (hMSC) in Behavioral Problems Due to Alzheimer's Disease.,A Pilot Study to Assess the Effect of Adding 1 Infusion of Human Mesenchymal Stem Cells (hMSC) to the Treatment of Patients Suffering Agitation/Aggression or Other Behavioral Abnormalities From Alzheimer's Disease.,RECRUITING,INTERVENTIONAL,PHASE2,TREATMENT,"Care, behavior, and quality of life",Moderate or later dementia,8,Bernard (Barry) Baumel,hMSC,Alzheimer Disease; Agitation in Dementia,United States,True,1,1,False,True,2025-01-17,2026-05-28,2025-04-29,2027-12-15,2027-12-15,Neuropsychiatric Inventory,
NCT06781645,https://clinicaltrials.gov/study/NCT06781645,Evaluation of the Effects of Serious Cognitive Games on a Digital Tactile Table for Elderly People with Alzheimer's Disease or Related Disorders,Evaluation of the Effects of Serious Cognitive Games on a Digital Tactile Table for Elderly People with Alzheimer's Disease or Related Disorders,NOT_YET_RECRUITING,INTERVENTIONAL,NA,OTHER,"Care, behavior, and quality of life",Moderate or later dementia,46,RIVAGES,"The system involves a digital table with a tactile and interactive surface, providing several play areas. It simulates a village and offers different types of serious cognitive games: semantic memory",Alzheimer Disease or Associated Disorder,,False,0,0,False,False,2025-01-17,2025-01-17,2025-02,2025-11,2025-12,Rosenberg Self-Esteem Scale,
NCT06783283,https://clinicaltrials.gov/study/NCT06783283,TACS to Engage Theta-Gamma Coupling and Enhance Working Memory in Patients With MCI (tACS-MCI),Transcranial Alternating Current Stimulation to Engage Theta-Gamma Coupling and Enhance Working Memory in Patients With Mild Cognitive Impairment,RECRUITING,INTERVENTIONAL,NA,TREATMENT,Devices and brain stimulation,MCI or prodromal Alzheimer’s,20,Centre for Addiction and Mental Health,Transcranial Alternating Current Stimulation; Sham tACS,Mild Cognitive Impairment (MCI),Canada,False,1,1,False,True,2025-01-20,2026-04-13,2025-01-02,2026-12,2027-12,Percentage of All Screened Participants; Percentage of All Enrolled Participants,
NCT06784830,https://clinicaltrials.gov/study/NCT06784830,Nursing Interventions for Alzheimer's Patients During PET/CT Imaging,Enhancing Nursing Interventions for Alzheimer's Patients During PET/CT Imaging: Effects on Image Quality and Patient Satisfaction,RECRUITING,INTERVENTIONAL,NA,SUPPORTIVE_CARE,"Diagnostics, imaging, and biomarkers",Moderate or later dementia,200,Sichuan Provincial People's Hospital,Effects on Image Quality and Patient Satisfaction; Anxiety degree of patients after nursing,Alzheimer's Disease,China,False,1,1,False,True,2025-01-20,2025-02-14,2024-06-15,2025-01-30,2025-02-20,Comparison of refined nursing and routine nursing intervention in Alzheimer's Patients during PET/CT Imaging,
NCT06786676,https://clinicaltrials.gov/study/NCT06786676,"A Phase 1 Clinical Trial to Investigate the Safety, Tolerability, and Pharmacokinetics of AS-S603 in Healthy Participants","A Randomized, Double-blind, Placebo-controlled, Single- and Multiple-oral Administration, Phase 1 Clinical Trial to Investigate the Safety, Tolerability, and Pharmacokinetics of AS-S603 in Healthy Korean or Caucasian Adults and Korean Elderly People",RECRUITING,INTERVENTIONAL,PHASE1,TREATMENT,Tau-targeting approaches,MCI or prodromal Alzheimer’s,88,Amyloid Solution Inc,AS-S603; Placebo,Healthy,South Korea,False,1,1,False,True,2025-01-22,2026-05-11,2025-05-26,2026-12-31,2027-05-31,Number of adverse events (AEs); Maximum observed concentration (Cmax); Time of maximum observed concentration (Tmax),
NCT06788119,https://clinicaltrials.gov/study/NCT06788119,Analyzing the Benefits of Using SYMPTOMS-JIT for in Vivo Exposure in Anxiety Disorders,Analyzing the Benefits of Using SYMPTOMS-JIT for in Vivo Exposure in Anxiety Disorders: a Randomized Controlled Trial Using a Mixed Methods Approach,RECRUITING,INTERVENTIONAL,NA,TREATMENT,Other interventional treatment research,Moderate or later dementia,158,Universitat Jaume I,Cognitive behavioral therapy with in vivo exposure; Cognitive behavorial therapy with in vivo exposure plus SYMPTOMS-JIT,Anxiety Disorders; Specific Phobia; Panic Disorder; Agoraphobia; Social Anxiety Disorder,Spain,False,1,1,False,True,2025-01-22,2025-05-16,2025-04-30,2027-06-30,2027-12-31,Anxiety Disorders Interview Schedule for DSM-IV-TR (ADIS-IV); Fear and avoidance scales,
NCT06792877,https://clinicaltrials.gov/study/NCT06792877,Mindfulness for Cognition in Early-stage Alzheimer's Disease,Mechanisms of Mindfulness for Cognition in Early-Stage Alzheimer's Disease,RECRUITING,INTERVENTIONAL,NA,TREATMENT,"Care, behavior, and quality of life",MCI or prodromal Alzheimer’s,100,VA Boston Healthcare System,Mindfulness Intervention; Waitlist then mindfulness,Mild Cognitive Impairment (MCI); Mild Cognitive Impairment (MCI) Due to Alzheimer's Disease; TBI (Traumatic Brain Injury); Aging; Healthy Elderly; Alzheimer&Amp;Amp;#39;s Dementia (AD),United States,True,1,1,False,True,2025-01-27,2025-01-27,2025-01-23,2027-01-01,2027-03-31,Neuropsychological tests; Performance on computerized tasks; Resting state and event-related electrophysiology,
NCT06793735,https://clinicaltrials.gov/study/NCT06793735,Effectiveness of TeleVR App in Cognitive Decline and MCI Patients,"Effectiveness of Telerehabilitation Plus Virtual Reality App in Patients With Subjective Cognitive Decline, and Mild Cognitive Impairment",RECRUITING,INTERVENTIONAL,NA,TREATMENT,"Diagnostics, imaging, and biomarkers",Preclinical or elevated-risk,480,IRCCS Centro Neurolesi Bonino Pulejo,Telerehabilitation with Virtual Reality; Traditional Cognitive Rehabilitation,Cognitive Dysfunction; Subjective Health; Mild Cognitive Impairment; Alzheimer Disease; Parkinson Disease,Italy,False,1,1,False,True,2025-01-27,2026-04-03,2025-01-08,2026-10-31,2026-12-31,Cognitive Performance Improvement; Social Cognition Enhancement,
NCT06793995,https://clinicaltrials.gov/study/NCT06793995,Effect of Food and Age on the Pharmacokinetics of LY03017,A Phase 1 Study to Evaluate the Effect of Food and Age on the Pharmacokinetics of LPM526000133 Fumarate Capsules (LY03017) in Healthy Volunteers,NOT_YET_RECRUITING,INTERVENTIONAL,PHASE1,TREATMENT,Other interventional treatment research,Mixed or not specified,26,Luye Pharma Group Ltd.,LY03017; LY03017,Alzheimer's Disease Psychosis; Parkinson Disease Psychosis; Negative Symptoms of Schizophrenia,China,False,1,1,False,True,2025-01-27,2025-01-27,2025-02,2025-10-31,2025-10-31,Maximum observed concentration (Cmax) of LPM526000133 in plasma; The area under the concentration-time curve from time zero extrapolated to infinity (AUC0-∞) of LPM526000133 in plasma; Area under the concentration-time curve from time zero to the time of last quantifiable concentration (AUC[0-last]) of LPM526000133 in plasma,
NCT06797817,https://clinicaltrials.gov/study/NCT06797817,Tributyrin Treatment in Mild Alzheimer Disease: Assessment of Butyrate Effects Via the Gut-Brain,Tributyrin Treatment in Mild Alzheimer Disease: Assessment of Butyrate Effects Via the Gut-Brain,NOT_YET_RECRUITING,INTERVENTIONAL,PHASE3,TREATMENT,Lifestyle and multidomain,Moderate or later dementia,156,Universidad de Almeria,tributyrin; Placebo,Alzheimer Disease (AD),Spain,False,1,1,False,True,2025-01-28,2025-12-18,2026-06-01,2026-09-01,2029-09-02,Montreal Cognitive Assessment (MoCA),
NCT06801639,https://clinicaltrials.gov/study/NCT06801639,Advancing Alzheimer's Care: Home-based tDCS for Affective Symptoms,Advancing Alzheimer's Care: Home-based tDCS (Transcranial Direct Current Stimulator) for Affective Symptoms,RECRUITING,INTERVENTIONAL,NA,TREATMENT,"Care, behavior, and quality of life",Care partners or care systems,24,The University of Texas Health Science Center at San Antonio,Transcranial direct current stimulation (tDCS); Sham tDCS,Alzheimer Disease,United States,True,1,1,False,True,2025-01-30,2026-02-11,2025-07-15,2028-02,2028-12,Neuropsychiatric Inventory Questionnaire (NPI-Q) severity score; Brief Dimensional Apathy Scale (bDAS); Caregiver version of the Irritability Questionnaire (IrQ) How often,
NCT06803784,https://clinicaltrials.gov/study/NCT06803784,"Discovery and Validation of Protein Structural Complexes in Circulating Biofluids As Novel Biomarkers for Early Diagnosis, Prognosis and Therapeutic Management of Patients Affected by Neurodegenerative Disorders","Discovery and Validation of Protein Structural Complexes in Circulating Biofluids As Novel Biomarkers for Early Diagnosis, Prognosis and Therapeutic Management of Patients Affected by Neurodegenerative Disorders",RECRUITING,OBSERVATIONAL,NOT_APPLICABLE,,"Diagnostics, imaging, and biomarkers",MCI or prodromal Alzheimer’s,110,Neuromed IRCCS,Genetic: whole genome sequencing; whole exome sequencing; whole exome sequencing,Parkinson Disease; Amyotrophic Lateral Sclerosis (ALS); Frontotemporal Dementia (FTD); Alzheimer&amp;#39;s Disease (AD),Italy,False,1,1,False,True,2025-01-31,2025-03-18,2025-02-04,2026-08-31,2026-12,"motor symptoms of PD patients will be evaluated with Hoehn and Yahr (HY) score; motor and non motor symptoms of PD patients will be evaluated with MDS-UPDRS; clinical evaluation of cognitive impairment of PD, AD, ALS/FTD patients",
NCT06803823,https://clinicaltrials.gov/study/NCT06803823,A Study of ONO-2020 in Patients With Agitation Associated With Alzheimer's Disease Dementia,"A Phase 2a, Multicenter, Placebo-controlled, Randomized, Double-blind, Parallel-group Study to Evaluate the Efficacy and Safety of ONO-2020 in Patients With Agitation Associated With Alzheimer's Disease Dementia",RECRUITING,INTERVENTIONAL,PHASE2,TREATMENT,"Care, behavior, and quality of life",Preclinical or elevated-risk,90,"Ono Pharmaceutical Co., Ltd.",ONO-2020; Placebo,Agitation Associated With Alzheimer's Disease Dementia,Japan,False,1,38,False,True,2025-01-31,2026-05-12,2025-05-01,2026-12-31,2027-03-31,Change in CMAI score from baseline; Adverse events; Body weight,
NCT06808984,https://clinicaltrials.gov/study/NCT06808984,"Study to Evaluate the Efficacy, Safety, and Tolerability of BMS-986368, for the Treatment of Agitation in Participants With Alzheimer's Disease","A Phase 2, Randomized, Double-blind, Three-Arm, Placebo-controlled, Multicenter Study Assessing the Efficacy, Safety and Tolerability of Orally Administered BMS-986368, a FAAH/MAGL Inhibitor, for the Treatment of Agitation in Participants With Alzheimer's Disease (BALANCE-AAD-1)",RECRUITING,INTERVENTIONAL,PHASE2,TREATMENT,"Care, behavior, and quality of life",Care partners or care systems,120,Celgene,BMS-986368; Placebo,Agitation; Alzheimer Disease,United States,True,1,53,False,True,2025-02-05,2026-06-02,2025-06-09,2027-11-26,2028-01-07,Change in Cohen-Mansfield Agitation Inventory (CMAI) total score from baseline,
NCT06809725,https://clinicaltrials.gov/study/NCT06809725,Software Validation Study-Cognitive Status Indicator,"Validation of the SPARK Scan Cognitive Status Indicator Software Concordance With Clinical Diagnosis in Humans With Unimpaired, Mild Cognitive Impairment and Dementia Status, With and Without Alzheimer's Disease",ENROLLING_BY_INVITATION,INTERVENTIONAL,NA,DIAGNOSTIC,"Diagnostics, imaging, and biomarkers",MCI or prodromal Alzheimer’s,600,Spark Neuro Inc.,SPARK Cognitive Status Indicator (software support data collected via EEG),Alzheimer Disease; Mild Cognitive Impairment; Dementia,United States,True,1,1,False,True,2025-02-05,2025-07-18,2025-03-31,2026-04-01,2026-06-01,Accuracy of SPARK Cognitive Status Indicator compared to Adjudicated cognitive status; Sensitivity of SPARK Cognitive Status Indicator when identifying Alzheimer's disease in impaired subjects; Specificity of SPARK Cognitive Status Indicator when identifying Alzheimer's disease in impaired subjects,
NCT06810960,https://clinicaltrials.gov/study/NCT06810960,A Postmarketing Study of LEQEMBI in South Korean Participants With Alzheimer's Disease,A 6-Year Postmarketing Safety and Clinical Outcome Study of LEQEMBI® in the Treatment of Alzheimer's Disease Using Real-World Data From South Korean Patients Enrolled Into the South Korean JOint RegistrY for ALZheimer's Treatment and Diagnostics (JOY-ALZ) Registry,RECRUITING,OBSERVATIONAL,NOT_APPLICABLE,,"Diagnostics, imaging, and biomarkers",Mixed or not specified,3000,Eisai Korea Inc.,No Intervention,Alzheimer's Disease,United States,True,1,1,False,True,2025-02-06,2026-04-21,2025-02-24,2029-09-30,2029-09-30,Incidence of Adverse Events of Special Interest (AESIs); Exposure-adjusted Incidence Rate of AESIs,
NCT06817902,https://clinicaltrials.gov/study/NCT06817902,TMS Pilot in Early AD II,A Preliminary Sham-Controlled Theta Burst Stimulation (TBS) Study in Early-Stage Alzheimer's Disease (AD),ENROLLING_BY_INVITATION,INTERVENTIONAL,NA,TREATMENT,"Care, behavior, and quality of life",MCI or prodromal Alzheimer’s,6,HealthPartners Institute,Intermittent theta burst stimulation active coil; Sham coil,Alzheimer Disease,United States,True,1,1,False,True,2025-02-10,2026-01-07,2024-12-23,2026-12,2026-12,Effect of TBS on cognition between and within subjects using Repeatable Battery for the Assessment of Neuropsychological Status Update (RBANS),
NCT06824142,https://clinicaltrials.gov/study/NCT06824142,Feasibility and Interest of the 3D Ephemeris for Temporal Orientation in Alzheimer's: Pilot Study,"Evaluation of the Feasibility, Practicality, and Interest of the 3D Ephemeris, a Tool for the Rehabilitation of Temporal Orientation Disorder in People With Alzheimer's Disease or Related Dementia: Monocentric Observational Pilot Study",RECRUITING,OBSERVATIONAL,NOT_APPLICABLE,,"Care, behavior, and quality of life",Care partners or care systems,20,Assistance Publique - Hôpitaux de Paris,Evaluate in real-life conditions the effectiveness of an adapted external aid as a tool to support temporal orientation rehabilitation for individuals with Alzheimer's disease or related dementias in,Alzheimer Disease,France,False,1,1,False,True,2025-02-13,2026-01-15,2025-04-25,2026-03-30,2026-03-30,Evaluation of Temporal Orientation Rehabilitation with the Ephéméride 3D Tool,
NCT06825663,https://clinicaltrials.gov/study/NCT06825663,Marker of Brain Insulin Resistance in AD Prognosis,Brain Insulin Resistance Index in Plasma Neuronal Exosomes As Predictive Biomarkers of Alzheimer's Disease,NOT_YET_RECRUITING,INTERVENTIONAL,NA,DIAGNOSTIC,"Diagnostics, imaging, and biomarkers",MCI or prodromal Alzheimer’s,122,"Central Hospital, Nancy, France",Blood punction,Prognosis Biomarker of AD; Mild Cognitive Impairment; Brain Insuline Resistance,,False,0,0,False,False,2025-02-13,2025-02-13,2025-03-15,2027-09-01,2028-09-01,prognostic performance of insulin resistance indexes,
NCT06826157,https://clinicaltrials.gov/study/NCT06826157,The Role of Advanced Electroencephalographic Data as Marker of Pathology and Prognosis in Primary Dementias,Assessing the Role of Advanced Electroencephalographic Data as Marker of Pathology and Prognosis in Primary Dementias,ENROLLING_BY_INVITATION,INTERVENTIONAL,NA,DIAGNOSTIC,"Diagnostics, imaging, and biomarkers",MCI or prodromal Alzheimer’s,175,IRCCS San Raffaele,Electroencephalogram; 3 Tesla MRI; Apolipoprotein E genetic test,Alzheimer Disease; Lewy Body Dementia (LBD); Mild Alzheimer Disease; Frontotemporal Dementia (FTD); Mild Cognitive Impairment (MCI); Healthy Subjects,Italy,False,1,1,False,True,2025-02-13,2025-02-17,2021-11-05,2026-04-15,2027-01-01,Cortical source densities in resting-state EEG for mild cognitive impairment: Markers of differential diagnosis and dementia conversion prediction,
NCT06826261,https://clinicaltrials.gov/study/NCT06826261,Digital Twins for Model-driven Non-invasive Electrical Brain Stimulation,Home-based Transcranial Electrical Stimulation (tES) in Alzheimer's Disease,ACTIVE_NOT_RECRUITING,INTERVENTIONAL,NA,TREATMENT,"Care, behavior, and quality of life",Care partners or care systems,30,I.R.C.C.S. Fondazione Santa Lucia,transcranial alternating current stimulation; sham transcranial alternating current stimulation,Alzheimer Disease,Italy,False,1,1,False,True,2025-02-13,2025-02-13,2023-05-04,2025-06-30,2025-06-30,Number of Participants with Treatment-Related Adverse Events and missed stimulation session; Measurement of change from baseline in the Alzheimer's Disease Assessment Scale Cognitive Subscale (ADAS-Cog) 14 immediately after the intervention and at a two-month follow-up,
NCT06827678,https://clinicaltrials.gov/study/NCT06827678,Establishment of the Chinese Preclinical Alzheimer's Disease Study With Multiple Neuroimaging,Establishment of the Chinese Preclinical Alzheimer's Disease Study With Multiple Neuroimaging,RECRUITING,OBSERVATIONAL,NOT_APPLICABLE,,"Diagnostics, imaging, and biomarkers",Care partners or care systems,3000,Huashan Hospital,No Intervention: Observational Cohort,Alzheimer Disease; Positron Emission Tomography,China,False,1,1,False,True,2025-02-14,2025-06-05,2022-08-01,2027-07-30,2027-07-30,Evaluation of Synaptic Density in Alzheimer's Disease Using Synaptic Vesicle Glycoprotein 2A (SV2A) PET Tracer [¹⁸F]SDM-8; Evaluation of Neuronal Function in Alzheimer's Disease Using Metabotropic Glutamate Receptor 5 (mGluR5) PET Tracer [¹⁸F]PS232,
NCT06828289,https://clinicaltrials.gov/study/NCT06828289,Rivastigmine Mini-Tablet for Alzheimer's Disease,Observational Study of Rivastigmine Mini-Tablet in Patients with Alzheimer's Disease,NOT_YET_RECRUITING,OBSERVATIONAL,NOT_APPLICABLE,,Other interventional treatment research,Care partners or care systems,1000,Peking University First Hospital,Rivastigmine Mini-Tablet; Donepezil Hydrochloride,Alzheimer&#39;s Disease,,False,0,0,False,False,2025-02-14,2025-02-20,2025-02-28,2026-12-31,2026-12-31,Changes from baseline in Clinical Dementia Rating Sum of Boxes (CDR-SB),
NCT06833645,https://clinicaltrials.gov/study/NCT06833645,[18F]AV45(Aβ) and [18F]AV1451(Tau)PET/CT in the Diagnosis of Early Pathological Changes of Alzheimer's Disease,To Investigate the Mechanism of Novel Molecular Probe [18F]AV45(Aβ) and [18F]AV1451(Tau)PET/CT in the Diagnosis of Early Pathological Changes of Alzheimer's Disease。,RECRUITING,OBSERVATIONAL,NOT_APPLICABLE,,"Diagnostics, imaging, and biomarkers",MCI or prodromal Alzheimer’s,280,Sichuan Provincial People's Hospital,molecular probe [18F]AV45(Aβ) and [18F]AV1451(Tau),Alzheimer's Disease,China,False,1,1,False,True,2025-02-19,2025-02-19,2024-05-10,2025-02-19,2025-02-25,To establish diagnostic criteria of Aβ and TauPET/CT imaging,
NCT06835283,https://clinicaltrials.gov/study/NCT06835283,Novel Brain Stimulation Treatment for Neuropsychiatric Symptoms in Alzheimer's Disease,Sequential Accelerated ITBS / Remote tDCS for Treatment of Neuropsychiatric Symptoms in Alzheimer's Disease: A Pilot Study,RECRUITING,INTERVENTIONAL,NA,TREATMENT,"Care, behavior, and quality of life",Care partners or care systems,20,Baylor College of Medicine,Brain Stimulation,Alzheimer&Amp;#39;s Disease-related Dementia; Alzheimer Disease; rTMS Stimulation,United States,True,1,1,False,True,2025-02-19,2026-05-07,2026-08-01,2027-07,2027-08,Feasibility of iTBS-tDCS treatment in ADRD patients; Tolerability of iTBS-tDCS treatment in ADRD patients,
NCT06836180,https://clinicaltrials.gov/study/NCT06836180,An Exploratory Study of Near-infrared Light Therapy for Mild to Moderate Alzheimer's Disease,An Exploratory Study of Near-infrared Light Therapy for Mild to Moderate Alzheimer's Disease,NOT_YET_RECRUITING,INTERVENTIONAL,EARLY_PHASE1,TREATMENT,"Care, behavior, and quality of life",Moderate or later dementia,40,"Xuanwu Hospital, Beijing",Near infrared light therapy,Alzheimer Disease,China,False,1,1,False,True,2025-02-20,2025-09-15,2025-10-30,2030-01-01,2030-12-31,Alzheimer's disease assessment scale-cognitive section(ADAS-Cog),
NCT06837272,https://clinicaltrials.gov/study/NCT06837272,A Longitudinal Study to Explore the Impact of Gut Microbiome on Brain Health in Alzheimer's Disease,A Longitudinal Study to Explore the Impact of Gut Microbiome on Brain Health in Alzheimer's Disease: China Healthy Brain and Gut Microbiome Study (CHBGMS),RECRUITING,OBSERVATIONAL,NOT_APPLICABLE,,"Diagnostics, imaging, and biomarkers",Preclinical or elevated-risk,285,Jining Medical University,Multi-omics features extraction,Alzheimer Disease; Gut Microbiota; Metabonomics; Magnetic Resonance Imaging,China,False,1,1,False,True,2025-02-20,2025-02-20,2024-01-01,2026-12-31,2029-12-31,The changes of gut microbiome in the spectrum of AD; The changes of SCFAs in the spectrum of AD; Multi-omics biomarkers associated with conversion to cognitive impairment for SCD subjects,
NCT06840054,https://clinicaltrials.gov/study/NCT06840054,The Safety and Efficacy of Sodium Pentaborate Pentahydrate in Patients With Mild to Moderate Alzheimer's Disease,"The Safety and Efficacy of Sodium Pentaborate Pentahydrate in Patients With Mild to Moderate Alzheimer's Disease: A Randomised, Double-Blind, Placebo-Controlled Phase 2 Trial",NOT_YET_RECRUITING,INTERVENTIONAL,PHASE2,TREATMENT,"Diagnostics, imaging, and biomarkers",Moderate or later dementia,30,Tabriz University of Medical Sciences,Sodium Pentaborate Pentahydrate; Placebo,Alzheimer Disease,,False,0,0,False,False,2025-02-21,2025-02-21,2025-05-01,2026-01-30,2026-01-30,Alzheimer's Disease Assessment Scale - Cognitive Subscale (ADAS-Cog13),
NCT06840587,https://clinicaltrials.gov/study/NCT06840587,Connect-Home: Alzheimer's Disease and Related Dementias,Transitional Care for Skilled Nursing Facility Patients With Alzheimer's Disease and Related Dementias and Their Caregivers: a Cluster Randomized Trial,RECRUITING,INTERVENTIONAL,NA,SUPPORTIVE_CARE,"Care, behavior, and quality of life",Care partners or care systems,360,"University of North Carolina, Chapel Hill",Connect-Home ADRD,Alzheimer Disease; Dementia,United States,True,1,1,False,True,2025-02-21,2026-03-30,2025-04-04,2027-06-30,2027-06-30,Caregiver Strain; Patient Neuropsychiatric Symptoms,
NCT06841848,https://clinicaltrials.gov/study/NCT06841848,Fundus Camera Module for Early Detection of Alzheimer's Disease,Fundus Camera Module for Early Detection of Alzheimer's Disease,RECRUITING,OBSERVATIONAL,NOT_APPLICABLE,,"Diagnostics, imaging, and biomarkers",Early Alzheimer’s disease,80,I.R.C.C.S. Fondazione Santa Lucia,Fundoscopic Exam,Alzheimer Disease,Italy,False,1,1,False,True,2025-02-24,2025-02-24,2023-05-01,2025-12,2026-03,Validation of Multispectral Fundus Imaging for Alzheimer's Disease Detection,
NCT06843109,https://clinicaltrials.gov/study/NCT06843109,Biomarkers in a Candian Memory Clinic,Biomarkers as Part of Diagnostic Workup for Alzheimer's Disease: A Feasibility Study in a Canadian Memory Clinic,ENROLLING_BY_INVITATION,OBSERVATIONAL,NOT_APPLICABLE,,"Diagnostics, imaging, and biomarkers",MCI or prodromal Alzheimer’s,100,London Health Sciences Centre Research Institute OR Lawson Research Institute of St. Joseph's,,Alzheimer&#39;s Disease (AD),Canada,False,1,1,False,True,2025-02-24,2025-02-24,2024-06-11,2025-09,2025-09,Determine the feasibility of integrating a CSF biomarker into diagnostic decision making for AD.,
NCT06850597,https://clinicaltrials.gov/study/NCT06850597,Efficacy and Safety of Dimethyl Fumarate Among Patients with Mild Cognitive Impairment and Dementia Due to Alzheimer's Disease,"Randomized, Double-blind, Placebo- Controlled Trial Evaluating Efficacy and Safety of Dimethyl Fumarate in Brain Atrophy Reduction, Synaptic Functional Connectivity, Cognitive Functions, Quality of Life, and Activity of Daily Living Improvement Among Patients with Mild Cognitive Impairment and Dementia Due to Alzheimer's Disease",RECRUITING,INTERVENTIONAL,PHASE2,TREATMENT,"Care, behavior, and quality of life",MCI or prodromal Alzheimer’s,30,Medical University of Lodz,dimethyl fumarate,"MCI; MCI-AD, Early Stage Alzheimer's Disease; Alzheimer's Disease",Poland,False,1,1,False,True,2025-02-27,2025-02-27,2024-10-28,2027-12-31,2027-12-31,Change in the degree of cognitive improvement based on the RBANS score among patients diagnosed with MCI and AD after completing dimethyl fumarate therapy test group compared to the placebo group.,
NCT06852326,https://clinicaltrials.gov/study/NCT06852326,Designing a Tailored Primary Care Intervention to Manage the Burden of Caring for Patients Living with Alzheimer's Disease (or a Related Dementia),Designing a Tailored Primary Care Intervention to Manage the Burden of Caring for Patients Living with Alzheimer's Disease (or a Related Dementia),RECRUITING,OBSERVATIONAL,NOT_APPLICABLE,,"Care, behavior, and quality of life",Care partners or care systems,30,"University Hospital, Tours",,Primary Care; Alzheimer Disease,France,False,1,3,False,True,2025-02-28,2025-02-28,2024-11-21,2026-05,2026-05,description of the tailored primary care intervention to manage the burden of caring for patients living with Alzheimer's disease (or related dementia),
NCT06852352,https://clinicaltrials.gov/study/NCT06852352,An Exploratory Study to Confirm Efficacy of Modified Deep Cervical Lymphovenous Anastomosis (LVA) in Alzheimer's Disease/ Parkinson's Disease,"A Prospective, Single-center, Single-arm, Exploratory, 24-Month Study to Confirm Efficacy of Modified Deep Cervical Lymphovenous Anastomosis (LVA) in Subjects With Alzheimer's Disease/ Parkinson's Disease",RECRUITING,INTERVENTIONAL,NA,TREATMENT,"Care, behavior, and quality of life",MCI or prodromal Alzheimer’s,160,Zhejiang Provincial People's Hospital,Modified deep cervical Lymphatic-Venous Anastomosis,Alzheimer Disease; Parkinson Disease,China,False,1,1,False,True,2025-02-28,2025-03-11,2025-02-28,2027-06-30,2028-01-31,Alzheimer's disease: Change in Clinical Dementia Rating Scale sum of the boxes (CDR-SB); Alzheimer's disease: Change in Mini-mental State Examination (MMSE); Alzheimer's disease: Change in Montreal Cognitive Assessment (MoCA),
NCT06855368,https://clinicaltrials.gov/study/NCT06855368,Biomarkers for Monitoring Dementia Progression,Brain Connectivity and Complexity Parameters to Monitor Disease Progression in Dementia Patients and Antiinflammatory Nanotherapeutics in a Preclinical Model of Alzheimer's Disease,RECRUITING,OBSERVATIONAL,NOT_APPLICABLE,,"Diagnostics, imaging, and biomarkers",Preclinical or elevated-risk,300,IRCCS San Raffaele Roma,,Alzheimer Disease,Italy,False,1,2,False,True,2025-03-03,2025-03-03,2023-05-18,2025-05-17,2025-12-31,Identification of Disease-Associated Phenotypes in MCI and AD; Identification of Disease-Associated Early Interventions in MCI and AD; Predictive Power of EEG-Based Brain Network Analyses for MCI to AD Conversion,
NCT06860035,https://clinicaltrials.gov/study/NCT06860035,Dementia Caregivers' Link to Assistance and Resources,Dementia Caregivers' Link to Assistance and Resources: Supporting Caregivers of Home Health Patients With Dementia,RECRUITING,INTERVENTIONAL,NA,HEALTH_SERVICES_RESEARCH,"Care, behavior, and quality of life",Care partners or care systems,200,Visiting Nurse Service of New York,Dementia Caregivers' Link to Assistance and Resources (DECLARE),Alzheimer Disease or Associated Disorder; Dementia,United States,True,1,1,False,True,2025-03-05,2026-03-13,2025-05-05,2026-04-30,2026-06-30,Completion rate for DECLARE caregiver assessments; Caregiver Self-Efficacy,
NCT06860828,https://clinicaltrials.gov/study/NCT06860828,The DIAGNOSE CTE Research Project-II,"Risk and Resilience, Clinical Presentation, and Biomarker Profiles of Chronic Traumatic Encephalopathy and Related Dementias: The DIAGNOSE CTE Research Project-II",ENROLLING_BY_INVITATION,OBSERVATIONAL,NOT_APPLICABLE,,"Diagnostics, imaging, and biomarkers",Preclinical or elevated-risk,350,Boston University,,"Chronic Traumatic Encephalopathy (CTE); Alzheimer Disease; Alzheimer Disease and Related Dementias (ADRD); Brain Injuries, Traumatic",United States,True,1,5,False,True,2025-03-06,2026-06-02,2025-04-09,2029-07,2029-07,Delayed recall memory,
NCT06862557,https://clinicaltrials.gov/study/NCT06862557,Pulsed Electromagnetic Field Treatment With Dementia Patients,Effects of PEMF Treatment on Patients With Mild to Moderate Dementia in a Controlled Pilot Study,RECRUITING,INTERVENTIONAL,NA,TREATMENT,Devices and brain stimulation,Moderate or later dementia,48,Herrick Medical LLC,ECHS AD Device,Alzheimer's Disease; Lewy Body Dementia; Vascular Dementia,United States,True,1,1,False,True,2025-03-06,2025-05-18,2025-04-01,2026-04-30,2026-09-30,The Alzheimer's Disease Assessment Scale-Cognitive Subscale (ADAS-Cog),
NCT06868030,https://clinicaltrials.gov/study/NCT06868030,"Efficacy and Safety of Conventional Symptomatic Drugs Combined with Lencanizumab in the Treatment of Early Alzheimer's Disease: a Multicenter, Prospective, Observational Study","Efficacy and Safety of Conventional Symptomatic Drugs Combined with Lencanizumab in the Treatment of Early Alzheimer's Disease: a Multicenter, Prospective, Observational Study",NOT_YET_RECRUITING,OBSERVATIONAL,NOT_APPLICABLE,,"Care, behavior, and quality of life",Care partners or care systems,120,First Hospital of China Medical University,,"Alzheimer's Disease; MCI-AD, Early Stage Alzheimer&#39;s Disease",,False,0,0,False,False,2025-03-10,2025-03-10,2025-04-01,2026-12-31,2026-12-31,Efficacy and safety of conventional symptomatic drugs combined with lencanizumab in the treatment of early Alzheimer's disease,
NCT06869135,https://clinicaltrials.gov/study/NCT06869135,Saliva and Extracellular Vesicles for Neurodegenerative Diseases,Novel Method for Diagnosis of Neurodegenerative Diseases Based on Saliva Biochemical Profiling,RECRUITING,OBSERVATIONAL,NOT_APPLICABLE,,"Care, behavior, and quality of life",MCI or prodromal Alzheimer’s,242,Fondazione Don Carlo Gnocchi ETS,"Saliva collection, longitudinal",Neurodegenerative Diseases; Parkinson Disease; Alzheimer Disease; Parkinsonism; Mild Cognitive Impairment (MCI); Prodromal Parkinson's Disease,Italy,False,1,5,False,True,2025-03-11,2025-08-07,2025-01-24,2027-03,2027-12-15,"Salivary Raman fingerprint of AD, PD, AtPD, prodromal PD and MCI",
NCT06871839,https://clinicaltrials.gov/study/NCT06871839,The Clinical Study of Synaptic Plasticity-based Lencanumab for the Treatment of Early Alzheimer's Disease,The Clinical Study of Synaptic Plasticity-based Lencanumab for the Treatment of Early Alzheimer's Disease,RECRUITING,OBSERVATIONAL,NOT_APPLICABLE,,"Care, behavior, and quality of life",Care partners or care systems,120,Cuibai Wei，Clinical Professor,Lecanemab treatment group; Conventional anti-dementia treatment group,Alzheimer&#39;s Disease; Lecanemab; Functional Magnetic Resonance Imaging,China,False,1,1,False,True,2025-03-12,2025-07-22,2025-03-10,2026-12-31,2026-12-31,Resting-state fMRI brain network metrics (Independent Component Analysis),
NCT06872658,https://clinicaltrials.gov/study/NCT06872658,Study to Detect Dendritic Cell Recruitment in Human Retina,Exploratory Open-Label Study for the Development of a Method to Detect Dendritic Cell Recruitment in the Human Retina at Sites of Inflammatory Disease and Complement System Activation,NOT_YET_RECRUITING,OBSERVATIONAL,NOT_APPLICABLE,,"Diagnostics, imaging, and biomarkers",Care partners or care systems,15,"MindImmune Therapeutics, Inc.",,Dry Age Related Macular Degeneration; Mild Cognitive Impairment (MCI); Alzheimer Disease,,False,0,0,False,False,2025-03-12,2025-03-12,2025-05-01,2025-11-01,2026-01-01,Determining Method to detect ICG immune cells both AMD and AD Patients; Establish duration and dosage of ICG infusion; Establish time intervals between ICG dosing and retinal imaging,
NCT06874231,https://clinicaltrials.gov/study/NCT06874231,Brain Connectivity Marker for Alzheimer's Disease,Clinical Application of a Brain Connectivity Marker for Early Detection of Alzheimer's Disease,RECRUITING,OBSERVATIONAL,NOT_APPLICABLE,,"Diagnostics, imaging, and biomarkers",Subjective cognitive concerns,120,Karolinska Institutet,Neuroimaging,Alzheimer Disease,Sweden,False,1,1,False,True,2025-03-13,2025-03-17,2023-04-01,2027-07-31,2027-07-31,Brain connectivity can predict the development of Alzheimer's disease,
NCT06874621,https://clinicaltrials.gov/study/NCT06874621,"VY7523-102: Randomized, Placebo-Controlled, Double-Blind, Multiple Ascending Dose Study in Participants With Early Alzheimer's Disease","VY7523-102: A Randomized, Placebo-Controlled, Double-Blind Study to Evaluate the Safety, Tolerability, Pharmacokinetics, and Preliminary Efficacy of Multiple Ascending Intravenous Doses of VY7523 in Participants With Early Alzheimer's Disease",ACTIVE_NOT_RECRUITING,INTERVENTIONAL,PHASE1+PHASE2,TREATMENT,Other interventional treatment research,Care partners or care systems,52,Voyager Therapeutics,VY7523; Placebo Comparator,Alzheimer&#39;s Disease (AD),Canada; United States,True,2,23,True,True,2025-03-13,2025-11-19,2025-03-03,2027-05,2027-05,Characterization of the safety and tolerability of VY7523 in participants with early AD,
NCT06875739,https://clinicaltrials.gov/study/NCT06875739,An Innovative Method in SAliva Samples for the Early Differential Diagnosis of High-impact NeuroDegenerative Diseases Through Raman Spectroscopy,An Innovative Method in SAliva Samples for the Early Differential Diagnosis of High-impact NeuroDegenerative Diseases Through Raman Spectroscopy,ENROLLING_BY_INVITATION,OBSERVATIONAL,NOT_APPLICABLE,,"Diagnostics, imaging, and biomarkers",MCI or prodromal Alzheimer’s,310,Fondazione Don Carlo Gnocchi ETS,,Neurodegenerative Disorders; Parkinson Disease; Alzheimer Disease; Parkinsonian Disorders; Fronto-temporal Dementia; Amyotrophic Lateral Sclerosis,Italy,False,1,4,False,True,2025-03-13,2025-03-13,2025-02-14,2026-10-01,2026-10-01,Cumulative Illness Rating Scale (CIRS); Neurological Clinical informations; Genetic test,
NCT06875986,https://clinicaltrials.gov/study/NCT06875986,"REXULTI Drug General Use-results Survey (Excessive Motor Activity or Physically/Verbally Aggressive Behavior Due to Rapid Changes in Mood, Irritability, and/or Outbursts Associated With Dementia Due to Alzheimer's Disease)","REXULTI Drug General Use-results Survey (Excessive Motor Activity or Physically/Verbally Aggressive Behavior Due to Rapid Changes in Mood, Irritability, and/or Outbursts Associated With Dementia Due to Alzheimer's Disease)",RECRUITING,OBSERVATIONAL,NOT_APPLICABLE,,Other interventional treatment research,Mixed or not specified,200,"Otsuka Pharmaceutical Co., Ltd.",Brexpiprazole (Rexulti),Alzheimer Disease,Japan,False,1,1,False,True,2025-03-14,2025-07-02,2025-04-17,2027-09-30,2028-09-23,Safety Information (Adverse Event); Safety Information (Special Situations); Safety Information (Number of off-Label Use),
NCT06876857,https://clinicaltrials.gov/study/NCT06876857,University of Central Florida CereBank,University of Central Florida CereBank,RECRUITING,OBSERVATIONAL,NOT_APPLICABLE,,Other Alzheimer clinical studies,Mixed or not specified,50000,University of Central Florida,,Biospecimen Donation; Brain Injury; Brain Diseases,United States,True,1,1,False,True,2025-03-14,2025-03-14,2025-02-25,2075-02-25,2075-02-25,Receipt of donated brain tissue and biospecimens for research and educational purposes,
NCT06877182,https://clinicaltrials.gov/study/NCT06877182,Novel Neuroradiological Workflow for the Assisted DIAgnosis and Management of DEMentia with Artificial Intelligence,Novel Neuroradiological Workflow for the Assisted DIAgnosis and Management of DEMentia with Artificial Intelligence,ACTIVE_NOT_RECRUITING,OBSERVATIONAL,NOT_APPLICABLE,,"Diagnostics, imaging, and biomarkers",Preclinical or elevated-risk,80000,IRCCS SYNLAB SDN,Magnetic Resonance Imaging with Contrast,Alzheimer Disease; Dementia,Italy,False,1,1,False,True,2025-03-14,2025-03-19,2024-08-30,2025-12-30,2027-08-31,Improvement of the neuroradiological workflow performance,
NCT06877312,https://clinicaltrials.gov/study/NCT06877312,Longitudinal Study to Investigate Different Transcranial Electrical Stimulation,Longitudinal Study to Investigate Different Treatment Protocols of Transcranial Electrical Stimulation for Individuals With Dementia,RECRUITING,INTERVENTIONAL,NA,TREATMENT,Lifestyle and multidomain,Moderate or later dementia,200,University of Manitoba,Transcranial Direct Current Stimulation (tDCS); 30 Hz Transcranial Alternating Current Stimulation (tACS); 50 Hz Transcranial Alternating Current Stimulation (tACS); 70 Hz Transcranial Alternating Current Stimulation (tACS); 90 Hz Transcranial Alternating Current Stimulation (tACS); Transcranial Random Noise Stimulation (tRNS),"Dementia; Degenerative, Dementia Mixed",Canada,False,1,1,False,True,2025-03-14,2025-12-04,2024-10-09,2030-12-31,2033-12-31,Alzheimer's Disease Assessment Scale (ADAS-Cog); Wechsler Memory Scale (WMS-IV),
NCT06880510,https://clinicaltrials.gov/study/NCT06880510,"The Locus Coeruleus, Norepinephrine and Cognitive Aging","The Locus Coeruleus, Norepinephrine and Cognitive Aging",ACTIVE_NOT_RECRUITING,INTERVENTIONAL,NA,BASIC_SCIENCE,"Diagnostics, imaging, and biomarkers",Moderate or later dementia,150,Cornell University,t-VNS transcutaneous auricular vagus nerve stimulator,Alzheimer Disease,United States,True,1,1,False,True,2025-03-17,2026-05-06,2025-06-01,2026-07-01,2026-07-01,Tonic pupil size in mm; Heart rate variability; Discriminability index on tests including the attentional boost effect task,
NCT06881277,https://clinicaltrials.gov/study/NCT06881277,Effectiveness of a Smartphone App (PRIMI) to Promote Healthy Diet and Physical Activity After Pregnancy in Migrant Women,Effectiveness of a Smartphone App (PRIMI) to Promote Healthy Diet and Physical Activity After Pregnancy in Migrant Women,NOT_YET_RECRUITING,INTERVENTIONAL,NA,PREVENTION,Lifestyle and multidomain,Moderate or later dementia,200,Linkoeping University,Mobile phone based intervention,Postpartum,,False,0,0,False,False,2025-03-18,2025-09-16,2025-09-15,2026-12-31,2026-12-31,Diet quality; Moderate-to-vigorous physical activity,
NCT06881836,https://clinicaltrials.gov/study/NCT06881836,A Study of ONO-2020 in Participants With Mild to Moderate Alzheimer's Disease,"A Phase II, 26-week, Double-blind, Placebo-controlled Study to Assess the Safety, Tolerability, Pharmacokinetics, and Efficacy of ONO-2020 in Patients With Mild to Moderate Alzheimer's Disease",ACTIVE_NOT_RECRUITING,INTERVENTIONAL,PHASE2,TREATMENT,"Diagnostics, imaging, and biomarkers",Care partners or care systems,240,"Ono Pharmaceutical Co., Ltd.",ONO-2020; Placebo,Alzheimer Disease,Japan; United States,True,2,96,True,True,2025-03-18,2026-01-28,2025-04-24,2026-07,2026-08,"Incidence, severity, and type of treatment emergent adverse events (TEAEs); Clinically abnormal findings in Columbia Suicide Severity Rating Scale (C-SSRS); Change from baseline through week 26 in Alzheimer's Disease Assessment Scale-Cognitive Subscale 12 (ADAS-cog 12) score",
NCT06883019,https://clinicaltrials.gov/study/NCT06883019,Lecanemab for Early Onset Familial Alzheimer's Disease,A Real World Study of Lecanemab Treatment in Participants with Early Onset Familial Alzheimer's Disease,RECRUITING,OBSERVATIONAL,NOT_APPLICABLE,,Amyloid-targeting approaches,MCI or prodromal Alzheimer’s,114,RenJi Hospital,,Alzheimer Disease,China,False,1,15,False,True,2025-03-19,2025-03-19,2025-03-13,2027-06-30,2027-08-31,Chang of CDR-SB score,
NCT06885567,https://clinicaltrials.gov/study/NCT06885567,A Phase 2 Study to Evaluate the Safety and Efficacy of BEY2153 in Patients with Early Alzheimer's Disease,"A Multicenter, Randomized, Double-blind, Parallel Design, Placebo-controlled, Phase 2 Clinical Trial and Open-Label Extension Study to Evaluate the Safety and Efficacy for BEY2153 in Patients with Early Alzheimer's Disease",NOT_YET_RECRUITING,INTERVENTIONAL,PHASE2,TREATMENT,Other interventional treatment research,MCI or prodromal Alzheimer’s,90,BeyondBio Inc.,BEY2153; Placebo,Alzheimer Disease; Alzheimer&#39; Disease,South Korea,False,1,3,False,True,2025-03-20,2025-03-20,2025-07,2028-07,2028-08,Safety: Number of Treatment Emergent Adverse Events (TEAEs) and Serious Adverse Events (SAEs),
NCT06887192,https://clinicaltrials.gov/study/NCT06887192,A Study to Assess the Efficacy and Safety of ML-007C-MA for the Treatment of Alzheimer's Disease Psychosis,"A Randomized, Double-Blind, Placebo-Controlled Study to Assess the Efficacy and Safety of ML-007C-MA for the Treatment of Hallucinations and Delusions Associated With Alzheimer's Disease Psychosis",RECRUITING,INTERVENTIONAL,PHASE2,TREATMENT,Tau-targeting approaches,Care partners or care systems,300,MapLight Therapeutics,ML-007C-MA; Placebo,Psychosis Associated With Alzheimer's Disease,Argentina; Bulgaria; Canada; Czechia; France; Romania; South Korea; United States,True,8,40,True,True,2025-03-20,2026-05-19,2025-08-15,2027-12,2027-12,Change from Baseline to End of Treatment in the Neuropsychiatric Inventory-Clinician: Hallucinations and Delusions (NPI-C H+D) score,
NCT06889818,https://clinicaltrials.gov/study/NCT06889818,Korean Joint Registry for Alzheimer's Treatment and Diagnostics (JOY-ALZ),Korean Joint Registry for Alzheimer's Treatment and Diagnostics (JOY-ALZ),RECRUITING,OBSERVATIONAL,NOT_APPLICABLE,,Tau-targeting approaches,Preclinical or elevated-risk,4000,Ewha Womans University Mokdong Hospital,,Mild Cognitive Impairment; Dementia; Subjective Cognitive Decline (SCD); Alzheimer Disease,South Korea,False,1,3,False,True,2025-03-21,2025-03-21,2025-02-24,2034-12-31,2034-12-31,Change from baseline in the Korean Mini-Mental State Examination-2 (K-MMSE-2) total score; Change from baseline in the Korean version of Montreal Cognitive Assessment (K-MOCA) total score; Change from baseline in the Clinical Dementia Rating scale (CDR) total score,
NCT06891716,https://clinicaltrials.gov/study/NCT06891716,[18F]ACI-19626 PET in TDP-43 Proteinopathies,Phase 1 Study to Evaluate [18F]ACI-19626 as a Potential PET Radioligand for Imaging TDP-43 Inclusions in the Brain of Patients With Suspected TDP-43 Proteinopathies Compared With Healthy Controls,RECRUITING,INTERVENTIONAL,EARLY_PHASE1,DIAGNOSTIC,"Diagnostics, imaging, and biomarkers",Mixed or not specified,45,AC Immune SA,[18F]ACI-19626,Frontotemporal Dementia (FTD); Amyotrophic Lateral Sclerosis (ALS); TDP-43 Proteinopathies; Suspected Limbic Predominant Age-related TDP-43 Encephalopathy (LATE); Alzheimer's Disease (AD),Netherlands,False,1,1,False,True,2025-03-24,2025-03-24,2025-01-21,2026-11,2026-11,"Number of participants with Adverse Events (AEs) assessed by severity (mild, moderate or severe) and causal relationship (unrelated, unlikely, possibly or probably related); Number of participants with clinically significant changes in vital signs measurements; Brain uptake of the tracer [18F]ACI-19626",
NCT06894953,https://clinicaltrials.gov/study/NCT06894953,AMPER Proof of Concept Study,Proof of Concept Study of the Personalised AMPER System (Agent-based Memory Prosthesis to Encourage Reminiscing).,NOT_YET_RECRUITING,INTERVENTIONAL,NA,SUPPORTIVE_CARE,"Care, behavior, and quality of life",Care partners or care systems,40,University of Strathclyde,Personalised Agent-based Memory Prosthesis to Encourage Reminiscing (AMPER); Non-Personalised Agent-based Memory Prosthesis to Encourage Reminiscing (AMPER),Alzheimer&#39;s Dementia (AD),United Kingdom,False,1,1,False,True,2025-03-25,2025-03-25,2025-04-01,2026-02-28,2026-02-28,Quality of autobiographical memory during AMPER use; Autobiographical Memory ability (objectively rated); Autobiographical Memory ability (subjectively rated),
NCT06895525,https://clinicaltrials.gov/study/NCT06895525,Efficacy of HellenCare in Early-Stage Alzheimer's Disease,"The HEART Study: A Randomized, Double-Blind, Parallel Placebo-Controlled Trial on the Efficacy of HellenCare in Early-Stage Alzheimer's Disease",NOT_YET_RECRUITING,INTERVENTIONAL,NA,TREATMENT,Lifestyle and multidomain,MCI or prodromal Alzheimer’s,60,Peking University First Hospital,HellenCare; Placebo,Alzheimer's Disease Dementia,,False,0,0,False,False,2025-03-26,2025-04-08,2025-04-15,2025-12-31,2025-12-31,Changes in Clinical Dementia Rating-Sum of Boxes (CDR-SB) from baseline,
NCT06896201,https://clinicaltrials.gov/study/NCT06896201,Comfortage - AD Prevention Strategies,"Comfortage - Integration of Biomarkers, Genetic and Clinical Risk Factors for AD Prevention Strategies",NOT_YET_RECRUITING,INTERVENTIONAL,NA,PREVENTION,"Diagnostics, imaging, and biomarkers",Care partners or care systems,200,Fondazione Policlinico Universitario Agostino Gemelli IRCCS,"Neuropsychological Assessments and Other Questionnaires; Blood Exams, Fluid Biomarkers, Genetics; Connectivity Analysis; Physical Activity; Healthentia; Eligence; Nutrition",Alzheimer Disease; Subjective Cognitive Impairment; Mild Cognitive Impairment,,False,0,0,False,False,2025-03-26,2025-08-26,2025-09,2027-03,2027-03,Changes in cognitive performance and quality of life through cognitive scales (MiniMental State Examination); Changes in cognitive performance and quality of life through cognitive scales (Clinical Dementia Rating Scale); Changes in cognitive performance and quality of life through cognitive scales (Activities of the Daily Living),
NCT06896812,https://clinicaltrials.gov/study/NCT06896812,"A Pilot Study on App-based Treatment Combining Physical Exercise, Graded Activity, and Pain Journaling for Patients with Spinal Complaints","A Pilot Study on App-based Treatment Combining Physical Exercise, Graded Activity, and Pain Journaling for Patients with Spinal Complaints",NOT_YET_RECRUITING,INTERVENTIONAL,NA,TREATMENT,"Care, behavior, and quality of life",Mixed or not specified,30,Zuyderland Medisch Centrum,"The app-based treatment consists of a combination of physical exercise, graded activity, and pain journaling.",Back Pain; Spinal Disease; Spinal Condition,,False,0,0,False,False,2025-03-26,2025-03-26,2025-04-01,2025-09-01,2025-09-01,"The primary outcome is qualitative information on the viability, feasibility, effectiveness, and safety.",
NCT06898476,https://clinicaltrials.gov/study/NCT06898476,Silkworm Pupa Powder Improves Dementia.,"A Prospective, Double-Blind, Randomized Controlled Trial Evaluating Silkworm Pupa Powder Versus Placebo in Improving Alzheimer's Disease Among Patients",RECRUITING,INTERVENTIONAL,NA,TREATMENT,Lifestyle and multidomain,Care partners or care systems,300,Zhejiang Provincial Tongde Hospital,Silkworm pupa powder; Placebo,Alzheimer Disease(AD); Sarcopenia; Asthenia,China,False,1,1,False,True,2025-03-27,2026-06-08,2025-04-10,2027-12-31,2027-12-31,Alzheimer's Disease Assessment Scale - Cognitive Subscale (ADAS-Cog); Frailty indicators; Frailty indicators,
NCT06902753,https://clinicaltrials.gov/study/NCT06902753,Adaptation and Normalization of a Verbal Episodic Memory Test in French Sign Language,Adaptation and Normalization of a Verbal Episodic Memory Test (16-item Free and Cued Recall / RL-RI 16) in French Sign Language,NOT_YET_RECRUITING,INTERVENTIONAL,NA,DIAGNOSTIC,"Diagnostics, imaging, and biomarkers",Moderate or later dementia,120,Poitiers University Hospital,Questionnaire and Physical Exam,Neuropsychological Tests; Memory; Alzheimer Disease; Deafness; Sign Language; Cognitive Impairment,,False,0,0,False,False,2025-03-30,2025-03-30,2025-04,2027-01,2027-04,Normed data for the RL-RI-LSF test for a deaf population without cognitive impairment,
NCT06911944,https://clinicaltrials.gov/study/NCT06911944,Amyloid Lowering for Alzheimer's in Down's With Donanemab Investigation,"A Randomized, Double-Blind, Placebo-Controlled, Phase 4 Dose-Escalation Study Evaluating the Safety, Tolerability, and Efficacy of Donanemab in Adults With Down Syndrome",NOT_YET_RECRUITING,INTERVENTIONAL,PHASE4,TREATMENT,Amyloid-targeting approaches,Preclinical or elevated-risk,60,"Michael Rafii, MD, PhD",Donanemab; Placebo,Down Syndrome (DS); Down Syndrome (Trisomy 21); Alzheimer Disease; Amyloid Beta Protein,,False,0,0,False,False,2025-04-04,2026-05-15,2026-08-01,2028-12-31,2028-12-31,Change from baseline on brain amyloid levels,
NCT06918145,https://clinicaltrials.gov/study/NCT06918145,Clinical Study on Lymphaticovenous Anastomosis（LVA） for the Treatment of Alzheimer's Disease（AD）,"Clinical Study on the Safety, Efficacy, and Mechanisms of Lymphaticovenous Anastomosis (LVA) for the Treatment of Alzheimer's Disease (AD)",ENROLLING_BY_INVITATION,INTERVENTIONAL,NA,TREATMENT,"Care, behavior, and quality of life",Care partners or care systems,80,Peking University Third Hospital,Lymphaticovenous Anastomosis,Alzheimer&Amp;#39;s Disease (AD),China,False,1,1,False,True,2025-04-09,2025-04-09,2025-04-02,2030-03-01,2030-03-01,The assessment of score changes after Lymphaticovenous Anastomosis(LVA) for the treatment of Alzheimer's Disease(AD) using Mini-Mental State Examination(MMSE).,
NCT06920212,https://clinicaltrials.gov/study/NCT06920212,Clinical Safety and Efficacy of Fecal Microbiota Transplantation (FMT) in the Treatment of Alzheimer's Disease,Clinical Safety and Efficacy of FMT in the Treatment of Alzheimer's Disease,ACTIVE_NOT_RECRUITING,INTERVENTIONAL,NA,TREATMENT,Other interventional treatment research,Moderate or later dementia,30,Shanghai 10th People's Hospital,FMT capsule,Fecal Microbiota Transplantation,China,False,1,1,False,True,2025-04-09,2025-04-09,2024-10-01,2025-10-31,2025-12-31,Efficacy endpoints; Efficacy endpoints; Efficacy endpoints,
NCT06922188,https://clinicaltrials.gov/study/NCT06922188,Development of Measures to Screen for Financial Hardship in Alzheimer's Disease and Dementia,Development of Measures to Screen for Financial Hardship in Alzheimer's Disease and Dementia,RECRUITING,OBSERVATIONAL,NOT_APPLICABLE,,"Care, behavior, and quality of life",Care partners or care systems,2460,Fred Hutchinson Cancer Center,,Financial Hardship; Alzheimer&#39;s Disease (AD); Alzheimer&#39;s Disease and Related Dementia (ADRD),United States,True,1,1,False,True,2025-04-10,2026-02-19,2025-03-31,2029-09-18,2029-12-18,Thematic Analysis of Qualitative Interviews to Inform Measure Development; Internal Consistency of Financial Hardship Item Banks; Construct Validity of Financial Hardship Item Banks,
NCT06923007,https://clinicaltrials.gov/study/NCT06923007,Alzheimer's Disease Treated With Vagus Nerve Stimulation,"Study on the Safety and Efficacy of VNS in the Treatment of Mild and Moderate AD Patients; a Multi-center, Randomized, Double-blind, Placebo Parallel Control Trial",RECRUITING,INTERVENTIONAL,NA,TREATMENT,"Diagnostics, imaging, and biomarkers",Care partners or care systems,74,Beijing Municipal Administration of Hospitals,Vagus Nerve Stimulation; Sham Vagus Nerve Stimulation,Alzheimer Disease (AD),China,False,1,1,False,True,2025-04-11,2025-06-06,2025-05-07,2027-12,2027-12,Change From Baseline in ADAS-Cog 14 Score,
NCT06924359,https://clinicaltrials.gov/study/NCT06924359,Multimodal Ophthalmic Imaging and Plasma Biomarkers for the Early Detection of Alzheimer's Disease,Multimodal Ophthalmic Imaging and Plasma Biomarkers for the Early Detection of Alzheimer's Disease,RECRUITING,OBSERVATIONAL,NOT_APPLICABLE,,"Diagnostics, imaging, and biomarkers",Subjective cognitive concerns,200,Peking University First Hospital,Multimodal Ophthalmic Imaging and plasma biomarker,Alzheimer&#39;s Disease (AD),China,False,1,1,False,True,2025-04-11,2025-04-11,2025-03-19,2027-08-31,2027-08-31,Differences in Multimodal Ophthalmic Imaging parameter values among groups,
NCT06930560,https://clinicaltrials.gov/study/NCT06930560,HEARS-NPS: Addressing Hearing Loss as a Common Unmet Contributor of Neuropsychiatric Symptoms,HEARS Neuropsychiatric Symptoms & Hearing Loss: Addressing Hearing Loss as a Common Unmet Contributor of Neuropsychiatric Symptoms,RECRUITING,INTERVENTIONAL,NA,OTHER,"Care, behavior, and quality of life",Care partners or care systems,300,Johns Hopkins University,HEARS-NPS device; HEARS-NPS program,Alzheimer Disease; Dementia; Hearing Loss; Cognitive Impairment,United States,True,1,1,False,True,2025-04-16,2025-11-24,2025-10-15,2027-12-31,2027-12-31,Distress as assessed by the Neuropsychiatric Inventory (NPI-Q),
NCT06932809,https://clinicaltrials.gov/study/NCT06932809,"Study of Biodistribution, Metabolism, Excretion and Brain Uptake 18F-JSS20-183A","Center Without Walls for Imaging Proteinopathies With PET (CW2IP2): Phase I Pilot Study of Biodistribution, Metabolism, Excretion and Brain Uptake of 18F-JSS20-183A",RECRUITING,INTERVENTIONAL,EARLY_PHASE1,DIAGNOSTIC,"Diagnostics, imaging, and biomarkers",Mixed or not specified,90,University of Pennsylvania,18F-JSS20-183A PET; Brain MRI; Amyloid PET; Neurological Assessments,Tauopathies,United States,True,1,2,False,True,2025-04-17,2025-12-23,2025-05-09,2030-04,2030-04,Organ Biodistribution or Dosimetry; PET Uptake of Tracer,
NCT06934720,https://clinicaltrials.gov/study/NCT06934720,VR-based Physical Activity and Reminiscence Therapy,Active Physical Activity - Virtual Reality Cognitive Therapy,NOT_YET_RECRUITING,INTERVENTIONAL,PHASE1+PHASE2,TREATMENT,"Care, behavior, and quality of life",Care partners or care systems,100,Hong Kong University of Science and Technology,aPAVRCT,Dementia; Neurodegenerative Disease; Mild Cognitive Impairment (MCI); Virtual Reality; Physical Activity; Alzheimer&#39;s Disease (AD); Cognitive Therapy,,False,0,0,False,False,2025-04-18,2025-05-22,2025-05-19,2027-04-15,2027-04-15,Hong Kong - Montreal cognitive assessment scale; The Integrated Alzheimer's Disease Rating Scale (iADRS); Mini-Mental State Examination (MMSE),
NCT06936124,https://clinicaltrials.gov/study/NCT06936124,Deep Brain Stimulation of the Pedunculopontine Nucleus for Alzheimer's Disease,A Pilot Clinical Trial Investigating Deep Brain Stimulation of the Pedunculopontine Nucleus for the Treatment of Alzheimer's Disease,RECRUITING,INTERVENTIONAL,NA,TREATMENT,"Care, behavior, and quality of life",Care partners or care systems,6,"University Health Network, Toronto",Deep Brain Stimulation of the Pedunculopontine Nucleus,Alzheimer Disease,Canada,False,1,1,False,True,2025-04-20,2025-05-01,2025-05,2028-11,2028-11,Intervention Feasibility - Recruitment Rates; Intervention Feasibility - Adherence to Study Protocol; Intervention Feasibility - Attrition Rates,
NCT06936514,https://clinicaltrials.gov/study/NCT06936514,Clinical Study on Deep Cervical Lymphatic Trunk Decompression Combined With Mid-Cervical Deep Lymph Node-External Jugular Vein Anastomosis for Alzheimer's Disease Treatment,Bilateral Cervical Deep Lymphatic Trunk Decompression Combined With Mid-Cervical Deep Lymph Node-External Jugular Vein Anastomosis for the Treatment of Alzheimer's Disease: A Randomized Controlled Clinical Trial,ENROLLING_BY_INVITATION,INTERVENTIONAL,NA,TREATMENT,"Care, behavior, and quality of life",Care partners or care systems,45,Oriental Neurosurgery Evidence-Based-Study Team,Bilateral Cervical Deep Lymphatic Trunk Decompression Combined with Mid-Cervical Deep Lymph Node-External Jugular Vein Anastomosis for Alzheimer's Disease,Alzheimer&#39;s Disease,China,False,1,1,False,True,2025-04-20,2026-02-19,2025-01-08,2025-07-10,2026-07-10,Change in Alzheimer's disease Assessment Scale-Cognitive Subscale 13 (ADAS-Cog13); Change in Montreal Cognitive Assessment (MoCA); Change in Mini-mental State Examination (MMSE),
NCT06938763,https://clinicaltrials.gov/study/NCT06938763,"Evaluation of the Safety, Tolerability, and Pharmacokinetics of J4 in Healthy Adults","A Phase I, Randomized, Double-blinded, Placebo-Controlled First-in-human Trial to Evaluate the Safety, Tolerability, and Pharmacokinetics of J4 Dry Powder Capsule After Oral Administration of Single and Multiple Ascending Doses to Healthy Adults",RECRUITING,INTERVENTIONAL,PHASE1,TREATMENT,Other interventional treatment research,Mixed or not specified,76,"Academia Sinica, Taiwan",J4; Placebo,Alzheimer Disease,Taiwan,False,1,1,False,True,2025-04-22,2026-01-06,2025-02-14,2026-12-31,2026-12-31,Incidence of Treatment-Emergent Adverse Events (TEAEs) and Serious Adverse Events (SAEs),
NCT06940687,https://clinicaltrials.gov/study/NCT06940687,Neurophysiological Benefits of Live Music for Early Alzheimer's Patients and Their Caregivers,Neurophysiological Benefits of Live Music for Early Alzheimer's Patients and Their Caregivers,ENROLLING_BY_INVITATION,INTERVENTIONAL,NA,SUPPORTIVE_CARE,"Care, behavior, and quality of life",Care partners or care systems,60,Yale University,Pre-recorded Music Session; Live Music Session,Alzheimer Disease; Dementia; Mild Cognitive Impairment; Peer-bonded Caregiver; Caregiver,United States,True,1,2,False,True,2025-04-23,2026-02-11,2025-01-28,2026-03-22,2026-03-22,Change in EEG activity during live music vs pre-recorded music conditions; motion capture; facial action units,
NCT06945614,https://clinicaltrials.gov/study/NCT06945614,Exploratory Clinical Study to Assess Safety and Efficacy of Xenon Gas Inhalation to Control Neuroinflammation,"A Proof-of-Concept, Exploratory Clinical Study to Assess Safety and Efficacy of Xenon Gas Inhalation to Control Neuroinflammation in Healthy Human Subjects",RECRUITING,INTERVENTIONAL,PHASE1,TREATMENT,Vascular and blood-brain barrier,Mixed or not specified,16,General Biophysics LLC,Xenon gas inhalation,Healthy Volunteer Study,United States,True,1,1,False,True,2025-04-25,2025-04-25,2025-04-16,2025-12-31,2025-12-31,Number of Participants with Xenon Treatment-Related Adverse Events at Each Treatment Duration as Assessed by CTCAE v4.0,
NCT06948929,https://clinicaltrials.gov/study/NCT06948929,Synbiotic Formula (SCV09) in Alzheimer's Disease Patients,"A Pilot, Single-arm Study on the Efficacy and Safety of the Use of a Synbiotic Formula (SCV09) in Alzheimer's Disease Patients",RECRUITING,INTERVENTIONAL,NA,OTHER,Lifestyle and multidomain,Care partners or care systems,30,Chinese University of Hong Kong,SCV09,Alzheimer Disease,Hong Kong,False,1,1,False,True,2025-04-29,2025-09-03,2025-05-15,2026-05-15,2026-12-15,Neuropsychiatric Inventory-Questionnaire,
NCT06953167,https://clinicaltrials.gov/study/NCT06953167,Cognitive Health in Ageing Register: Investigational and Observational Trial Studies in Dementia Research (CHARIOT): Prospective Readiness Cohort (PRO) Longitudinal Study,Cognitive Health in Ageing Register: Investigational and Observational Trial Studies in Dementia Research (CHARIOT): Prospective Readiness Cohort (PRO) Longitudinal Study,RECRUITING,OBSERVATIONAL,NOT_APPLICABLE,,"Care, behavior, and quality of life",Preclinical or elevated-risk,600,Imperial College London,,Alzheimer&#39;s Disease (AD),United Kingdom,False,1,1,False,True,2025-05-01,2026-01-21,2025-03-17,2029-02,2029-02,Change from baseline in the Repeatable Battery for the Assessment of Neuropsychological Status (RBANS) Index scores; Change from baseline in the Preclinical Alzheimer Cognitive Composite (PACC) component scores,
NCT06956300,https://clinicaltrials.gov/study/NCT06956300,TMS for Cognitive Decline in Aging and Preclinical AD,Grit Against Cognitive Decline in Aging and Preclinical Alzheimer's Disease,RECRUITING,INTERVENTIONAL,NA,OTHER,"Diagnostics, imaging, and biomarkers",Preclinical or elevated-risk,80,Massachusetts General Hospital,Active rTMS; Sham rTMS,Prodromal Alzheimer&#39;s Disease; Preclinical Alzheimer&#39;s Disease; Healthy Aging; Cognitive Decline,United States,True,1,1,False,True,2025-05-04,2026-02-20,2025-04-07,2029-08-31,2029-08-31,Changes in motivation; Changes in Brain Network Connectivity; Changes in Memory,
NCT06960915,https://clinicaltrials.gov/study/NCT06960915,Efficacy of Virtual Reality Reminiscence Therapy in Nursing Home Residents With Alzheimer's Disease or Related Diseases,Efficacy of Virtual Reality Reminiscence Therapy in Nursing Home Residents With Alzheimer's Disease or Related Diseases,ACTIVE_NOT_RECRUITING,INTERVENTIONAL,NA,OTHER,"Care, behavior, and quality of life",Moderate or later dementia,50,"Centre Hospitalier Universitaire, Amiens",immersive virtual reality; classic reminiscence workshops,Virtual Reality; Reminiscence Therapy; Nursing Home; Alzheimer&#39;s Disease or Related Diseases; Crossover Study,France,False,1,1,False,True,2025-05-07,2026-02-11,2025-10-10,2026-11,2027-03,Reduced behavioral problem frequency in immersive virtual reality group,
NCT06962111,https://clinicaltrials.gov/study/NCT06962111,Early-Stage Partner in Care Living Alone Plus,Early-Stage Partner in Care-Living Alone (EPIC-LA),RECRUITING,INTERVENTIONAL,NA,TREATMENT,"Care, behavior, and quality of life",MCI or prodromal Alzheimer’s,70,Arizona State University,Psychoeducational skills training intervention,Dementia; Mild Cognitive Impairment (MCI); Alzheimer Disease,United States,True,1,1,False,True,2025-05-08,2026-03-27,2025-03-26,2027-03,2027-03,Quality of Life in Alzheimer's Disease (QoL-AD); UCLA 3-item Loneliness Scale; Dementia Quality of Life (DQoL)- Positive and Negative Feelings Affect Scale,
NCT06963879,https://clinicaltrials.gov/study/NCT06963879,Validation Study of a New Digital Diagnostic and Treatment Test Based on Interactive Video Games for Alzheimer's Disease,Validation Study of a New Digital Diagnostic and Treatment Test Based on Interactive Video Games for Alzheimer's Disease,ENROLLING_BY_INVITATION,INTERVENTIONAL,NA,TREATMENT,"Diagnostics, imaging, and biomarkers",MCI or prodromal Alzheimer’s,60,Braingaze,Bgaze Therapy; Bgaze Attention Task,Alzheimer Disease; MCI,Spain,False,1,1,False,True,2025-05-09,2025-05-09,2025-05-01,2025-11-30,2025-12-31,Beta biomarkers; PTau Biomarkers; Pupil Response,
NCT06964230,https://clinicaltrials.gov/study/NCT06964230,A Phase 2b/3 Clinical Study Evaluating T3D-959 in Mild-to-Moderate Alzheimer's Disease Subjects,"A Phase 2b/3 Randomized, Double-Blind, Placebo-Controlled Multi-Center Study to Evaluate the Safety and Efficacy of T3D-959 in Subjects With Mild-to-Moderate Alzheimer's Disease",NOT_YET_RECRUITING,INTERVENTIONAL,PHASE2+PHASE3,TREATMENT,"Diagnostics, imaging, and biomarkers",Care partners or care systems,376,"T3D Therapeutics, Inc.",T3D-959; Placebo Comparator,Alzheimer's Disease,United States,True,1,1,False,True,2025-05-09,2025-05-09,2026-10-26,2031-04,2031-06,Change from baseline to end of treatment in ADAS-Cog13 and ADCS-iADL,
NCT06965062,https://clinicaltrials.gov/study/NCT06965062,Cervical Lymphatico-Venous Bypass for Treatment of Alzheimer's Disease - Proof of Concept Study (CLyVeB-AD-1 Study),Cervical Lymphatico-Venous Bypass for Treatment of Alzheimer's Disease - Proof of Concept Study (CLyVeB-AD-1 Study),RECRUITING,INTERVENTIONAL,NA,TREATMENT,"Diagnostics, imaging, and biomarkers",Care partners or care systems,10,Vincent Tay Khwee Soon,Deep cervical lymph node to venous bypass (DCLNV-BP),Alzheimer Disease; Dementia Alzheimer Type; Dementia Alzheimer&#39;s Type; Alzheimer&#39;s Disease; Alzheimer&#39;s Disease (AD),Singapore,False,1,1,False,True,2025-05-11,2026-01-13,2025-04-01,2028-03-31,2030-03-31,Safety: Number of treatment-related adverse events; Mini Mental State Examination; Montreal Cognitive Assessment,
NCT06976294,https://clinicaltrials.gov/study/NCT06976294,The Effects of Cognitive Behavioral Approach-Based Psychoeducation on Caregivers of Alzheimer's Patients,"The Effect of Cognitive Behavioral Approach-Based Psychoeducation on Post-Traumatic Growth, Psychological Resilience, and Ruminative Thoughts in Primary Caregivers of Individuals Diagnosed With Alzheimer's Disease",NOT_YET_RECRUITING,INTERVENTIONAL,NA,OTHER,"Care, behavior, and quality of life",Care partners or care systems,50,Pamukkale University,Cognitive Behavioral Approach-Based Psychoeducation,"Alzheimer Disease, Posttraumatic Growth",,False,0,0,False,False,2025-05-16,2025-05-16,2025-09-15,2025-12-20,2025-12-31,Socio-Demographic Characteristics Form,
NCT06978166,https://clinicaltrials.gov/study/NCT06978166,Just-In-Time Adaptive Interventions (JITAIs) in a Digital Mental Health Intervention for Middle-Aged and Older Adults With Chronic Pain,Evaluating and Optimizing Just-In-Time Adaptive Interventions (JITAIs) in a Digital Mental Health Intervention (Wysa for Chronic Pain) for Middle-Aged and Older Adults With Chronic Pain,RECRUITING,INTERVENTIONAL,NA,SUPPORTIVE_CARE,Lifestyle and multidomain,Moderate or later dementia,1000,Washington University School of Medicine,Just-In-Time Adaptive Interventions (JITAIs); Wysa for Chronic Pain,"Chronic Pain; Depression, Anxiety",United States,True,1,1,False,True,2025-05-18,2026-05-05,2025-06-02,2026-12,2026-12,Engagement,
NCT06978946,https://clinicaltrials.gov/study/NCT06978946,Deep Cervical Lymphaticovenous Anastomosis Surgery for Moderate-to-Advanced Dementia Patients,Clinical Efficacy and Safety of Deep Cervical Lymphaticovenous Anastomosis (DLVA) in Moderate-to-Severe Neurodegenerative Dementia,NOT_YET_RECRUITING,INTERVENTIONAL,NA,TREATMENT,"Diagnostics, imaging, and biomarkers",Moderate or later dementia,85,RenJi Hospital,Deep Cervical Lymphaticovenous Anastomosis(DLVA),Alzheimer Disease; Lewy Body Dementia (LBD); Frontotemporal Dementia (FTD); Dementia; Parkinsons Disease With Dementia (PDD),China,False,1,1,False,True,2025-05-18,2025-05-28,2025-05-28,2027-02-01,2027-02-28,Severity of dementia,
NCT06979778,https://clinicaltrials.gov/study/NCT06979778,"Testing the Efficacy of the ""Syd"" App on Improving Quality of Life and Mental Health Among University Students in the Kingdom of Saudi Arabia","A Randomized Controlled Trial to Assess the Efficacy of the ""Syd"" App on Improving Quality of Life and Mental Health Among University Students in the Kingdom of Saudi Arabia",NOT_YET_RECRUITING,INTERVENTIONAL,NA,TREATMENT,"Care, behavior, and quality of life",Moderate or later dementia,600,iamYiam Limited,See Yourself Differently (syd) mobile app,Quality of Life (QOL); Anxiety; Stress; Affect (Mental Function),Saudi Arabia,False,1,1,False,True,2025-05-20,2025-05-23,2025-05,2025-08,2025-08,Change in Quality of Life Domain Scores,
NCT06980207,https://clinicaltrials.gov/study/NCT06980207,"A Phase 1, MAD Study to Evaluate the Safety, Tolerability and Pharmacokinetics of LY03017","A Phase 1, Randomized, Double-Blind, Placebo-Controlled, MAD Study to Evaluate the Safety, Tolerability and Pharmacokinetics of Oral LPM526000133 Fumarate Capsules (LY03017) in Healthy Adult Subjects.",NOT_YET_RECRUITING,INTERVENTIONAL,PHASE1,TREATMENT,Other interventional treatment research,Mixed or not specified,40,Luye Pharma Group Ltd.,LY03017; LY03017-Placebo,Hallucinations and Delusions Associated With Alzheimer's Disease Psychosis; Hallucinations and Delusions Associated With Parkinson Disease Psychosis; Negative Symptoms of Schizophrenia,China,False,1,1,False,True,2025-05-20,2025-05-20,2025-05,2025-10,2025-10,Incidence and severity of adverse events (AEs) and serious adverse events (SAEs),
NCT06986096,https://clinicaltrials.gov/study/NCT06986096,Lifestyle for the BRAin Health - Nutrition and Exercise Training Intervention,"Lifestyle for the BRAin Health - Nutrition and Exercise Training Intervention, LIBRA-NET",RECRUITING,INTERVENTIONAL,NA,SUPPORTIVE_CARE,"Diagnostics, imaging, and biomarkers",MCI or prodromal Alzheimer’s,40,Slovak Academy of Sciences,Aerobic-strength training and nutritional counseling; Cognitive training and stretching.,"Aging; Alzheimer Disease; Life Style, Healthy; Exercise; Cognitive Impairment",Slovakia,False,1,1,False,True,2025-05-22,2025-05-29,2024-09-01,2026-12,2026-12,Impact on Cognitive Functions; Effect of Interventions on Neurodegeneration Markers,
NCT06989242,https://clinicaltrials.gov/study/NCT06989242,"Yoga-based, Movement Therapy Device as Noninvasive Glymphatic Clearance Augmentation in Alzheimer's Disease.","Yoga-based, Movement Therapy Device as Noninvasive Glymphatic Clearance Augmentation in Alzheimer's Disease. The Feasibility and Safety Trial With Preliminary Clinical, Digital, and Fluid Biomarker Proxies of Glymphatic Clearance",NOT_YET_RECRUITING,INTERVENTIONAL,NA,TREATMENT,"Diagnostics, imaging, and biomarkers",Preclinical or elevated-risk,60,"CIATRIX, INC.",Yoga-Based Therapeutic Device (incorporating guided breathing and movement),Alzheimer Disease; Mild Cognitive Impairment (MCI),Czechia; Slovakia,False,2,3,True,True,2025-05-25,2025-07-10,2025-07-01,2026-02-28,2026-05-01,Number and type of intervention-related adverse events as assessed by a yoga-specific adverse events questionnaire; Number of participants completing ≥90% of scheduled intervention sessions; Mean percentage of completed intervention sessions per participant,
NCT06991816,https://clinicaltrials.gov/study/NCT06991816,The Brain&Senses Study,The Brain&Senses Study Impact of Multi Sensory Impairments on the Progression of Cognitive Decline and Reduction of Quality of Life in People Over 50ies,ACTIVE_NOT_RECRUITING,OBSERVATIONAL,NOT_APPLICABLE,,"Care, behavior, and quality of life",MCI or prodromal Alzheimer’s,100,University of Campania Luigi Vanvitelli,,Mild Cognitive Impairment; Alzheimer Disease; Parkinson,Italy,False,1,1,False,True,2025-05-28,2026-04-23,2025-08-01,2026-08-31,2031-06-30,"Impact of hearing loss, vertigo and smell loss on cognition",
NCT06992804,https://clinicaltrials.gov/study/NCT06992804,Near-Infrared Light Therapy Combined With Lecanemab for Mild Alzheimer's Disease,The Efficacy and Safety of Near-Infrared Light Therapy Combined With Lecanemab for Mild Alzheimer's Disease,RECRUITING,INTERVENTIONAL,EARLY_PHASE1,TREATMENT,Devices and brain stimulation,Care partners or care systems,20,"Xuanwu Hospital, Beijing",NirsCure with Lecanemab; sham NirsCure with Lecanemab; NirsCure with Lecanemab,Alzheimer Disease,China,False,1,1,False,True,2025-05-28,2025-09-09,2025-05-28,2025-10-15,2027-01-20,The change from baseline in the Alzheimer's Disease Assessment Scale-Cognitive (ADAS-cog).,
NCT06993207,https://clinicaltrials.gov/study/NCT06993207,HOme-based Brain Monitoring With a GARment-EEG to Study Cognitive Decline in the Aging Population,Validation of a Home-use Instrument for the Quantification of Cognitive Function in a Population at Risk of Dementia,RECRUITING,OBSERVATIONAL,NOT_APPLICABLE,,Lifestyle and multidomain,Preclinical or elevated-risk,500,Bitbrain,Home Lab,"Dementia; Mild Cognitive Impairment; Dementia Alzheimers; Dementia, Mixed; Subjective Cognitive Decline; Dementia, Vascular",Spain,False,1,1,False,True,2025-05-28,2025-05-28,2024-01-15,2025-12-31,2028-12-31,Validation of HoGar,
NCT06993285,https://clinicaltrials.gov/study/NCT06993285,ADvanced ALzheimer Disease and Effects of Protologic and LAnguage Rehabilitation Tools in Nursing Home (ADALPA),ADvanced ALzheimer Disease and Effects of Protologic and LAnguage Rehabilitation Tools (a Non-pharmacological Intervention) in Nursing Home.,NOT_YET_RECRUITING,INTERVENTIONAL,NA,OTHER,"Care, behavior, and quality of life",Care partners or care systems,9,"Central Hospital, Nancy, France",Protologic and LAnguage adaptation rehabilitation,Alzheimer Disease,France,False,1,1,False,True,2025-05-28,2025-05-31,2025-06,2028-06,2028-12,Return to communication (YES / NO) during non pharmacological intervention,
NCT06995573,https://clinicaltrials.gov/study/NCT06995573,A Study to Assess Safety and Tolerability and to Explore Efficacy of NSC001 in Mild to Moderate Alzheimer's Disease,"A Phase 2a, Multi-Center, Randomized, Parallel Group, Double Blind and Placebo-controlled Clinical Trial to Assess Safety and Tolerability as Well as Explorative Efficacy of the Orthosteric Selective Muscarinic M1 Agonist NSC001 in Mild to Moderate Alzheimer's Disease",RECRUITING,INTERVENTIONAL,PHASE1+PHASE2,TREATMENT,Synapses and neuronal communication,Care partners or care systems,90,NSC-Therapeutics,NSC001; Placebo,Alzheimer Disease,Austria; Germany,False,2,10,True,True,2025-05-29,2026-04-17,2025-08-25,2026-07-30,2026-09-30,Safety and tolerability of NSC001; Safety during the treatment period,
NCT06995638,https://clinicaltrials.gov/study/NCT06995638,Improving Executive Control in Cognitively Healthy Older Adults: the MUltitasking STrategy (MUST) Study,Web-based Technology and Cognitive Training: Improving Executive Control in Cognitively Healthy Older Adults: the MUltitasking STrategy (MUST) Study,RECRUITING,INTERVENTIONAL,NA,TREATMENT,Lifestyle and multidomain,Moderate or later dementia,130,"Rutgers, The State University of New Jersey",Web-based Cognitive Training (with strategy); Web-based Cognitive Training (without strategy),Healthy Aging; Alzheimer&#39;s Disease (AD),United States,True,1,1,False,True,2025-05-29,2025-12-15,2025-12-10,2027-12,2027-12,Changes in the Breakfast Game scores; Transfer to complex executive/attention control measure (Proximal outcome).,
NCT06996730,https://clinicaltrials.gov/study/NCT06996730,"A Study of Donanemab, RG6289, or the Combination of Donanemab and RG6289 in Presenilin 1 (PSEN1) E280A Mutation Carriers for the Treatment of Autosomal-Dominant Alzheimer's Disease","A Double-Blind, Placebo-Controlled, Double-Dummy Study of Donanemab and RG6289 in PSEN1 E280A Mutation Carriers, and in Non-Randomized, Placebo-Treated Non-Carriers From the Same Kindred, to Evaluate the Efficacy and Safety of Donanemab, RG6289, or the Combination of Donanemab and RG6289, in the Treatment of Autosomal-Dominant Alzheimer's Disease",NOT_YET_RECRUITING,INTERVENTIONAL,PHASE2+PHASE3,TREATMENT,Amyloid-targeting approaches,MCI or prodromal Alzheimer’s,240,Banner Health,Donanemab; RG6289; Donanemab placebo; RG6289 placebo,Autosomal Dominant Alzheimers Disease; Early Onset Alzheimer Disease; Alzheimers Disease,Colombia,False,1,1,False,True,2025-05-30,2025-08-03,2026-01-15,2030-06-01,2030-06-01,Part 1: Change in amyloid load as measured by centiloid (CL) [F18]Florbetapir-PET as biomarker endpoint; Part 2: Maintenance of Low Levels of Brain Amyloid as Measured by centiloid (Cl) [F18]Florbetapir-PET Following Combined Intervention of Donanemab and RG6289,
NCT06999434,https://clinicaltrials.gov/study/NCT06999434,Exploring the Utility of [18F]3F4AP for Demyelination Imaging,Exploring the Utility of [18F]3F4AP for Demyelination Imaging,RECRUITING,INTERVENTIONAL,PHASE1,DIAGNOSTIC,"Diagnostics, imaging, and biomarkers",MCI or prodromal Alzheimer’s,105,Yale University,[ 18F]3F4AP; [18F]MK6240; [11C]PIB,Demyelinating Disorders; MCI; Alzheimer's Disease (AD); MS (Multiple Sclerosis); SCI - Spinal Cord Injury; Spinal Radiculopathy,United States,True,1,1,False,True,2025-05-31,2025-05-31,2025-05-05,2030-05-05,2030-05-05,Tracers volume of distribution (VT); Distribution volume ratio (DVR); Binding potential (BPND),
NCT07005895,https://clinicaltrials.gov/study/NCT07005895,Feasibility of Using the Gatorade Sports Science Institute (GSSI) Labs App for Hydration Related Outcomes,Feasibility of Using the Gatorade Sports Science Institute (GSSI) Labs App for Hydration Related Outcomes: User Engagement and Individual Variability of Transdermal Optical Imaging Features Before and After Acute Fluid Ingestion,RECRUITING,OBSERVATIONAL,NOT_APPLICABLE,,"Diagnostics, imaging, and biomarkers",Mixed or not specified,200,PepsiCo Global R&D,Hydration assessment via mobile app,Hydration,United States,True,1,1,False,True,2025-06-05,2025-06-05,2025-05-06,2025-12-30,2025-12-30,User engagement and feasibility: Subjective and self-reported markers of hydration status; User engagement and feasibility: Markers of hydration using transdermal optical imaging (TOI),
NCT07006155,https://clinicaltrials.gov/study/NCT07006155,Biograph Vision 600 Versus Biograph Vision.X PET/CT,Intra-individual Comparison of PET Scans on the Biograph Vision 600 With the New Biograph Vision.X PET/CT,RECRUITING,INTERVENTIONAL,NA,DIAGNOSTIC,"Diagnostics, imaging, and biomarkers",Mixed or not specified,40,Valentina Garibotto,Images,Cancer; Alzheimer Disease,Switzerland,False,1,1,False,True,2025-06-05,2025-06-05,2025-05-01,2026-05-30,2026-05-30,change of physician's diagnostic confidence,
NCT07012993,https://clinicaltrials.gov/study/NCT07012993,"Ultralow Dose PET Imaging of 18F-Florbetapir, 18F-Flutemetamol",Evaluation of Ultralow Dose PET Imaging for Detecting Amyloid Tracer Uptake,RECRUITING,INTERVENTIONAL,PHASE2,DIAGNOSTIC,"Diagnostics, imaging, and biomarkers",MCI or prodromal Alzheimer’s,200,Akiva Mintz,18F-Florbetapir or 18F-Flutemetamol,Alzheimer Disease; Mild Cognitive Impairment; Dementia; Healthy Volunteers,United States,True,1,1,False,True,2025-06-10,2026-04-13,2025-05-20,2030-06-30,2030-06-30,Signal-to-Noise Ratio (SNR); Contrast-to-Noise Ratio (CNR); Coefficient of Variation (COV),
NCT07022431,https://clinicaltrials.gov/study/NCT07022431,"Effects of a Cognitive-Engaging Strength Training Program on Health, Physical Condition, and Quality of Life in People With Alzheimer's Disease","Effects of a Strength Training Program With High Cognitive Engagement on Health, Physical Condition, and Quality of Life in People With Alzheimer's Disease",NOT_YET_RECRUITING,INTERVENTIONAL,NA,TREATMENT,"Care, behavior, and quality of life",MCI or prodromal Alzheimer’s,34,University of Seville,Interval strength training,Alzheimer Disease,,False,0,0,False,False,2025-06-15,2025-06-15,2025-10,2025-10,2026-07,Global cognitive performance; Clinical Assessment of Dementia; Isometric knee flexion-extension strength,
NCT07025070,https://clinicaltrials.gov/study/NCT07025070,The Link Between Physical Activity and Brain Health in Healthy Adults,The Link Between Strength and Endurance Training and Brain Health in Healthy Adults: A Comparative Study of Former Professional Athletes and Sedentary Individuals,RECRUITING,OBSERVATIONAL,NOT_APPLICABLE,,"Diagnostics, imaging, and biomarkers",Moderate or later dementia,60,Technical University of Madrid,,Alzheimer Disease; Inactivity; Preventive Therapy,Spain,False,1,1,False,True,2025-06-17,2025-06-17,2024-11-25,2026-01,2026-09,Concentration of brain-derived neurotrophic factor (BDNF) in plasma (pg/mL); Concentration of total tau protein in plasma (pg/mL); Hippocampal volume measured by high-resolution 3 T T1-weighted MRI (mm³),
NCT07031167,https://clinicaltrials.gov/study/NCT07031167,The COMFORTage Project at Ace Alzheimer Center Barcelona,The COMFORTage Project: Integration of Multiple Sources Towards Personalized Preventions at Ace Alzheimer Center Barcelona,NOT_YET_RECRUITING,INTERVENTIONAL,NA,TREATMENT,"Care, behavior, and quality of life",MCI or prodromal Alzheimer’s,100,Fundació ACE Institut Català de Neurociències Aplicades,Cognitive and functional stimulation using digital platforms,Alzheimer Disease; Mild Cognitive Impairment,Spain,False,1,1,False,True,2025-06-22,2025-06-22,2025-07-01,2028-07-01,2028-07-01,Changes in neuropsychological assessment,
NCT07031687,https://clinicaltrials.gov/study/NCT07031687,Effects and Mechanisms of Temporal Interference Brain Stimulation on Memory Function in Preclinical Alzheimer's Disease,Effects and Mechanisms of Temporal Interference Brain Stimulation on Memory Function in Preclinical Alzheimer's Disease,RECRUITING,INTERVENTIONAL,NA,TREATMENT,"Diagnostics, imaging, and biomarkers",Preclinical or elevated-risk,1200,"Xuanwu Hospital, Beijing",Active TIBS; Sham TIBS,Alzheimer Disease,China,False,1,2,False,True,2025-06-22,2025-08-15,2025-07-01,2028-12-31,2029-12-31,Change from Baseline in Functional Connectivity Strength of Hippocampal-Cortical Networks,
NCT07032350,https://clinicaltrials.gov/study/NCT07032350,E-Tailored Pain Management Support for Dementia Family Caregivers: Feasibility of the PACE-app,E-Tailored Pain Management Support for Dementia Family Caregivers,RECRUITING,INTERVENTIONAL,NA,SUPPORTIVE_CARE,"Care, behavior, and quality of life",Care partners or care systems,60,University of Iowa,Web-based pain management support tool; Usual Pain Management Care,Care Giving Burden; Dementia; Chronic Pain; Pain Management; Palliative Care,United States,True,1,1,False,True,2025-06-24,2025-06-29,2025-05-22,2026-05,2026-05,Caregiver Self-Efficacy in Pain Management,
NCT07034222,https://clinicaltrials.gov/study/NCT07034222,12-Month Real-World Safety & Efficacy of Lecanemab in Early Alzheimer's Disease,A 12-month Single-arm Real-world Study to Determine the Safety and Efficacy of Lecanemab in Patients With Early Alzheimer's Disease,ACTIVE_NOT_RECRUITING,INTERVENTIONAL,PHASE4,TREATMENT,Amyloid-targeting approaches,Preclinical or elevated-risk,80,Ruijin Hospital,"Administer Leqemi 10 mg/kg, every two weeks.",Alzheimer's Disease(AD),China,False,1,1,False,True,2025-06-24,2025-06-24,2024-02-01,2026-01-01,2026-01-01,Change in Amyloid Burden as Assessed by Aβ-PET Standardized Uptake Value Ratio (SUVR); Change in Amyloid Burden as Assessed by Centiloid Scale,
NCT07036328,https://clinicaltrials.gov/study/NCT07036328,Transcranial Magnetic Stimulation to Slow Down Cognitive Decline in Alzheimer's Disease,Transcranial Magnetic Stimulation (TMS) to Slow Down Cognitive Decline in Alzheimer's Disease (AD): TMSLA - a Monocentric Randomized Controlled Trial.,RECRUITING,INTERVENTIONAL,NA,TREATMENT,"Diagnostics, imaging, and biomarkers",Care partners or care systems,55,Willem de Haan,repetitive transcranial magnetic stimulation; sham repetitive transcranial magnetic stimulation,"Alzheimer Disease; Alzheimer Disease, Early Onset",Netherlands,False,1,1,False,True,2025-06-25,2026-05-12,2025-04-07,2028-01,2028-07,CDR - Sum of Boxes,
NCT07037550,https://clinicaltrials.gov/study/NCT07037550,Effectiveness of Strength-based Intervention for Elderly With Dementia Living in the Community,Effectiveness of Strength-based Intervention for Elders With Dementia Living in the Community and Residential Units: a Randomized Controlled Trial,ACTIVE_NOT_RECRUITING,INTERVENTIONAL,NA,TREATMENT,"Care, behavior, and quality of life",Care partners or care systems,272,The University of Hong Kong,Strength-based intervention,Dementia; Mild Cognitive Impairment; Caregiver; Dementia Alzheimer Type,Hong Kong,False,1,1,False,True,2025-06-25,2026-04-06,2024-07-01,2026-02-28,2026-06-30,A battery of cognitive assessments (CAB); The Revised Scale for Caregiving Self-Efficacy (RSCSE),
NCT07040904,https://clinicaltrials.gov/study/NCT07040904,Mindfulness to Enhance Cognitive Health in Latino Older Adults,Mindfulness to Enhance Cognitive Health in Latinx Older Adults,RECRUITING,INTERVENTIONAL,NA,BASIC_SCIENCE,"Diagnostics, imaging, and biomarkers",Mixed or not specified,60,Washington University School of Medicine,mindfulness,Mindfulness; Alzheimer's Disease Related Dementia,United States,True,1,1,False,True,2025-06-27,2026-05-11,2024-12-10,2026-07-31,2026-07-31,EEG brain markers of cognitive functioning; EEG brain markers of cognitive functioning; AXCPT behavioral performance (reaction time),
NCT07041450,https://clinicaltrials.gov/study/NCT07041450,Screening for Anti-amyloid Treatment Eligibility Using Digital Cognition and Blood-based Biomarkers,A Cohort Study on Screening for Anti-amyloid Treatment Eligibility Using Digital Cognition and Blood-based Biomarkers,RECRUITING,OBSERVATIONAL,NOT_APPLICABLE,,"Diagnostics, imaging, and biomarkers",Care partners or care systems,500,MoCA Clinic and Institute,Digital MoCA; XpressO; MoCA; Blood-based Biomarkers (BBM); Amyloid Treatment Screening Tool (ATST); MoCA Brain Health Questionnaire (MBHQ); MoCA Medical Questionnaire; Functional Activities Questionnaire+ (FAQ+),Mild Cognitive Impairment; Alzheimer Disease; Dementia,Canada,False,1,1,False,True,2025-06-27,2025-07-01,2025-03-14,2025-12-14,2026-03-14,Time to diagnosis,
NCT07042087,https://clinicaltrials.gov/study/NCT07042087,Lifestyle for the BRAin Health - Time Restricted Eating and Mindfulness,Lifestyle for the BRAin Health - Time Restricted Eating and Mindfulness,RECRUITING,INTERVENTIONAL,NA,TREATMENT,"Diagnostics, imaging, and biomarkers",Subjective cognitive concerns,48,"St. Anne's University Hospital Brno, Czech Republic",Mindfulness Yoga; Time-Restricted Eating with nutritional counseling promoting a flexitarian dietary pattern; Cognitive Training; Stretching,Alzheimer Disease; Aging; Lifestyle Factors; Cognitive Impairment; Yoga; Time Restricted Eating; Diet Modification,Czechia,False,1,1,False,True,2025-06-27,2025-06-27,2024-11-01,2026-12,2026-12,Composite Score of Cognitive Function; Plasma Biomarkers of Neurodegeneration,
NCT07047963,https://clinicaltrials.gov/study/NCT07047963,Neuropsychological Evaluation in Intellectual Disability (ENDI),Neuropsychological Evaluation in Intellectual Disability,NOT_YET_RECRUITING,OBSERVATIONAL,NOT_APPLICABLE,,"Diagnostics, imaging, and biomarkers",Preclinical or elevated-risk,40,"Central Hospital, Nancy, France",ENDI (Neuropsychological Evaluation in Intellectual Disability),"Down Syndrome (Trisomy 21); Neuropsychology; Cognitive Aging; Alzheimer Disease; Alzheimer Disease, Early Onset",France,False,1,1,False,True,2025-07-02,2025-07-02,2025-07-01,2026-08-31,2026-11-01,Acceptability of individual subtests and the complete test battery; Acceptability of individual subtests and the complete test battery; Acceptability of individual subtests and the complete test battery,
NCT07049341,https://clinicaltrials.gov/study/NCT07049341,Pilot Trial Evaluating Patient Experience With the MemorEM for Patients With Neurological Diseases,Pilot Trial Evaluating Patient Experience With the MemorEM for Patients With Neurological Diseases,ENROLLING_BY_INVITATION,INTERVENTIONAL,NA,OTHER,"Care, behavior, and quality of life",Care partners or care systems,100,"NeuroEM Therapeutics, Inc.",MemorEM,Alzheimer&#39;s Disease; Fronto-temporal Dementia; Parkinson Disease (PD); Cortico Basal Degeneration; Posterior Cortical Atrophy (PCA); Neurological Diseases or Conditions,United States,True,1,1,False,True,2025-07-03,2025-08-05,2025-07-31,2028-06,2028-06,Patient and caregiver reports on device design and use,
NCT07051239,https://clinicaltrials.gov/study/NCT07051239,Sleep Stimulation to Enhance Waste Clearance in the Brain,Enhancing Waste Clearance Through Sleep Stimulation,NOT_YET_RECRUITING,INTERVENTIONAL,NA,BASIC_SCIENCE,"Diagnostics, imaging, and biomarkers",Subjective cognitive concerns,105,Erasme University Hospital,Closed-loop acoustic stimulation,Healthy; Subjective Cognitive Decline (SCD); Mild Cognitive Impairment (MCI); Alzheimer Disease (AD),Belgium,False,1,1,False,True,2025-07-04,2025-07-09,2025-09,2028-09,2028-09,Plasma biomarkers,
NCT07058129,https://clinicaltrials.gov/study/NCT07058129,Deep Cervical Lymphatic Venous Anastomosis in the Treatment of Alzheimer's Disease (CLEAN-AD Registry),"Deep Cervical Lymphatic Venous Anastomosis in Treatment of Alzheimer's Disease: A Multicenter, Prospective, Registry (CLEAN-AD Registry)",NOT_YET_RECRUITING,OBSERVATIONAL,NOT_APPLICABLE,,"Care, behavior, and quality of life",Care partners or care systems,814,Beijing Tiantan Hospital,Deep cervical lymphatic venous anastomosis,Alzheimers Disease,China,False,1,1,False,True,2025-07-10,2025-07-10,2025-07-30,2028-07-30,2029-07-30,The change of Clinical Dementia Rating-Sum of Boxes score at 12th months after surgery; The incidence of perioperative complications within 7 days after surgery,
NCT07058688,https://clinicaltrials.gov/study/NCT07058688,A Study of NTRX-07 in Participants With Alzheimer's Disease,"A Multicenter, Randomized, Double-masked, Placebo-controlled Study to Evaluate the Safety, Tolerability, Pharmacokinetics and Pharmacodynamics of NTRX-07 in Subjects With Mild Cognitive Impairment or Mild to Moderate Alzheimer's Disease",RECRUITING,INTERVENTIONAL,PHASE2,TREATMENT,"Care, behavior, and quality of life",Care partners or care systems,48,"NeuroTherapia, Inc.",NTRX-07; Placebo,Alzheimer Disease; Mild Cognitive Impairment,Czechia; Hungary; Poland,False,3,6,True,True,2025-07-10,2025-07-10,2025-03-01,2025-12-31,2026-06-30,Adverse event incidence in NTRX-07 treated participants,
NCT07059871,https://clinicaltrials.gov/study/NCT07059871,A Study of Silkworm Pupa Powder Intervention in the Nutritional Status of Patients With Alzheimer's Disease.,"A Prospective, Double-blind, Randomized Controlled Clinical Study of Silkworm Pupa Powder Intervention in the Nutritional Status of Patients With Alzheimer's Disease",RECRUITING,INTERVENTIONAL,NA,TREATMENT,"Care, behavior, and quality of life",Care partners or care systems,200,Zhejiang Hospital,Silkworm pupa powder; Placebo,AD - Alzheimer&#39;s Disease; Sarcopenia; Asthenia,China,False,1,1,False,True,2025-07-11,2026-01-02,2025-11-23,2026-12-30,2026-12-30,Hemoglobin; Albumin; Serum prealbumin,
NCT07060391,https://clinicaltrials.gov/study/NCT07060391,A Prospective Multicenter RCT Study of Deep Jugular Lymphovenous Anastomosis in the Treatment of Alzheimer's Disease,A Prospective Multicenter RCT Study of Deep Jugular Lymphovenous Anastomosis in the Treatment of Alzheimer's Disease,NOT_YET_RECRUITING,INTERVENTIONAL,PHASE3,TREATMENT,"Diagnostics, imaging, and biomarkers",Moderate or later dementia,186,Shanghai Jiao Tong University School of Medicine,Deep cervical lymphatic-venous anastomosis; Donepezil drug treatment,Alzheimer's Disease,,False,0,0,False,False,2025-07-11,2025-07-11,2025-07-31,2027-01-31,2027-01-31,ADAS-cog score,
NCT07062198,https://clinicaltrials.gov/study/NCT07062198,Combined Metabolic Activator Supplementation in Subjects Diagnosed With Alzheimer's Disease,"A Phase 3, Randomised, Double-blinded, Placebo-controlled Study to Evaluate the Efficacy, Tolerability, and Safety of Combined Metabolic Activator Supplementation in Subjects Diagnosed With Alzheimer's Disease",RECRUITING,INTERVENTIONAL,PHASE3,SUPPORTIVE_CARE,"Diagnostics, imaging, and biomarkers",Moderate or later dementia,845,ScandiBio Therapeutics AB,Combined metabolic activators; Collagen and maltodextrin,Alzheimer Disease,Turkey (Türkiye),False,1,8,False,True,2025-07-14,2026-02-06,2025-09-12,2026-09,2026-09,Change in Alzheimer's Disease Assessment Scale-cognitive subscale (ADAS-Cog) score from baseline to end-of-treatment,
NCT07064226,https://clinicaltrials.gov/study/NCT07064226,Validation of a Digital Intervention to Rehabilitate Cognitive Resources,Transcultural and Multidimensional Validation of dIgital Rehabilitation Intervention of COgnitive Resources Domain-Oriented - Work Package 4,RECRUITING,INTERVENTIONAL,NA,TREATMENT,"Diagnostics, imaging, and biomarkers",Care partners or care systems,102,Fondazione Don Carlo Gnocchi ETS,RICORDO; Treatment as Usual (TAU),Mild Cognitive Impairment (MCI); Subjective Memory Complaint; Dementia Alzheimer Type,Italy,False,1,1,False,True,2025-07-14,2026-02-13,2025-10-06,2027-08-31,2027-09-30,Change in global cognitive functioning and subdomains measured by Montreal Cognitive Assessment MoCA; Change in Activation level of Patients measured by Patient Activation Measure 13 (PAM13),
NCT07064382,https://clinicaltrials.gov/study/NCT07064382,"VR-based Multi-dimensional Intervention on Cognitive Function, With AI-agents",VR-based Multi-dimensional Intervention on Cognitive Function and Well-beings,NOT_YET_RECRUITING,INTERVENTIONAL,NA,TREATMENT,Lifestyle and multidomain,Mixed or not specified,60,Hong Kong University of Science and Technology,VR-based multi-dimensional intervention,Dementia; Sleepiness; Mental Health; Alzheimer Disease,,False,0,0,False,False,2025-07-14,2025-07-14,2025-07-15,2028-06-15,2028-06-15,Spatial cognition; Spatial cognition; Spatial cognition,
NCT07066137,https://clinicaltrials.gov/study/NCT07066137,Motor Learning in Health and Movement Disorders: Role of Physical Activity and Advanced Devices,"Motor Planning, Execution, and Modulation in Healthy Individuals and Patients With Movement Disorders or Neuromuscular Diseases Using Traditional Physical Activity or Advanced Devices to Enhance Motor Learning and Sensorimotor Processing",ACTIVE_NOT_RECRUITING,INTERVENTIONAL,NA,TREATMENT,"Care, behavior, and quality of life",Moderate or later dementia,150,IRCCS Centro Neurolesi Bonino Pulejo,CAREN; Control group,Healthy Individuals (Controls); Parkinson Disease; Multiple Sclerosis; Alzheimer Disease; Dementia; Stroke,Italy,False,1,1,False,True,2025-07-15,2025-07-15,2024-05-05,2026-05-05,2026-12-31,Amplitude of Motor-Related Event-Related Potentials (ERPs) During Gesture Execution Assessed by EEG.,
NCT07066826,https://clinicaltrials.gov/study/NCT07066826,Clinical Study to Evaluate the Efficacy and Safety of Huperzine A Controlled-Release Tablets in Patients With Mild-to-Moderate Dementia of the Alzheimer's Type,"A Multicenter, Randomized, Double-Blind, Double-Dummy, Placebo- and Active-Controlled, Parallel-Group Phase II/III Clinical Study to Evaluate the Efficacy and Safety of Huperzine A Controlled-Release Tablets in Patients With Mild-to-Moderate Dementia of the Alzheimer's Type",NOT_YET_RECRUITING,INTERVENTIONAL,PHASE2+PHASE3,TREATMENT,Other interventional treatment research,Care partners or care systems,720,"Wanbangde Pharmaceutical Group Co., LTD",Huperzine A Controlled-Release Tablets; Donepezil hydrochloride tablets; Huperzine A controlled-release tablets placebo; Donepezil hydrochloride tablets placebo,Alzheimer Dementia,,False,0,0,False,False,2025-07-15,2025-07-15,2025-08-01,2028-08-15,2028-08-15,ADAS-Cog11; ADCS-ADL,
NCT07071649,https://clinicaltrials.gov/study/NCT07071649,"Evaluation of a Plasma Marker (p-Tau217) for the Biological Diagnosis of Alzheimer's Disease, and Comparison With CSF Markers","Evaluation of a Plasma Marker (p-Tau217) for the Biological Diagnosis of Alzheimer's Disease, and Comparison With CSF Markers",RECRUITING,INTERVENTIONAL,NA,DIAGNOSTIC,"Diagnostics, imaging, and biomarkers",Mixed or not specified,40,"Centre Hospitalier Universitaire, Amiens",blood withdrawal,Alzheimer's Disease; Biomarkers; Non-invasive Diagnosis; Phosphorylated Protein p-tau217,France,False,1,1,False,True,2025-07-17,2026-01-16,2025-11-20,2027-02,2027-02,plasma p-Tau217 concentration,
NCT07073066,https://clinicaltrials.gov/study/NCT07073066,Deep Cervical Lymphatic Venous Anastomosis in the Treatment of Alzheimer's Disease (CLEAN-AD),"Deep Cervical Lymphatic Venous Anastomosis in the Treatment of Alzheimer's Disease: A Multicenter, Prospective, Open-label, Blinded-Endpoint, Randomized Controlled Trial (CLEAN-AD)",RECRUITING,INTERVENTIONAL,NA,TREATMENT,"Diagnostics, imaging, and biomarkers",Care partners or care systems,376,Beijing Tiantan Hospital,DC-LVA treatment plus usual care; Usual care,Alzheimers Disease,China,False,1,9,False,True,2025-07-18,2026-05-12,2026-03-13,2028-11-30,2029-11-30,The change of Clinical Dementia Rating-Sum of Boxes score at 12th months after randomization,
NCT07075770,https://clinicaltrials.gov/study/NCT07075770,Novel Personalized Non Invasive Combined Magnetic and Electrical Stimulation of the DMN in Mild AD Patients,Novel Personalized Non Invasive Combined Magnetic and Electrical Stimulation of the Default Mode Network in Mild AD Patients (CMES-AD),RECRUITING,INTERVENTIONAL,NA,TREATMENT,"Diagnostics, imaging, and biomarkers",Care partners or care systems,60,I.R.C.C.S. Fondazione Santa Lucia,Combined iTBS-tACS; iTBS-sham tACS; sham iTBS- sham tACS,Alzheimer Disease,Italy,False,1,2,False,True,2025-07-20,2026-01-13,2025-01-01,2027-06-30,2027-08-31,integrated Alzheimer Disease Rating Scale (iADRS),
NCT07075952,https://clinicaltrials.gov/study/NCT07075952,Training App for Inhibitory Control Towards Food,Testing FoodTraining (FoodT): A Mobile App to Train Inhibitory Control Towards Food and Augment Standard Treatment for People With Eating and Weight Disorders,RECRUITING,INTERVENTIONAL,NA,TREATMENT,"Care, behavior, and quality of life",Mixed or not specified,113,University of Padova,Food-specific inhibitory control training delivered through the FoodTraining App; Waiting list,Obesity &Amp; Overweight; Bulimia Nervosa; Binge-Eating Disorder,Italy,False,1,1,False,True,2025-07-20,2025-12-30,2025-10-01,2026-03,2027-03,Between-group differences (experimental vs. control group) in changes in tendency to eat in response to emotional eating; Between-group differences (experimental vs. control group) in changes in uncontrolled eating behaviours,
NCT07083089,https://clinicaltrials.gov/study/NCT07083089,"Early Stage of Alzheimer's and Parkinson's Diseases, HearIng Relevance (SAPHIR)",Phenotyping of Audition in Patients With Early Stage of Neurodegenerative Disorders (Alzheimer and Parkinson' Diseases),RECRUITING,INTERVENTIONAL,NA,SCREENING,"Diagnostics, imaging, and biomarkers",MCI or prodromal Alzheimer’s,309,Cilcare SAS,Thorough Hearing assessment,Mild Cognitive Impairment (MCI) Amnestic; Parkinson Disease (PD); Healthy Participants,France,False,1,4,False,True,2025-07-24,2025-12-09,2025-03-24,2026-12,2026-12,Prevalence of hidden hearing loss,
NCT07086261,https://clinicaltrials.gov/study/NCT07086261,Using SRT to Improve The Drinking Problem Behavior of Elderly People With Dementia During The Care of Day Care,"The Effectiveness of Using Spaced Retrieval Training to Improve The Drinking Problem Behavior of Elderly People With Dementia During The Care of Day Care Centers in Taoyuan, Taiwan",ACTIVE_NOT_RECRUITING,INTERVENTIONAL,NA,HEALTH_SERVICES_RESEARCH,"Care, behavior, and quality of life",Care partners or care systems,70,National Taipei University of Nursing and Health Sciences,Spaced Retrieval Training,Alzheimer&#39;s Disease (AD),Taiwan,False,1,1,False,True,2025-07-25,2025-08-28,2025-08-06,2025-11-01,2025-11-30,Cognitive function (CASI); Daily water intake and Drinking Problem Behavior; Distress of caregivers in day care centers,
NCT07087951,https://clinicaltrials.gov/study/NCT07087951,Efficacy of Gamma Auditory Stimulation for Cognitive Decline in Older Adults (Study 1),"Development and Validation of an Innovative Gamma Auditory Stimulation System for Older Adults With Cognitive Decline: A Randomized, Double-blind, Placebo-controlled Study (Study 1)",NOT_YET_RECRUITING,INTERVENTIONAL,NA,TREATMENT,"Care, behavior, and quality of life",MCI or prodromal Alzheimer’s,70,Chang Gung Memorial Hospital,Gamma auditory stimulation device (active setting); Gamma auditory stimulation device (sham setting),EEG Brain Oscillations; Alzheimer's Disease (AD) and Related Disorders; Cognitive Dysfunction,Taiwan,False,1,1,False,True,2025-07-28,2025-08-14,2025-09-01,2028-09-01,2028-09-01,Changes in neurophysiological function.,
NCT07089303,https://clinicaltrials.gov/study/NCT07089303,Alzheimer's Disease Multinuclear Imaging Neuro-Enhanced Resolution (AD-MINER),Ultra-high Field Multimodal and Multinuclear Neuroimaging Cohort Study of Alzheimer's Disease,RECRUITING,OBSERVATIONAL,NOT_APPLICABLE,,"Diagnostics, imaging, and biomarkers",MCI or prodromal Alzheimer’s,750,Chinese PLA General Hospital,,Alzheimer Disease; Mild Cognitive Impairment Due to Alzheimer&#39;s Disease,China,False,1,1,False,True,2025-07-28,2025-08-14,2025-07-01,2029-07,2029-08,"Change from Baseline in Regional Brain Sodium Concentration (mmol/L) Measured by 7 T ²³Na-MRI; Change from Baseline in Resting-State Fractional Amplitude of Low-Frequency Fluctuations（fALFF, unitless) Measured by 7 T fMRI; Change from Baseline in Mean Apparent Diffusion Coefficient (ADC) (×10-³ mm²/s) Derived from Dynamic Diffusion-Weighted Imaging (DynDWI)",
NCT07091747,https://clinicaltrials.gov/study/NCT07091747,Use of a Product Containing the Cannabinoids CBD and THC as a Treatment Strategy for Alzheimer's Disease - Alzheimer's Disease and Cannabis Clinical Trial (DAZACANN) Open-Label Phase,Use of a Product Containing the Cannabinoids CBD and THC as a Treatment Strategy for Alzheimer's Disease - Alzheimer's Disease and Cannabis Clinical Trial (DAZACANN) Open-Label Phase,ACTIVE_NOT_RECRUITING,INTERVENTIONAL,PHASE1+PHASE2,TREATMENT,"Care, behavior, and quality of life",Mixed or not specified,61,Federal University of Latin American Integration,Cannabis 50 mg of CBD and 5 mg of THC,Alzheimer Disease (AD),Brazil,False,1,1,False,True,2025-07-29,2025-08-12,2025-04-07,2025-12-12,2025-12-12,Mini Mental State Examination,
NCT07093684,https://clinicaltrials.gov/study/NCT07093684,Dementia and Kidney Disease: Epidemiological Approaches to Risk Factors and Treatment Strategies,Dementia and Kidney Disease: Epidemiological Approaches to Risk Factors and Treatment Strategies,ACTIVE_NOT_RECRUITING,OBSERVATIONAL,NOT_APPLICABLE,,"Care, behavior, and quality of life",Moderate or later dementia,200000,Karolinska Institutet,Kidney disease,Chronic Kidney Disease; Acute Kidney Injuries; Real World Study; Dementia; Cholinergic System; Cognitive Decline; Alzheimer Dementia (AD); Cholinesterase Inhibitors,Sweden,False,1,1,False,True,2025-07-30,2025-08-03,2007-01-01,2026-12-31,2026-12-31,Mini Mental Status Examination,
NCT07093892,https://clinicaltrials.gov/study/NCT07093892,Cohort Study on Cognitive Decline in Elderly,Cohort Study on Cognitive Decline in Elderly,NOT_YET_RECRUITING,OBSERVATIONAL,NOT_APPLICABLE,,"Care, behavior, and quality of life",Preclinical or elevated-risk,1000,Peking University Third Hospital,,Alzheimer's Disease，Mild Cognitive Impairment,,False,0,0,False,False,2025-07-30,2025-07-30,2025-07,2028-07,2028-12,The change of MMSE; The change of MoCA,
NCT07094438,https://clinicaltrials.gov/study/NCT07094438,Study Safety and Efficacy of Deep Brain Stimulation (DBS) and Cervical Deep Lymphoid-venous Anastomosis (LVA) in Alzheimer's Disease,Study Safety and Efficacy of Deep Brain Stimulation (DBS) and Cervical Deep Lymphoid-venous Anastomosis (LVA) in Patients With Severe Alzheimer's Disease,RECRUITING,INTERVENTIONAL,PHASE1,TREATMENT,Devices and brain stimulation,Moderate or later dementia,98,Chinese PLA General Hospital,"Deep Brain Stimulation, DBS; Deep cervical lymphatic-venous anastomosis, LVA; Recognized pharmacological treatments for AD.",Alzheimer Disease,China,False,1,1,False,True,2025-07-30,2025-07-30,2025-01-01,2026-06,2027-07,The Alzheimer's Disease Assessment Scale cognitive subscale (ADAS-Cog); Mini-Mental State Examination (MMSE) score; Clinical Dementia Rating(CDR) score,
NCT07100470,https://clinicaltrials.gov/study/NCT07100470,Metabolic Characterization of Alzheimer's Disease and Frontotemporal Dementia by 23Na-MRI and FDG-PET,Metabolic Characterization of Alzheimer's Disease and Frontotemporal Dementia by 23Na-MRI and FDG-PET,NOT_YET_RECRUITING,INTERVENTIONAL,NA,DIAGNOSTIC,"Diagnostics, imaging, and biomarkers",Moderate or later dementia,55,Centre Hospitalier St Anne,Sodium MRI,FTD; AD; Healthy Controls,,False,0,0,False,False,2025-08-03,2025-08-03,2025-10-01,2028-10-01,2029-03-01,Tissue sodium concentration; Glucose metabolism,
NCT07105709,https://clinicaltrials.gov/study/NCT07105709,Open-label Extension Study in Participants With Early Alzheimer's Disease,"A Multi-Centre, Single Arm, Open-Label Extension Study to Evaluate the Long-term Safety and Efficacy of GSK4527226 (AL101) in Participants With Early Alzheimer's Disease",RECRUITING,INTERVENTIONAL,PHASE2,TREATMENT,Other interventional treatment research,MCI or prodromal Alzheimer’s,220,GlaxoSmithKline,GSK4527226,Alzheimer's Disease,Argentina; Australia; Canada; Finland; Norway; South Korea; Spain; Sweden; Taiwan; United Kingdom; United States,True,11,33,True,True,2025-08-06,2026-02-02,2025-08-14,2028-09-15,2028-12-08,Number of Participants with Treatment Emergent Adverse Events (AEs) during the OLE; Number of Participants with Adverse Event of Special Interest (AESIs) during the OLE; Number of Participants with Serious Adverse Events (SAEs) during the OLE,
NCT07105956,https://clinicaltrials.gov/study/NCT07105956,Radiolabeled TSPO Targeted Molecular Probe in Alzheimer's Disease.,Clinical Application of a Novel Radiolabeled Translocator Protein (TSPO) Targeted Small Molecular Probe in Neuroinflammation Imaging of Alzheimer's Disease.,NOT_YET_RECRUITING,OBSERVATIONAL,NOT_APPLICABLE,,"Diagnostics, imaging, and biomarkers",Moderate or later dementia,8,"Nanjing First Hospital, Nanjing Medical University",,Alzheimer&#39;s Disease (AD),China,False,1,1,False,True,2025-08-06,2025-08-06,2025-09-01,2026-08-31,2026-08-31,SUVmax of lesion uptake value,
NCT07107074,https://clinicaltrials.gov/study/NCT07107074,Effects of a Widely Used Vaccine Adjuvant in Subjects With Early Alzheimer's Disease Double-blind Study to Assess the Safety and Efficacy of AD04 in Patients With Early Alzheimer's Disease - ADVANCE,"A Phase 2b, Multicenter, Randomized, Placebocontrolled, Double-blind Study to Assess the Safety and Efficacy of AD04 in Patients With Early Alzheimer's Disease - ADVANCE",ACTIVE_NOT_RECRUITING,INTERVENTIONAL,PHASE2,TREATMENT,Other interventional treatment research,Care partners or care systems,122,ADvantage Therapeutics,AD04; Placebo,"Alzheimer Disease, Early Onset",Austria; Poland,False,2,3,True,True,2025-08-06,2025-08-06,2023-11-08,2026-12,2027-07,"Composite score assessing cognition (aADAS-cog), daily function Activities of Daily Living (aADCS-ADL) and a global dementia severity score (CDR-sb) over 6 months measured in overall time saved with treatment",
NCT07109999,https://clinicaltrials.gov/study/NCT07109999,Biomarker-based Alzheimer's Disease Cohort Study (BASIC),Biomarker-based Alzheimer's Disease Cohort Study (BASIC),RECRUITING,OBSERVATIONAL,NOT_APPLICABLE,,"Diagnostics, imaging, and biomarkers",MCI or prodromal Alzheimer’s,2835,"Xuanwu Hospital, Beijing",None-placebo,Alzheimer Disease,China,False,1,1,False,True,2025-08-07,2025-08-07,2019-01-01,2050-12-31,2050-12-31,The event of conversion from mild cognitive impairment to dementia within three years.,
NCT07114224,https://clinicaltrials.gov/study/NCT07114224,Aβ PET and Tau PET Imaging in the Diagnosis and Progression Assessment of Alzheimer's Disease,Aβ PET and Tau PET Imaging in the Diagnosis and Progression Assessment of Alzheimer's Disease,NOT_YET_RECRUITING,INTERVENTIONAL,NA,DIAGNOSTIC,Tau-targeting approaches,MCI or prodromal Alzheimer’s,70,Xijing Hospital,AV45/AV-1、AV1451 PET,"Alzheimer Disease (AD); Cognitive Dysfunction, Cognitive Disorder; PET Imaging",,False,0,0,False,False,2025-08-11,2025-08-11,2025-08-15,2027-06-01,2027-06-01,SUVmean; VOI,
NCT07115238,https://clinicaltrials.gov/study/NCT07115238,"Analysis of 18F-XTR006 PET Imaging in Cognitively Normal Subjects, and Patients With MCI and AD","A Phase 3, Multicenter Study to Evaluate the Efficacy and Safety of PET Visual Assessment Using XTR006 Injection for Detection of Brain Neurofibrillary Tangles (NFTs) in Elderly Subjects",RECRUITING,INTERVENTIONAL,PHASE3,DIAGNOSTIC,"Diagnostics, imaging, and biomarkers",MCI or prodromal Alzheimer’s,354,Sinotau Pharmaceutical Group,XTR006,Alzheimer Disease; Neurofibrillary Tangle,China,False,1,1,False,True,2025-08-11,2025-08-11,2024-11-20,2025-12-31,2026-06-30,Evaluate the effectiveness of visual reading of XTR006 PET imaging in detecting tau NFTs (neurofibrillary tangles),
NCT07115251,https://clinicaltrials.gov/study/NCT07115251,Plans4Care: Personalized Dementia Care on Demand,Plans4Care: Personalized Dementia Care on Demand,NOT_YET_RECRUITING,INTERVENTIONAL,PHASE2,TREATMENT,"Care, behavior, and quality of life",Care partners or care systems,160,Plans4Care Inc,Plans4Care,Dementia; Dementia Alzheimer Type; Alzheimer Dementia (AD); Memory Loss,,False,0,0,False,False,2025-08-11,2025-08-11,2025-08-30,2027-08-30,2027-09-30,Caregiver well-being,
NCT07116473,https://clinicaltrials.gov/study/NCT07116473,To Evaluate the Long-term Safety and Tolerability of Acoramidis in Participants With Newly Diagnosed ATTR-CM (ACT-EARLY OLE),"A Phase 3, Open-Label, Multicenter, Extension Study of Acoramidis in Patients With Newly Diagnosed Variant Transthyretin Amyloid Cardiomyopathy (ACT-EARLY OLE)",NOT_YET_RECRUITING,INTERVENTIONAL,PHASE3,TREATMENT,Amyloid-targeting approaches,Mixed or not specified,250,"Eidos Therapeutics, a BridgeBio company",Acoramidis (AG10),"Amyloidosis in Transthyretin (TTR); Amyloidosis, Familial; Amyloid Cardiomyopathy; Amyloid Cardiomyopathy, Transthyretin-Related; Amyloidogenic Transthyretin (ATTR) Amyloidosis; Heart Disease; Cardiomyopathies; Amyloidosis, Hereditary, Transthyretin-Related; Polyneuropathies; Amyloidosis",,False,0,0,False,False,2025-08-11,2025-08-11,2025-11,2037-11,2037-12,To evaluate the long-term safety and tolerability of acoramidis in participants with newly diagnosed ATTR-CM,
NCT07118137,https://clinicaltrials.gov/study/NCT07118137,Memory Deterioration in Alzheimer Disease,Translational Neuroscience CAG for Alzheimer's Disease,RECRUITING,OBSERVATIONAL,NOT_APPLICABLE,,"Diagnostics, imaging, and biomarkers",MCI or prodromal Alzheimer’s,30,Norwegian University of Science and Technology,7T MRI; EEG; Blood samples; Stool samples; Neuropsychologic test (MoCA),Alzheimer Disease; Neurodegenerative Diseases; Magnetic Resonance Imaging; Memory Impairment,Norway,False,1,1,False,True,2025-08-12,2025-08-12,2023-10-15,2027-12-31,2027-12-31,"Understand which individual differences are observed among patients with Alzheimer's disease (AD).; Compare changes in the brain, blood, and stool samples between dementia patients and healthy controls.",
NCT07120347,https://clinicaltrials.gov/study/NCT07120347,Remote Sensing for ADRD-Specific Activities Identification in Older Adults,Remote Sensing for ADRD-Specific Activities Identification in Older Adults,RECRUITING,INTERVENTIONAL,NA,SUPPORTIVE_CARE,"Care, behavior, and quality of life",Care partners or care systems,16,University of Missouri-Columbia,Remote Ambient Sensor System,Alzheimer Disease and Related Dementias (ADRD); Mild Cognitive Impairment (MCI),United States,True,1,1,False,True,2025-08-13,2025-08-13,2024-08-01,2026-07-31,2027-07-31,Classification accuracy of ambient sensor-based daily activity models; F1 score of ambient sensor-based daily activity models; Area under the ROC curve of ambient sensor-based daily activity models,
NCT07122856,https://clinicaltrials.gov/study/NCT07122856,Predictive Factors for Initial MMSE Score and Rapid Decline in Alzheimer's Disease Patients,Predictive Factors for Initial MMSE Score and Rapid Decline in Alzheimer's Disease Patients,NOT_YET_RECRUITING,OBSERVATIONAL,NOT_APPLICABLE,,"Care, behavior, and quality of life",Care partners or care systems,100,Centre Hospitalier de Gonesse,,Alzheimer Disease; Mini-Mental State Examination; Cognitive Dysfunction; Neuropsychological Tests; Caregivers,France,False,1,1,False,True,2025-08-14,2025-08-14,2025-09-15,2026-03-15,2026-03-15,Change in MMSE Score Over 12 Months - measured as either a decrease of ≥3 points on the Mini-Mental State Examination [MeSH] or patient institutionalization within 12 months.,
NCT07127133,https://clinicaltrials.gov/study/NCT07127133,An Insole and Ankle Device for Monitoring Cognitive Decline in Individuals at Risk for Alzheimer's Disease and/or Alzheimer's Disease Related Dementias (AD/ADRD),A Gait and Path Tortuosity System for Monitoring Cognitive Decline in Individuals at Risk for Alzheimer's Disease and/or Alzheimer's Disease Related Dementias (AD/ADRD),NOT_YET_RECRUITING,INTERVENTIONAL,NA,DIAGNOSTIC,"Diagnostics, imaging, and biomarkers",Preclinical or elevated-risk,150,HealthPartners Institute,Insole and ankle device,Mild Cognitive Impairment (MCI); Dementia,United States,True,1,1,False,True,2025-08-17,2026-03-24,2026-08-01,2027-08-31,2027-08-31,In Lab Testing Primary Outcome: Mean absolute error of gait speed from the Short Physical Performance Battery and Timed Up and Go; In-Community Testing Primary Outcome: balanced accuracy of model developed using gait data,
NCT07127510,https://clinicaltrials.gov/study/NCT07127510,Brain NAD in Alzheimer's Disease,Measurement of Brain NAD Levels in Alzheimer's Patients and Control Subjects by 1H-MRS,RECRUITING,OBSERVATIONAL,NOT_APPLICABLE,,"Diagnostics, imaging, and biomarkers",Moderate or later dementia,20,Florida Atlantic University,,Alzheimer Disease (AD),United States,True,1,1,False,True,2025-08-17,2026-03-24,2026-03-18,2027-04-01,2027-06-01,Brain NAD,
NCT07130565,https://clinicaltrials.gov/study/NCT07130565,Pan-Amyloid PET/CT in Various Amyloid-Related Disease,Pan-Amyloid PET/CT in Various Amyloid-Related Disease,RECRUITING,OBSERVATIONAL,NOT_APPLICABLE,,"Diagnostics, imaging, and biomarkers",Mixed or not specified,500,Tianjin Medical University,"18F-92/AV45/TPZA/FT8, 11CPIB",Amyloid; Cardiac Amyloidosis; Amyloidosis,China,False,1,2,False,True,2025-08-19,2025-08-19,2023-11-01,2028-11-01,2028-11-01,Standardized uptake value (SUV),
NCT07135245,https://clinicaltrials.gov/study/NCT07135245,Improved Treatment and Monitoring of Alzheimer's Disease,Improved Treatment and Monitoring of Alzheimer's Disease - a Randomized Controlled Clinical Trial,NOT_YET_RECRUITING,INTERVENTIONAL,PHASE2,TREATMENT,"Diagnostics, imaging, and biomarkers",MCI or prodromal Alzheimer’s,180,Rune Skovgaard Rasmussen,Semaglutide (Rybelsus®) combined with other interventions; Placebo; Semaglutide (Rybelsus®),Alzheimer Disease (AD),,False,0,0,False,False,2025-08-22,2025-08-22,2026-01-01,2030-09-30,2031-09-30,The Montreal Cognitive Assessment,
NCT07140601,https://clinicaltrials.gov/study/NCT07140601,Environmental Pollutants and Neurological Disorders,Environmental Pollutants and Neurological Disorders: Clinical and Mechanistic Study,RECRUITING,OBSERVATIONAL,NOT_APPLICABLE,,"Diagnostics, imaging, and biomarkers",Mixed or not specified,500,Beijing Tiantan Hospital,,Cerebrovascular Disorders; Brain Tumours; Alzheimer Dementia,China,False,1,1,False,True,2025-08-24,2025-08-24,2025-08-01,2025-12-31,2027-08-01,Overall Survival (OS),
NCT07142278,https://clinicaltrials.gov/study/NCT07142278,DUVAX: A Phase 1 Alzheimer's Vaccine Study Targeting Amyloid-Beta and Tau,"A Phase 1 Study of the Safety and Tolerability of DUVAX, a Dual-Target Alzheimer's Vaccine (Amyloid-Beta and Tau), in Healthy Volunteers",NOT_YET_RECRUITING,INTERVENTIONAL,PHASE1,PREVENTION,Neuroinflammation and immune biology,Preclinical or elevated-risk,24,"Nuravax, Inc.",DUVAX 200 µg; DUVAX 400 µg; Placebo (Adjuvant only),Alzheimer Disease; Alzheimer Disease (AD); Preclinical Alzheimer&#39;s Disease,United States,True,1,1,False,True,2025-08-26,2025-10-22,2025-11-01,2027-04-01,2027-07-31,"Participants with Treatment-Emergent Adverse Events (TEAEs), including Adverse Events of Special Interest (AESI)",
NCT07143331,https://clinicaltrials.gov/study/NCT07143331,A Phase 1 Study to Assess the Safety and Effects of Single and Multiple Doses of KS101 in Healthy Volunteers,"A Phase 1 Study to Assess the Safety, Tolerability, and Pharmacokinetic Profile of Single and Multiple Ascending Doses of KS101 in Healthy Volunteers, Including a Pilot Food Effect Evaluation",NOT_YET_RECRUITING,INTERVENTIONAL,PHASE1,TREATMENT,Other interventional treatment research,Preclinical or elevated-risk,84,Klotho Sciences Australia Pty Ltd.,Part 1 KS101; Part 1 Placebo; Part 2 with Food; Part 2 without food; Part 3 KS101,Healthy Participants; Alzheimer Disease; Chronic Kidney Disease,Australia,False,1,1,False,True,2025-08-27,2025-08-27,2025-08-30,2026-04-01,2026-08-06,"To assess the safety and tolerability of single and multiple ascending oral doses of KS101 in healthy adult volunteers.; Evaluation of the safety and tolerability of a single oral dose of KS101 taken after a high-fat meal, assessed by changes observed during the physical examination.; Evaluation of the safety and tolerability of a single oral dose of KS101 taken after a high-fat meal, assessed by changes in haematology parameters.",
NCT07143734,https://clinicaltrials.gov/study/NCT07143734,Transcranial Pulse Stimulation for Alzheimer's Disease,A Pilot Randomized Placebo-Controlled Trial of Transcranial Pulse Stimulation (TPS) in Early Alzheimer's Disease (AD) Subjects,RECRUITING,INTERVENTIONAL,PHASE2,TREATMENT,"Diagnostics, imaging, and biomarkers",Care partners or care systems,40,Chinese University of Hong Kong,transcranial pulse stimulation (TPS); transcranial pulse stimulation (TPS-Sham),Alzheimer Dementia (AD),Hong Kong,False,1,1,False,True,2025-08-27,2025-09-16,2025-07-21,2026-04,2026-06,Change in Alzheimer's Disease Assessment Scale-Cognitive Subscale score.,
NCT07146412,https://clinicaltrials.gov/study/NCT07146412,Impact of a Multimodal Lifestyle Intervention on Dementia Risk Factors and Attitude Related to Dementia Risk: A Logistical Pilot Study,Impact of a Multimodal Lifestyle Intervention on Dementia Risk Factors and Attitude Related to Dementia Risk: A Logistical Pilot Study,RECRUITING,INTERVENTIONAL,NA,PREVENTION,"Diagnostics, imaging, and biomarkers",Preclinical or elevated-risk,200,HudsonAlpha Institute for Biotechnology,Multimodal Lifestyle Intervention,Cognitive Impairment; Alzheimer Blood Biomarkers; Alzheimer Disease (AD); Mild Cognitive Impairment (MCI),United States,True,1,1,False,True,2025-08-28,2025-08-28,2025-05-02,2026-04-30,2026-04-30,Attitudes around dementia risk for participants throughout the study as they learn of their personalized risk and possible lifestyle factors that may modify that risk.; REVEAL Impact of Genetics Testing in Alzheimer's Disease Distress Subscale,
NCT07152418,https://clinicaltrials.gov/study/NCT07152418,Therapeutic Efficacy of Monoclonal Antibody Drugs for Alzheimer's Disease Based on PET Research,A Study on the Therapeutic Efficacy of Monoclonal Antibody Drugs for Alzheimer's Disease Based on PET Research,NOT_YET_RECRUITING,OBSERVATIONAL,NOT_APPLICABLE,,Tau-targeting approaches,MCI or prodromal Alzheimer’s,120,"Second Affiliated Hospital, School of Medicine, Zhejiang University",Lecanemab 10 mg/kg; Conventional anti-dementia treatment group,Alzheimer Disease (AD); Alzheimer Dementia; Mild Cognitive Impairment (MCI),,False,0,0,False,False,2025-09-03,2025-09-03,2025-09-01,2027-09-01,2028-09-01,Aβ-PET centiloid values,
NCT07153848,https://clinicaltrials.gov/study/NCT07153848,An Observational Study on Lecanemab Treatment for Early Alzheimer's Disease,A Multicenter Cohort Study for Early Alzheimer's Disease in Zhejiang: an Observational Study on Lecanemab Treatment,RECRUITING,OBSERVATIONAL,NOT_APPLICABLE,,Amyloid-targeting approaches,MCI or prodromal Alzheimer’s,400,First Affiliated Hospital of Zhejiang University,,Alzheimer Disease,China,False,1,2,False,True,2025-09-04,2025-09-04,2024-07-01,2025-07-01,2025-12-31,Number of participants with blood biomarkers,
NCT07154394,https://clinicaltrials.gov/study/NCT07154394,Cardiac Amyloid Deposits and Heart Dysfunction in Alzheimer's Disease,Investigation of Cardiac Amyloid Deposits as a Cause of Cardiac Dysfunction in Alzheimer's Disease (Untersuchung Von Kardialen Amyloidablagerungen Als Ursache Einer Funktionseinschränkung Des Herzens Bei Alzheimer Demenz),RECRUITING,OBSERVATIONAL,NOT_APPLICABLE,,"Diagnostics, imaging, and biomarkers",MCI or prodromal Alzheimer’s,15,"University Hospital, Essen",,"Dementia, Alzheimer Type; Mild Cognitive Impairment; Cardiac Amyloidosis",Germany,False,1,1,False,True,2025-09-04,2025-09-04,2022-08-15,2023-08-14,2025-09-14,"Frequency of occurrence of cardiac amyloid deposits in patients with a diagnosis of Alzheimer's disease (overall); Frequency of occurrence of cardiac amyloid deposits in relation to different disease manifestations (subdivided, for example, by clinical assessment of disease stage)",
NCT07157839,https://clinicaltrials.gov/study/NCT07157839,Phosphorylated Tau Levels in Donated Blood,Detection of Elevated Plasma pTau217 in Donated Human Blood Samples: Implications for Blood Transfusion Safety,RECRUITING,OBSERVATIONAL,NOT_APPLICABLE,,"Diagnostics, imaging, and biomarkers",Mixed or not specified,250,"The University of Texas Health Science Center, Houston",,Alzheimer&Amp;#39;s Disease,United States,True,1,1,False,True,2025-09-05,2026-02-11,2025-08-28,2026-11-01,2026-11-01,Tau and pTau; Concentration of pTau217 and Tau,
NCT07158216,https://clinicaltrials.gov/study/NCT07158216,Long Term Effect of Brain Stimulation in PPA,"Long-term Effect of Transcranial Magnetic Stimulation and Transcranial Electrical Stimulation in Primary Progressive Aphasia: Randomized, Double-blind Clinical Trial (RECONNECT-PLUS)",RECRUITING,INTERVENTIONAL,NA,TREATMENT,Devices and brain stimulation,Mixed or not specified,80,"Hospital San Carlos, Madrid",TMS; tDCS; Sham TMS; Sham tDCS,Primary Progressive Aphasia(PPA),Spain,False,1,1,False,True,2025-09-05,2026-04-23,2025-09-15,2028-12,2028-12,Mini-Linguistic State Examination,
NCT07159542,https://clinicaltrials.gov/study/NCT07159542,"MUSic Listening Impact on QUality of Life, Brain and Burnout of ALzheimer' Patients Informal Caregivers","MUSic Listening Impact on QUality of Life, Brain and Burnout of ALzheimer' Patients Informal Caregivers",NOT_YET_RECRUITING,INTERVENTIONAL,NA,SUPPORTIVE_CARE,"Care, behavior, and quality of life",Care partners or care systems,90,"University Hospital, Caen",listening intervention; Neuropsychology assessment; brain imaging examination,Alzheimer Dementia (AD); Caregivers,France,False,1,1,False,True,2025-09-08,2025-09-08,2025-09,2027-12,2027-12,EEG phase lag index differences between group,
NCT07163039,https://clinicaltrials.gov/study/NCT07163039,The Effect of Dual Task Training on Cognitive in Alzheimer's Disease,The Effect of Dual Task Training on Cognitive in Alzheimer's Disease,NOT_YET_RECRUITING,INTERVENTIONAL,NA,TREATMENT,"Care, behavior, and quality of life",Moderate or later dementia,60,Fenerbahce University,Dual-Task Motor-Cognitive Training; Conventional Exercise Training,Alzheimer Disease,,False,0,0,False,False,2025-09-09,2025-09-09,2025-09,2025-10,2026-05,d2 Test of Attention; Trail Making Test Part A (TMT-A); Stroop Test,
NCT07163377,https://clinicaltrials.gov/study/NCT07163377,Effect of Art Therapy on Cognitive and Hand Functions of Alzheimer's Patients,Effect of Art Therapy on Cognitive and Hand Functions of Alzheimer's Patients,NOT_YET_RECRUITING,INTERVENTIONAL,NA,TREATMENT,"Care, behavior, and quality of life",Moderate or later dementia,50,Fenerbahce University,Experimental Group,Alzheimer Disease,Turkey (Türkiye),False,1,1,False,True,2025-09-09,2025-09-09,2025-09,2025-11,2026-01,Mini-Mental State Examination; Surface Electromyography (sEMG),
NCT07166744,https://clinicaltrials.gov/study/NCT07166744,Contribution of Pathological Alpha-synuclein as a Diagnostic Biomarker for Dementia With Lewy Bodies,Contribution of Pathological Alpha-Synuclein as a Diagnostic Biomarker for Dementia With Lewy Bodies,NOT_YET_RECRUITING,INTERVENTIONAL,NA,DIAGNOSTIC,"Diagnostics, imaging, and biomarkers",Care partners or care systems,286,"University Hospital, Strasbourg, France","Biological : blood sampling; nasopharyngeal swab; Procedure : Lumbar puncture; Behavioral : clinical, functional, cognitive and psychiatric evaluations; MRI",Dementia With Lewy Bodies (DLB); Alzheimer's Disease (AD),,False,0,0,False,False,2025-09-10,2025-09-10,2026-01-01,2032-01-01,2032-01-01,Evaluation of the diagnostic value of pathological α-synuclein in cerebrospinal fluid (CSF) using lumbar puncture.,
NCT07172815,https://clinicaltrials.gov/study/NCT07172815,PDE5 Inhibitor for Alzheimer's Disease,Evaluating the Safety and Efficacy of PDE-5 Inhibitor: Tadalafil as a Treatment for Early Stages of Alzheimer's Disease,NOT_YET_RECRUITING,INTERVENTIONAL,PHASE2,TREATMENT,"Diagnostics, imaging, and biomarkers",MCI or prodromal Alzheimer’s,244,Imperial College London,tadalafil; Placebo,Alzheimer Disease,,False,0,0,False,False,2025-09-15,2025-09-15,2025-09,2028-08,2028-08,To assess the safety and tolerability of long-term (1 year) tadalafil treatment in MCI and early AD patients.,
NCT07174869,https://clinicaltrials.gov/study/NCT07174869,A Study To Assess The Feasibility Of Indivi Mobile Application In Monitoring Cognitive Performance In Aging Population,A Pilot Study To Assess The Dynamic Difficulty Adjustment In Personalized Testing For Persons With MCI And Matched Healthy Controls,RECRUITING,OBSERVATIONAL,NOT_APPLICABLE,,Other Alzheimer clinical studies,MCI or prodromal Alzheimer’s,55,Indivi AG,,Mild Cognitive Impairment (MCI); Mild Alzheimer Disease,United States,True,1,1,False,True,2025-09-16,2025-09-16,2025-09,2026-06,2026-06,Number of test iterations until stable difficulty level is reached; Distribution of participants across assessment levels at steady-state difficulty,
NCT07178210,https://clinicaltrials.gov/study/NCT07178210,Robotic-Enabled Microsurgical Intervention for Neurodegenerative Disease,"Robotic-Enabled Microsurgical Intervention for Neurodegenerative Disease - A Global, Prospective, Early Feasibility Study in Alzheimer's Patients",RECRUITING,INTERVENTIONAL,NA,TREATMENT,Devices and brain stimulation,Moderate or later dementia,15,"MMI (Medical Microinstruments, Inc.)",Symani Surgical System,Alzheimer Disease; Lymphatic Obstruction,United States,True,1,2,False,True,2025-09-17,2026-06-02,2026-04-30,2026-10-30,2027-10-30,Device-related serious adverse events at 30-days,
NCT07178678,https://clinicaltrials.gov/study/NCT07178678,Evaluation of the Safety and Efficacy of NeuroEPO in Subjects With Mild to Moderate Alzheimer's Disease,"A Phase II, Blinded, Randomized, Placebo-controlled Study to Evaluate the Safety and Efficacy of NeuroEPO in Subjects With Mild to Moderate Alzheimer's Disease Who Are Receiving Standard of Care Treatment",NOT_YET_RECRUITING,INTERVENTIONAL,PHASE2,TREATMENT,"Care, behavior, and quality of life",Care partners or care systems,90,University of Saskatchewan,NeuroEPO; Placebo,Mild Alzheimer&#39;s Disease; Moderate Alzheimer&#39;s Disease,Canada,False,1,1,False,True,2025-09-17,2025-09-17,2025-11,2030-03,2030-12,Alzheimer's Disease Assessment Scale - Cognitive (ADAS-cog13),
NCT07180147,https://clinicaltrials.gov/study/NCT07180147,Arlington Longitudinal Optimal Healthy Aging Study (ALOHA),Arlington Longitudinal Optimal Healthy Aging Study (ALOHA),ACTIVE_NOT_RECRUITING,OBSERVATIONAL,NOT_APPLICABLE,,"Care, behavior, and quality of life",MCI or prodromal Alzheimer’s,500,Marymount University,,Alzheimer Disease (AD); Cardio Vascular Disease; Mild Cognitive Impairment (MCI); Frailty Syndrome; Disability Physical; Hypertension; Metabolic Syndrome (MetS); Healthy Aging; Obesity &Amp; Overweight,United States,True,1,1,False,True,2025-09-18,2026-03-09,2025-05-01,2030-12-30,2031-07-30,"Change in adherence to Health Passport recommendations-Physical/Cardiovascular Health (HPAI-PC); Change in adherence to Health Passport recommendations-Cognitive, Sleep, and Mental Health (HPAI-CSM)",
NCT07185867,https://clinicaltrials.gov/study/NCT07185867,Prevention of ANxiety and Depression Over Risk Assessment,Prevention of ANxiety and Depression Over Risk Assessment: a Randomized Controlled Trial (the PANDORA-Predict-Plus-Prevent Study),NOT_YET_RECRUITING,INTERVENTIONAL,NA,PREVENTION,"Care, behavior, and quality of life",Moderate or later dementia,2595,The Mediterranean Institute for the Advance of Biotechnology and Health Research,"Pandora-1 app with high levels of personalization, interaction, monitoring and feedback; Pandora-2 app with low levels of personalization, interaction, monitoring and feedback",Depression; Anxiety; Prevention; m-Health,Spain,False,1,1,False,True,2025-09-22,2025-09-22,2026-02-15,2028-03-07,2028-03-07,Combined onset of depression-anxiety event,
NCT07191821,https://clinicaltrials.gov/study/NCT07191821,TSPO Modulation in AD,Modulation of Endothelial Function in Alzheimer's Disease by 18kDa Translocator Protein,ENROLLING_BY_INVITATION,INTERVENTIONAL,PHASE2,BASIC_SCIENCE,"Diagnostics, imaging, and biomarkers",MCI or prodromal Alzheimer’s,51,Imperial College London,XBD173,Alzheimer s Disease,United Kingdom,False,1,1,False,True,2025-09-25,2025-10-01,2025-08-08,2027-03-01,2027-06-01,"Does pharmacological modulation of TSPO (with XBD173, 90mg twice daily, orally, for 28 days) improve neurovascular coupling (NVC) in people with AD compared to placebo?",
NCT07192913,https://clinicaltrials.gov/study/NCT07192913,Glymphatic Function TMS Study,Investigating the Impact of Transcranial Magnetic Stimulation (TMS) on Amyloid and Tau Clearance Via Glymphatic Function in Prodromal Alzheimer's Disease,NOT_YET_RECRUITING,INTERVENTIONAL,PHASE2,TREATMENT,Devices and brain stimulation,MCI or prodromal Alzheimer’s,20,University of Arizona,Transcranial Magnetic Stimulation,Mild Cognitive Impairment,,False,0,0,False,False,2025-09-25,2025-12-17,2026-01,2026-07,2026-07,NIH Toolbox,
NCT07196592,https://clinicaltrials.gov/study/NCT07196592,Development of a Novel Multidimensional Therapeutic Intervention Protocol for MCI,AD New Multi-Dimensional Therapy Device Development - Microcurrent Brain Stimulation Device and Virtual Reality Therapy Equipment,NOT_YET_RECRUITING,INTERVENTIONAL,NA,TREATMENT,"Care, behavior, and quality of life",MCI or prodromal Alzheimer’s,300,Yuan Shen,"Olfactory stimulation; Temporal Interference,TI; Olfactory-TI Stimulation; Sham Control","MCI-AD, Early Stage Alzheimer&#39;s Disease",,False,0,0,False,False,2025-09-29,2025-09-29,2025-10-01,2026-11-01,2026-12-01,Change in Olfactory Sensitivity (TDI score); Path Integration - Angle Deviation; Path Integration - Distance Deviation,
NCT07200622,https://clinicaltrials.gov/study/NCT07200622,Oral Semaglutide in Patients With Alzheimer's Disease,"Evaluating the Effects of GLP-1 Analogue, Oral Semaglutide, in Patients With Alzheimer's Disease",NOT_YET_RECRUITING,INTERVENTIONAL,PHASE2,TREATMENT,"Care, behavior, and quality of life",Mixed or not specified,60,Imperial College London,Semaglutide (Rybelsus®); Placebo,Alzheimer Disease,,False,0,0,False,False,2025-10-01,2025-10-01,2025-09-25,2027-12-31,2028-12-31,To evaluate the safety and tolerability of oral semaglutide in an AD population.,
NCT07200739,https://clinicaltrials.gov/study/NCT07200739,Speech-Based Artificial Intelligence for Detection of Dementia in Danish Patients (DetectAI),Development of Deep Learning Models for Detection of Neurodegenerative Diseases Using Speech - a Danish Language-based Artificial Intelligence Study (DetectAI),NOT_YET_RECRUITING,OBSERVATIONAL,NOT_APPLICABLE,,"Diagnostics, imaging, and biomarkers",MCI or prodromal Alzheimer’s,440,Zealand University Hospital,Mini-mental State Examination; Addenbrooke's Cognitive Examination; Speech Task - Picture Description; Speech Task - Picture Recall; MRI; blood sampling; Depression screening; Somatic- and neurological examination; Speech Task - Picture Narrative,Dementia (Diagnosis); Alzheimer Dementia (AD); Vascular Dementia (VaD); Lewy Body Dementia (LBD); Frontotemporal Dementia (FTD); Mild Cognitive Impairment (MCI); Depression - Major Depressive Disorder; Stress; Cognitive Impairment,Denmark,False,1,1,False,True,2025-10-01,2026-05-05,2026-06-01,2028-05,2028-07,Model A: Primary measure is the AUC-ROC of the model in distinguishing between MCI and AD as well as between MCI and cognitively healthy control participants.,
NCT07202494,https://clinicaltrials.gov/study/NCT07202494,"Integrating Metabolism, Connectivity, and Mesoscale Imaging at Ultra-high Field to Decipher Mechanisms of Resilience and Neurodegeneration in Neurological Diseases and Healthy Aging","Integrating Metabolism, Connectivity, and Mesoscale Imaging at Ultra-high Field to Decipher Mechanisms of Resilience and Neurodegeneration in Neurological Diseases and Healthy Aging",RECRUITING,OBSERVATIONAL,NOT_APPLICABLE,,"Diagnostics, imaging, and biomarkers",Moderate or later dementia,700,Assistance Publique Hopitaux De Marseille,"Imaging Techniques (MRI 3T & 7T, Functional, Structural, and Metabolic Imaging)",Multiple Sclerosis; Neuromyelitis Optica Spectrum Disorders; Myelin Oligodendrocyte Glycoprotein Antibody-Associated Disease (MOGAD); Alzheimer Disease; Parkinson Disease; Amyotrophic Lateral Sclerosis (ALS); Temporal Lobe Epilepsy; Epilepsy; Mild Traumatic Brain Injury; Healthy Aging,France,False,1,1,False,True,2025-10-01,2025-10-01,2025-05-19,2030-05-18,2030-05-18,Nodal Connectivity measured by resting-state BOLD fMRI and diffusion MRI tractography (graph-theoretical metrics); Sodium Concentration as Indicators of Neuronal Energy Failure,
NCT07205003,https://clinicaltrials.gov/study/NCT07205003,Evaluation of the Link Between Carotid Arterial Wall Viscosity and Major Neurocognitive Disorders,Evaluation of the Link Between Carotid Arterial Wall Viscosity and Major Neurocognitive Disorders of Vascular Origin or Linked to Alzheimer's Disease,RECRUITING,OBSERVATIONAL,NOT_APPLICABLE,,"Diagnostics, imaging, and biomarkers",Care partners or care systems,140,"University Hospital, Rouen",Assessment of carotid wall viscosity in patients with vascular dementia; Assessment of carotid wall viscosity in patients with Alzheimer's disease; Assessment of carotid wall viscosity in patients not presenting dementia.,Neurocognitive Disorders; Alzheimer&#39;s Disease,France,False,1,1,False,True,2025-10-03,2026-05-22,2022-02-15,2027-11-15,2028-05-15,Evaluation of the difference in relative arterial wall viscosity value of the common carotid artery of patients with vascular dementia compared to that of patients with Alzheimer's disease; Evaluation of the difference in relative arterial wall viscosity value of the common carotid artery of patients with vascular dementia compared to that of patients not presenting dementia,
NCT07205601,https://clinicaltrials.gov/study/NCT07205601,Study of Intracerebroventricular Injections of Autologous Adipose-Derived Stem Cells (RB-ADSCs) in Participants With Mild-Moderate Alzheimer's Disease,"Phase 2a Assessment of Safety, Tolerability, and Efficacy of Repeated Dosing of Intracerebroventricular Injections of Ex Vivo Expanded, Autologous Adipose-Derived Stem Cells (RB-ADSCs) in Participants With Mild to Moderate Alzheimer's Disease",NOT_YET_RECRUITING,INTERVENTIONAL,PHASE2,TREATMENT,"Diagnostics, imaging, and biomarkers",Care partners or care systems,115,"Regeneration Biomedical, Inc.",RB-ADSC; Placebo,Alzheimer Disease,,False,0,0,False,False,2025-10-03,2025-10-03,2025-11,2028-03,2029-03,Change from Baseline on the Integrated Alzheimer's Disease Rating Scale (iADRS) Composite Score,
NCT07205978,https://clinicaltrials.gov/study/NCT07205978,Nut Consumption and Prevention of Non-communicable Diseases: A Global Individual Participant Data Meta-analysis,Nut Consumption and Prevention of Non-communicable Diseases: A Global Individual Participant Data Meta-analysis,ACTIVE_NOT_RECRUITING,OBSERVATIONAL,NOT_APPLICABLE,,Lifestyle and multidomain,Mixed or not specified,1000000,Institut Investigacio Sanitaria Pere Virgili,,Diabetes (DM); Cardio Vascular Disease; Cancer; Dementia; Dementia Alzheimer Type; Mortality; Parkinson Disease (PD); Death,Denmark; Spain,False,2,2,True,True,2025-10-03,2026-03-20,2025-10-01,2026-06-30,2027-01-30,Type-2 diabetes incidence; CVD incidence; Coronary health disesase incidence,
NCT07207642,https://clinicaltrials.gov/study/NCT07207642,Sweet Night (Musical Diffusion by Caregivers ): Effects of Musical Diffusion by Caregivers on Sleep Onset and Behavioral Regulation in a Protected Living,Sweet Night (Musical Diffusion by Caregivers ): Effects of Musical Diffusion by Caregivers on Sleep Onset and Behavioral Regulation in a Protected Living,RECRUITING,OBSERVATIONAL,NOT_APPLICABLE,,"Care, behavior, and quality of life",Care partners or care systems,120,Centre Hospitalier Universitaire de Saint Etienne,Music intervention - passive listening; Audio books intervention - active listening,Alzheimer Disease or Associated Disorder,France,False,1,1,False,True,2025-10-06,2026-01-26,2026-01-13,2027-11,2028-02,Sleep duration,
NCT07208344,https://clinicaltrials.gov/study/NCT07208344,Intravenous Infusion of Umbilical Cord Blood as an Adjunctive Treatment for Alzheimer's Disease,A Randomized Double-blind Clinical Study on the Use of Umbilical Cord Blood as an Adjuvant Therapy to Improve Cognitive Function in Alzheimer's Disease and Its Mechanism of Action,RECRUITING,INTERVENTIONAL,EARLY_PHASE1,TREATMENT,"Diagnostics, imaging, and biomarkers",Care partners or care systems,30,Anhui Provincial Hospital,"Intravenous infusion of mononuclear cells from umbilical cord blood; Conventional medical treatment：donepezil, rivastigmine or galantamine",Alzheimer Disease (AD),China,False,1,1,False,True,2025-10-06,2025-10-06,2025-07-31,2025-12-31,2026-06-30,Clinical Dementia Rating Scale-Sum of Boxes (CDR-SB); Activity of Daily Living Scale（ADL）,
NCT07208734,https://clinicaltrials.gov/study/NCT07208734,Personalized Brain Stimulation for Cognitive Impairment in Older Adults,Development and Multicenter Validation of a Personalized Transcranial Alternating Current Stimulation Protocol for Cognitive Impairment in Older Adults,ENROLLING_BY_INVITATION,INTERVENTIONAL,NA,TREATMENT,"Diagnostics, imaging, and biomarkers",MCI or prodromal Alzheimer’s,460,"Xuanwu Hospital, Beijing",Transcranial Alternating Current Stimulation (tACS); AI-based Cognitive Training; Sham intervention,Alzheimer s Disease,China,False,1,1,False,True,2025-10-06,2025-10-06,2024-05-01,2027-06-01,2027-11-30,Moca score,
NCT07210528,https://clinicaltrials.gov/study/NCT07210528,Safety Of Nrtis for Alzheimer's Therapeutic Advancement in Singapore Study,"A Phase 1b, Randomized, Double-Blind, Placebo-Controlled Study to Evaluate the Safety of Emtricitabine and Descovy in Patients With Mild Cognitive Impairment.",RECRUITING,INTERVENTIONAL,PHASE1,TREATMENT,Neuroinflammation and immune biology,MCI or prodromal Alzheimer’s,48,"National University Hospital, Singapore","Emtricitabine (FTC); Descovy® (TAF/FTC); Placebo to Match Emtricitabine 200mg/Tenofovir Alafenamide 25 mg.; Placebo Capsules to Match Emtricitabine Capsules, 200mg.",Mild Cognitive Impairment (MCI); Alzheimer Dementia (AD),Singapore,False,1,1,False,True,2025-10-07,2025-10-07,2025-06-30,2026-03,2026-04,Number of participants with treatment-related Adverse/Serious Adverse Events (AE/SAE),
NCT07212062,https://clinicaltrials.gov/study/NCT07212062,The Purpose of This Study is to Evaluate the Safety and Tolerability of X/T+X-EC in Participants With Alzheimer's Disease Who Are Currently Treated With Lecanemab.,"A Phase II, Randomized, Double-Blind, Placebo Controlled Study to Evaluate the Sfatey and Tolerability of X/T+X-EC vs. Placebo in Participants With Alzheimer's Disease Currently Treated With Lecanemab.",NOT_YET_RECRUITING,INTERVENTIONAL,PHASE2,TREATMENT,"Care, behavior, and quality of life",Care partners or care systems,60,Neurology Office of South Florida,X/T + X-EC; Placebo; Lecanemab 10 mg/kg,Alzheimers Disease,,False,0,0,False,False,2025-10-08,2025-10-08,2025-12-01,2028-04-01,2028-12-30,Assess the safety and tolerability of X/T+X-EC compared with placebo in participants with Alzheimer's Disease currently treated with Lecanemab,
NCT07212699,https://clinicaltrials.gov/study/NCT07212699,Development of an Outcome Score for Patients With Knee Osteoarthritis and Knee Joint Endoprosthesis Using an App,Pilot Study: Development of an Outcome Score for Patients With Knee Osteoarthritis and/or Knee Joint Endoprosthesis Using an App Developed at the Clinic for Orthopedics,RECRUITING,INTERVENTIONAL,NA,SCREENING,"Diagnostics, imaging, and biomarkers",Mixed or not specified,1250,Technical University of Munich,KneeApp,Knee Osteoarthritis; Knee Arthroplasty; Hip Osteoarthritis; Hip Arthroplasty,Germany,False,1,1,False,True,2025-10-08,2026-04-06,2025-10-01,2026-12-30,2028-08-31,overall patient satisfaction,
NCT07213349,https://clinicaltrials.gov/study/NCT07213349,Daridorexant for Alzheimer Disease Prevention,Double Blind Clinical Trial of Daridorexant (Dual Orexin Receptor Antagonist) for Alzheimer Disease Prevention,RECRUITING,INTERVENTIONAL,PHASE2,PREVENTION,"Diagnostics, imaging, and biomarkers",Moderate or later dementia,240,Douglas Mental Health University Institute,Daridorexant 50 mg; Placebo,Alzheimer Disease (AD),Canada,False,1,1,False,True,2025-10-08,2025-12-19,2025-10-14,2028-12,2029-12,Change in plasma p-tau217/np-tau217 ratio,
NCT07214194,https://clinicaltrials.gov/study/NCT07214194,Vagus Nerve Stimulation to Enhance Memory in Aging,Vagus Nerve Stimulation to Enhance Memory in Aging,NOT_YET_RECRUITING,INTERVENTIONAL,NA,BASIC_SCIENCE,Devices and brain stimulation,Mixed or not specified,150,Stanford University,Transcutaneous Auricular Vagus Nerve Stimulation (taVNS),Alzheimer Disease; Aging,United States,True,1,1,False,True,2025-10-09,2025-10-09,2027-02,2028-07,2028-07,Change in Recognition Memory (d-prime),
NCT07214974,https://clinicaltrials.gov/study/NCT07214974,Mild Cognitive Impairment Community Screening and Early Intervention Via Stem Cell Therapy and Wearable Brain Computer Interface Device.,"Mild Cognitive Impairment Community Screening, Early Detection, and Therapeutic Intervention to Slow Down, or Stop the Progression of the Cognitive Impairment.",NOT_YET_RECRUITING,INTERVENTIONAL,EARLY_PHASE1,TREATMENT,"Care, behavior, and quality of life",MCI or prodromal Alzheimer’s,600,"Noah Tech, Corp.",Structured wellness care; Wearable brain-computer interface devices; Stem Cell Therapy - Experimental; Control - Placebo Comparator,Mild Cognitive Impairment (MCI); Early Stages of Cognitive Decline; Alzheimer's Disease Dementia; Alzheimer's Disease Diagnosis; Alzheimer's Disease and Related Dementias; Parkinson's Disease; Parkinson's Disease (PD); Parkinson's Disease With Wearing-off Motor Fluctuations; Dementia (Diagnosis); Dementia MCI (Mild Cognitive Impairment),United States,True,1,1,False,True,2025-10-09,2026-03-10,2026-09-01,2029-09-30,2030-01-03,Change in Cognitive Function as Measured by MoCA Score; Rate of Progression to Dementia,
NCT07216716,https://clinicaltrials.gov/study/NCT07216716,Evaluating the Effectiveness of the Health App Recommendation Tool,Evaluating the Effectiveness of the Health App Recommendation Tool,RECRUITING,INTERVENTIONAL,NA,SUPPORTIVE_CARE,"Care, behavior, and quality of life",Care partners or care systems,15,University of Pittsburgh,Health App Recommendation Tool (HART),Alzheimers Disease Related Dementias,United States,True,1,1,False,True,2025-10-15,2026-01-09,2025-12-05,2026-06-30,2026-08-31,World Health Organization Quality of Life (WHOQOL-BREF); 36-Item Short Form Health Survey (SF-36); Patient Health Questionnaire-4 (PHQ-4),
NCT07217912,https://clinicaltrials.gov/study/NCT07217912,Daridorexant to Prevent Post-cardiotomy Delirium,"Randomized, Double-blind Trial of Daridorexant to Prevent Delirium After Heart Surgery",RECRUITING,INTERVENTIONAL,PHASE2,PREVENTION,"Care, behavior, and quality of life",Moderate or later dementia,80,University of Rochester,Daridorexant 50 mg; Placebo,Postoperative Cognitive Decline; Postoperative Delirium,United States,True,1,1,False,True,2025-10-20,2026-01-07,2025-10-14,2027-11-01,2027-11-01,Delirium incidence and severity,
NCT07218081,https://clinicaltrials.gov/study/NCT07218081,A Trial to Test Intermittent Deep Brain Stimulation of Nucleus Basalis of Meynert to Treat Alzheimers.,Cognitive Brain Aging Reversal From Deep Brain Stimulation for Alzheimer's Dementia: a Clinical Trial.,RECRUITING,INTERVENTIONAL,PHASE1,TREATMENT,Devices and brain stimulation,Care partners or care systems,12,Augusta University,Intermittent deep brain stimulation of the nucleus basalis of Meynert,Alzheimer Dementia (AD),United States,True,1,1,False,True,2025-10-20,2026-01-07,2026-02-01,2028-11-01,2028-11,"Dementia Rating Scales; Alzheimer's Disease Assessment Scale, Cognitive Subscale",
NCT07222280,https://clinicaltrials.gov/study/NCT07222280,Clinical Trial Protocol: Alzheimer's Dementia Underlying Encephalopathy,Clinical Trial Protocol: Alzheimer's Dementia Underlying Encephalopathy,RECRUITING,INTERVENTIONAL,NA,DIAGNOSTIC,"Diagnostics, imaging, and biomarkers",Mixed or not specified,30,"Covenant Health, US",Quest AD-Detect blood test,Alzheimer Dementia; Alzheimer Disease; Delirium Confusional State; Encephalopathy; Cognitive Abnormality,United States,True,1,6,False,True,2025-10-29,2025-10-29,2025-06-10,2026-03-31,2026-03-31,"To show the percentage of patients (21 patients in the study) who presented with a cognitive diagnosis (including but not limited to delirium, encephalopathy, etc.) that have a positive biomarker for Alzheimer's dementia",
NCT07222605,https://clinicaltrials.gov/study/NCT07222605,Research Study for Patients With Neurological Diseases Which Evaluates the Patient Experience of the MemorEM Device,Research Study Evaluating Patient Experience With the MemorEM for Patients With Neurological Diseases,ENROLLING_BY_INVITATION,INTERVENTIONAL,NA,OTHER,"Care, behavior, and quality of life",Care partners or care systems,1000,eQ8Health Corporation d/b/a CareONE Concierge,MemorEM,Alzheimer Disease; Parkinson Disease; Frontotemporal Dementia; Cortico Basal Degeneration; Posterior Cortical Atrophy (PCA); Neurological Diseases or Conditions; Dementia,United States,True,1,1,False,True,2025-10-30,2026-02-05,2025-12-01,2027-12-15,2029-12-15,Patient and caregiver reports on device design and use,
NCT07224139,https://clinicaltrials.gov/study/NCT07224139,Sex-specific Risk Factors and Trajectories of Blood Biomarkers for Alzheimer's Disease and Related Dementias,Sex-specific Risk Factors and Trajectories of Blood Biomarkers for Alzheimer's Disease and Related Dementias,ACTIVE_NOT_RECRUITING,OBSERVATIONAL,NOT_APPLICABLE,,"Care, behavior, and quality of life",Mixed or not specified,13435,Anne Murray,,Alzheimer Disease; Dementia; Cognitive Dysfunction,Australia; United States,True,2,5,True,True,2025-11-04,2025-11-04,2022-07-01,2027-08,2027-08,To prospectively measure plasma AT(N) biomarkers and to identify participant characteristics that are associated with these levels separately in women and men.,
NCT07224607,https://clinicaltrials.gov/study/NCT07224607,Transcranial Photobiomodulation (tPBM) in Alzheimer's Disease Study,A Longitudinal Study Investigating the Effects of Photobiomodulation (PBM) on Cognitive Function and Alzheimer's Disease (AD)-Related Biomarkers in Individuals With Mild Cognitive Impairment (MCI) or Dementia Due to AD,RECRUITING,INTERVENTIONAL,NA,TREATMENT,"Diagnostics, imaging, and biomarkers",MCI or prodromal Alzheimer’s,45,Cedars-Sinai Medical Center,Photobiomodulation,Alzheimer's Disease,United States,True,1,1,False,True,2025-11-04,2025-11-19,2025-12-25,2026-08-28,2026-10,NIH Toolbox,
NCT07226674,https://clinicaltrials.gov/study/NCT07226674,Microbiota Mediated Flavonoid Metabolites for Cognitive Health,MAEVE: Microbiota Mediated Flavonoid Metabolites for Cognitive Health,RECRUITING,INTERVENTIONAL,NA,TREATMENT,Lifestyle and multidomain,Mixed or not specified,100,University of Ulster,Polyphenol Supplement; Placebo Supplement,Cognitive Decline; Cognitive Dysfunction,United Kingdom,False,1,1,False,True,2025-11-10,2025-11-24,2025-11-25,2027-06,2028-01,"Differences in Polyphenol-derived metabolite concentrations pre, mid, & post intervention - stool; Differences in Polyphenol-derived metabolite concentrations pre, mid, & post intervention - blood; Differences in microbiome levels pre, mid, & post intervention - Stool",
NCT07227961,https://clinicaltrials.gov/study/NCT07227961,PROMIS and Mobility Evaluation in Sarcoma Patients,"Evaluating the Implementation, Utility, and Clinical Importance of the Patient-Reported Outcome Measure Information System (PROMIS) in Sarcoma Patients: A Multi-Centered Prospective Cohort Study",RECRUITING,OBSERVATIONAL,NOT_APPLICABLE,,"Care, behavior, and quality of life",Mixed or not specified,800,University of Calgary,Surgery,Sarcoma; Giant Cell Tumor of Bone,Canada; United States,True,2,4,True,True,2025-11-13,2025-11-13,2025-07-01,2030-06-30,2031-01-01,Step count; Distance travelled; Flights of stairs climbed,
NCT07228078,https://clinicaltrials.gov/study/NCT07228078,Open-Label Extension Protocol to SNK01-AD01 Study,"An Open-Label Extension (OLE) Study to Evaluate the Long-Term Safety, Tolerability and Exploratory Efficacy of SNK01 in Participants With Alzheimer's Disease (Study SNK01-AD02)",RECRUITING,INTERVENTIONAL,PHASE2,TREATMENT,Other interventional treatment research,Care partners or care systems,30,"NKGen Biotech, Inc.",SNK01,Alzheimer Disease,United States,True,1,1,False,True,2025-11-13,2025-11-13,2025-06-30,2028-04,2028-04,Number of participants with treatment-related adverse events as assessed by CTCAE v5.0,
NCT07230158,https://clinicaltrials.gov/study/NCT07230158,Transcranial Alternating Current Stimulation for Patients With Mild Alzheimer's Disease II (TRANSFORM-AD II),The Effects of TRanscranial AlterNating Current Stimulation FOR Patients With Mild Alzheimer's Disease II (TRANSFORM-AD II Study): A Randomized Controlled Clinical Trial,NOT_YET_RECRUITING,INTERVENTIONAL,NA,TREATMENT,"Diagnostics, imaging, and biomarkers",MCI or prodromal Alzheimer’s,160,"Xuanwu Hospital, Beijing",sham stimulation; transcranial alternating current stimulation,Alzheimer Disease,China,False,1,1,False,True,2025-11-17,2025-11-17,2025-11-30,2027-09-01,2027-12-01,"Change in Alzheimer's Disease Assessment Scale cognitive subscale (ADAS-cog, 13-items version).",
NCT07230652,https://clinicaltrials.gov/study/NCT07230652,A Phase 1 MAD Study to Evaluate the Safety and Tolerability of LY03020,"A Randomized, Double-Blind, Placebo-Controlled, Dose- Ascending Phase I Clinical Study to Evaluate the Safety, Tolerability, and Pharmacokinetics of Multiple Oral Doses of LPM787000048 Maleate Extended-Release Tablets (LY03020) in Chinese Adult Healthy Subjects and/or Subjects With Stable Schizophrenia",RECRUITING,INTERVENTIONAL,PHASE1,TREATMENT,Other interventional treatment research,Moderate or later dementia,40,Luye Pharma Group Ltd.,LY03020; Placebo,Schizophrenia; Alzheimer's Disease Psychosis,China,False,1,1,False,True,2025-11-17,2025-11-19,2025-08-20,2025-12-31,2026-02-28,Number of participants with adverse events (AEs) and serious adverse events (SAEs).,
NCT07232459,https://clinicaltrials.gov/study/NCT07232459,[18F]FT8 PET Imaging in Immunoglobulin Light Chain Amyloidosis,Clinical Study of [18F]FT8 PET/CT in Evaluating Amyloidosis,RECRUITING,OBSERVATIONAL,NOT_APPLICABLE,,"Diagnostics, imaging, and biomarkers",Mixed or not specified,25,Tianjin Medical University,[18F]FT8,Amyloid; Cardiac Amyloidosis; Amyloidosis; Healthy Subjects,China,False,1,2,False,True,2025-11-18,2025-11-18,2025-07-21,2028-07-20,2028-12-20,The safety assessment; [18F]FT8 Organ Uptake measured by Standardized Uptake Value (SUV),
NCT07233512,https://clinicaltrials.gov/study/NCT07233512,EFFECT OF PERIODONTAL TREATMENT ON ALZHEIMER DISEASE-ASSOCIATED OUTCOMES,EFFECT OF SURGICAL AND NON-SURGICAL PERIODONTAL TREATMENT ON ALZHEIMER DISEASE-ASSOCIATED OUTCOMES: A Randomized Clinical Trial,ENROLLING_BY_INVITATION,INTERVENTIONAL,NA,TREATMENT,"Care, behavior, and quality of life",Moderate or later dementia,26,Centre Hospitalier Universitaire de Liege,INITIAL PERIODONTAL THERAPY,Alzheimers Disease; Periodontitis,Belgium,False,1,1,False,True,2025-11-18,2025-11-18,2023-11-17,2029-09-10,2029-09-10,Cognitive status using pre-clinical Alzheimer cognitive composite (PACC),
NCT07234695,https://clinicaltrials.gov/study/NCT07234695,LEvetiracetam to Prevent Seizures in Symptomatic Alzheimer's Disease in Adults With Down Syndrome,"A Phase III, Randomized, Double-blinded Study of the Efficacy and Safety of LEvetiracetam to Prevent Seizures in Symptomatic Alzheimer's Disease in Adults With Down Syndrome (the LESS-AD Trial).",RECRUITING,INTERVENTIONAL,PHASE3,PREVENTION,"Care, behavior, and quality of life",Care partners or care systems,120,Fundació Institut de Recerca de l'Hospital de la Santa Creu i Sant Pau,Levetiracetam 500mg; Placebo,Down Syndrome; Down Syndrome (DS); Down Syndrome (Trisomy 21); Alzheimer Dementia; Alzheimer Dementia (AD); Alzheimer Disease; Alzheimer Disease (AD); Alzheimer Blood Biomarkers; Epilepsy; Seizures,Spain,False,1,5,False,True,2025-11-18,2026-01-12,2025-12-22,2027-12,2028-07,Efficacy of Levetiracetam as a preventive treatment for epileptic seizures in adults with Alzheimer's disease associated with Down syndrome.,
NCT07234851,https://clinicaltrials.gov/study/NCT07234851,Understanding Mechanisms of Synaptic Degeneration Underlying Clinical Symptoms in Patients With MDs and NDs.,SYNAPSING's POSTMORTEM AND IN VITRO STUDIES OF SYNAPSE DYSFUNCTION,ENROLLING_BY_INVITATION,OBSERVATIONAL,NOT_APPLICABLE,,"Diagnostics, imaging, and biomarkers",Mixed or not specified,150,Fundació Institut de Recerca de l'Hospital de la Santa Creu i Sant Pau,,"Schizophrenia Disorder; Frontotemporal Dementia, Behavioral Variant; Major Depressive Disorder (MDD); Bipolar Disorder (BD); Alzheimer's Disease",Spain,False,1,1,False,True,2025-11-19,2025-12-11,2025-02-01,2029-06-30,2029-09-30,"Synaptic gene dysregulation in schizophrenia and frontotemporal dementia; Molecular pathways related to synapse dysfunction in major depressive disorder, bipolar disorder and schizophrenia; Impact of psychiatric and neurodegenerative disorders on synapse density in affected brain regions.",
NCT07235111,https://clinicaltrials.gov/study/NCT07235111,Omics Sciences for the Identification of Pathogenetic Mechanisms and Biomarkers in Neurodegenerative Diseases,Omics Sciences for the Identification of Pathogenetic Mechanisms and Biomarkers in Neurodegenerative Diseases,RECRUITING,OBSERVATIONAL,NOT_APPLICABLE,,"Diagnostics, imaging, and biomarkers",MCI or prodromal Alzheimer’s,1200,Ospedale Policlinico San Martino,,Alzheimer Disease; FTD; Young-onset Dementia; MCI; Parkinson Disease; ALS (Amyotrophic Lateral Sclerosis),Italy,False,1,1,False,True,2025-11-19,2025-11-25,2025-02-28,2034-09-17,2039-09-17,"Identify variants in our genetic makeup, proteins, and/or altered metabolic pathways in patients with neurodegenerative diseases",
NCT07236190,https://clinicaltrials.gov/study/NCT07236190,Biomarker-based Trial of NPC-1 for Alzheimer's Pathology,Early-phase Biomarker-based Trial of NPC-1 for Alzheimer's Disease Pathology,RECRUITING,INTERVENTIONAL,PHASE2,TREATMENT,"Diagnostics, imaging, and biomarkers",Subjective cognitive concerns,40,Massachusetts General Hospital,natural product combination-1 (NPC1),Alzheimer Disease; Mild Cognitive Impairment (MCI); Subjective Cognitive Decline (SCD),United States,True,1,1,False,True,2025-11-19,2026-06-08,2026-04-01,2027-06,2027-06,plasma p-tau217; plasma glial fibrillary acidic protein; plasma neurofilament light chain,
NCT07238049,https://clinicaltrials.gov/study/NCT07238049,REAl World Dementia OUTcomes: Observational Study,READ-OUT - REAl World Dementia OUTcomes: Observational Study,ENROLLING_BY_INVITATION,OBSERVATIONAL,NOT_APPLICABLE,,"Care, behavior, and quality of life",Subjective cognitive concerns,3165,University of Oxford,,Alzheimer Disease (AD); Mild Cognitive Impairment (MCI); Dementia,United Kingdom,False,1,27,False,True,2025-11-20,2025-11-20,2024-11-01,2029-10-31,2029-10-31,Diagnostic accuracy of blood-based biomarkers for dementia diagnosis; Feasibility and acceptability of blood-based biomarkers for dementia diagnosis; Cost-effectiveness of blood biomarkers in a real-world cognitive disorders population,
NCT07239310,https://clinicaltrials.gov/study/NCT07239310,Neuclare Device for Temporary Improvement of Executive Function in Patients With Mild Cognitive Impairment and Prodromal Alzheimer's Disease,"A Prospective, Multicenter, Randomized, Double-Blind, Parallel-Group, Confirmatory Clinical Trial to Verify the Efficacy and Safety of the Cognitive Improvement Effect on Executive Function in Medication-Treated Patients With Mild Cognitive Impairment and Prodromal Alzheimer's Disease Using the Neuclare Physical Device for Medical Use",RECRUITING,INTERVENTIONAL,NA,TREATMENT,"Care, behavior, and quality of life",MCI or prodromal Alzheimer’s,138,Deepsonbio,Participants receive Neuclare Device while continuing their cognitive medication; Participants receive Sham Neuclare Device while continuing their cognitive medication,Mild Cognitive Impairment; Alzheimer's Disease(AD),South Korea,False,1,3,False,True,2025-11-20,2025-12-10,2025-11-20,2026-06,2026-07,Change in Trail Making Test-A Completion Time from Baseline to Week 5,
NCT07239843,https://clinicaltrials.gov/study/NCT07239843,"Prospective Observational Study of the Relationship Between Sociodemographic Factors, Blood-based Biomarkers and Psychiatric Symptoms in Neurodegenerative Diseases and Mental Disorders",Synapsing's Multinational Sociodemographic Study,ENROLLING_BY_INVITATION,OBSERVATIONAL,NOT_APPLICABLE,,"Care, behavior, and quality of life",Mixed or not specified,1310,Fundació Institut de Recerca de l'Hospital de la Santa Creu i Sant Pau,,Major Depressive Disorder (MDD); Schizophenia Disorder; Bipolar 1 Disorder; Alzheimer Disease; Parkinson Disease; Frontotemporal Dementia (FTD); Dementia With Lewy Bodies (DLB),Spain,False,1,1,False,True,2025-11-20,2026-04-24,2026-02-01,2026-06-01,2029-12-30,Diagnosis; Perceived Wellbeing and Mental Health; Social support,
NCT07249918,https://clinicaltrials.gov/study/NCT07249918,Feasibility of Wearables in Dementia Care in Rural Taiwan,Facilitating the Measurement and Treatment of the Behavioral Symptoms of Dementia (BPSD) and Understanding Caregiver Burden Using Wearable Devices in Rural Taiwan - A Dyadic Feasibility Pilot Study,RECRUITING,INTERVENTIONAL,NA,TREATMENT,"Care, behavior, and quality of life",Care partners or care systems,20,China Medical University Hospital,Re-Timer (light therapy glasses),Alzheimer's Dementia; Neuropsychiatric Symptoms Related to Neurodegenerative Disease; Wearable Devices; Caregiver Burden of People With Dementia; Circadian Rhythm,Taiwan,False,1,1,False,True,2025-11-25,2026-02-11,2025-11-18,2026-09-30,2026-12-31,"Sleep Quality (Pittsburgh Sleep Quality Index, PSQI); Actigraphy-Derived Sleep and Circadian Rhythm Variables; Feasibility and Acceptability of Device-Based Interventions",
NCT07251023,https://clinicaltrials.gov/study/NCT07251023,Efficacy and Safety of DMB-I (INN: Latrepirdine) in Patients With Alzheimer Type Dementia,"Multicenter Randomized Double-blind Placebo-controlled Active Comparator-controlled Study to Assess the Efficacy and Safety of DMB-I (Dimebon®, INN: Latrepirdine) in Patients With Dementia Associated With Alzheimer's Disease",RECRUITING,INTERVENTIONAL,PHASE3,TREATMENT,Other interventional treatment research,Care partners or care systems,450,Bigespas LTD,DMB-I (INN: Latrepirdine); Memantine Hydrochloride 20 MG; Placebo,Alzheimer Type Dementia,Russia,False,1,12,False,True,2025-11-26,2025-12-10,2025-11-20,2027-05,2027-05,Assessment of the change in ADAS-Cog Scale overall score at Week 26 compared to baseline (Week 0) in patients receiving DMB-I (Group 1) Vs. patients receiving placebo (Group 2),
NCT07251647,https://clinicaltrials.gov/study/NCT07251647,Adaptation of the Mini-Mental State Examination (MMSE) for the Reunion Island Population,Adaptation of the Mini-Mental State Examination (MMSE) for the Reunion Island Population,NOT_YET_RECRUITING,INTERVENTIONAL,NA,DIAGNOSTIC,"Diagnostics, imaging, and biomarkers",Mixed or not specified,400,Centre Hospitalier Universitaire de la Réunion,MMSE-RUN and MMSE GRECO,Alzheimer s Disease; Vascular Cognitive Impairment,Reunion,False,1,7,False,True,2025-11-26,2026-03-12,2026-04,2027-07,2027-07,Internal consistency - Cronbach's alpha; Construct validity - Exploratory Factor Analysis; Criterion validity - t test,
NCT07251738,https://clinicaltrials.gov/study/NCT07251738,Understanding the Lived Experience and Bereavement of Caregivers of People With Alzheimer's Disease,Understanding the Lived Experience and Bereavement of Caregivers of People With Alzheimer's Disease,NOT_YET_RECRUITING,OBSERVATIONAL,NOT_APPLICABLE,,"Care, behavior, and quality of life",Care partners or care systems,66,Universidad Rey Juan Carlos,"Assessment of occupational balance, role performance, caregiving burden, and quality of life among carers or family members of individuals with Alzheimer's disease (AD).",Alzheimer Disease (AD); Occupational Therapy; Family Caregivers,,False,0,0,False,False,2025-11-26,2025-11-26,2025-12-01,2026-05-31,2026-07-31,"Zarit Burden Interview, ZBI; Role Checklist; Short Form-36 Health Survey",
NCT07252310,https://clinicaltrials.gov/study/NCT07252310,Pilot Study of StudyU for N-of-1 Trials in HFrEF Patients (N-of-1 App),Pilot Study of Acceptability and Feasibility of StudyU for N-of-1 Trials,ENROLLING_BY_INVITATION,INTERVENTIONAL,PHASE4,OTHER,Devices and brain stimulation,Moderate or later dementia,5,Weill Medical College of Cornell University,beta blockers; StudyU Application,"HFrEF - Heart Failure With Reduced Ejection Fraction; Heart Failure; Heart Failure, Systolic; Heart Diseases",United States,True,1,1,False,True,2025-11-26,2026-02-19,2026-02-10,2027-02,2027-08,Feasibility of Intervention Measure Score; Intervention Appropriateness Measure Score; Acceptability of Intervention Measure Score,
NCT07254234,https://clinicaltrials.gov/study/NCT07254234,A Study of Retinal Imaging to Detect Abnormal Protein Deposits Associated With Alzheimer's Disease,Exploratory Study to Assess Utility of RetiSpec Artificial Intelligence Powered Retinal Imaging Solution in Detecting Amyloid Pathology in United Arab Emirates Nationals With Mild Impairment of Cognition,NOT_YET_RECRUITING,OBSERVATIONAL,NOT_APPLICABLE,,"Diagnostics, imaging, and biomarkers",MCI or prodromal Alzheimer’s,200,Eli Lilly and Company,Retinal scan; Blood test,Cognitive Dysfunction; Memory Disorders,United Arab Emirates,False,1,1,False,True,2025-11-28,2025-11-28,2025-12,2026-08,2026-08,Percentage of Participants with the Same Results on the Blood Test and Retinal Scan,
NCT07258004,https://clinicaltrials.gov/study/NCT07258004,An Investigation Into the Feasibility of Beetroot Juice Supplementation in People Living With Alzheimer's Disease.,OMNI Brain Health - An Investigation Into the Feasibility of Beetroot Juice Supplementation in People Living With Alzheimer's Disease.,NOT_YET_RECRUITING,INTERVENTIONAL,NA,OTHER,Lifestyle and multidomain,Moderate or later dementia,30,University of the West of Scotland,Beetroot juice,Alzheimer's Disease,United Kingdom,False,1,1,False,True,2025-12-02,2025-12-02,2026-03,2026-06,2026-06,Feasibility of a beetroot juice intervention in people living with Alzheimer's disease,
NCT07259369,https://clinicaltrials.gov/study/NCT07259369,"The Effects of an App-based Acupressure on Alleviating Fatigue, Pruritus, and Sleep Quality Among Hemodialysis Patients","The Effects of an App-based Acupressure Intervention on Alleviating Fatigue, Pruritus, and Sleep Quality Among Hemodialysis Patients",NOT_YET_RECRUITING,INTERVENTIONAL,NA,SUPPORTIVE_CARE,"Care, behavior, and quality of life",Moderate or later dementia,70,Taipei Medical University,app-based acupressure,Hemodialysis Patient; Fatigue,Vietnam,False,1,1,False,True,2025-12-02,2025-12-02,2025-12-15,2026-03-15,2026-03-15,Fatigue,
NCT07259499,https://clinicaltrials.gov/study/NCT07259499,Predictors of Emergency Department Use in Frail Patients,"Towards an Integrated Care System for the Assistance of Patients With Chronic Diseases, Multimorbidity, Frailty, and Polypharmacy",RECRUITING,OBSERVATIONAL,NOT_APPLICABLE,,"Care, behavior, and quality of life",Mixed or not specified,110,University of Pisa,Plasma phosphorylated Tau 181,Alzheimer s Disease; Vascular Dementia; Frailty; Elderly; Emergency Department Visits; Autonomy,Italy,False,1,1,False,True,2025-12-02,2025-12-02,2023-11-19,2025-12-31,2025-12-31,Emergency Department Use,
NCT07262645,https://clinicaltrials.gov/study/NCT07262645,Near-infrared Light Therapy Device for Mild-Moderate Alzheimer's Disease (NirsCure-03A),"A Multicenter, Randomized, Double-Blind, Sham-Controlled Study on The Efficacy And Safety of Near-Infrared Light Therapy Device in Participants With Mild-Moderate Alzheimer's Disease (NirsCure-03A)",RECRUITING,INTERVENTIONAL,PHASE3,PREVENTION,"Diagnostics, imaging, and biomarkers",Moderate or later dementia,320,"Danyang Huichuang Medical Equipment Co., Ltd.",NirsCure 6000; Sham Device,Alzheimer s Disease,China,False,1,23,False,True,2025-12-03,2025-12-03,2025-12-15,2027-07-22,2027-07-22,"Alzheimer's Disease Assessment Scale, cognitive subscale 13 (ADAS-Cog13)",
NCT07264439,https://clinicaltrials.gov/study/NCT07264439,Evaluation of the Effectiveness of Virtual Reality Headsets With Hypnotic Scenarios for Hygiene Care in Patients With Alzheimer's Disease or Related Disorders With Behavioral Disturbances,Evaluation of the Effectiveness of Virtual Reality Headsets With Hypnotic Scenarios for Hygiene Care in Patients With Alzheimer's Disease or Related Disorders (ADRD) With Behavioral Disturbances,RECRUITING,INTERVENTIONAL,NA,OTHER,Devices and brain stimulation,Mixed or not specified,24,"Centre Hospitalier Universitaire, Amiens",VR headset; standard cares,Effectiveness; Virtual Reality; Hypnotic Scenarios; Hygiene Care; Alzheimer's Disease and Related Disorders (ADRD); Behavioral Disturbances,France,False,1,1,False,True,2025-12-04,2025-12-04,2025-09-03,2027-04,2027-05,Effectiveness of VR headsets,
NCT07265323,https://clinicaltrials.gov/study/NCT07265323,Effect of Physiologic Insulin Administration on Insulin Sensitivity and Cognition,Effect of Physiologic Insulin Intervention on Insulin Sensitivity and Cognition,RECRUITING,INTERVENTIONAL,NA,TREATMENT,"Diagnostics, imaging, and biomarkers",Mixed or not specified,8,Pennington Biomedical Research Center,Physiological Insulin Intervention,Alzheimer s Disease; Alzheimer Blood Biomarkers; Insulin Sensitivity,United States,True,1,1,False,True,2025-12-04,2025-12-04,2025-12,2027-05,2027-05,Cognition; Cognition; Insulin Sensitivity,
NCT07272811,https://clinicaltrials.gov/study/NCT07272811,Neurocognitive Assessment Platform 4 Alzheimer,Neurocognitive Assessment Platform 4 Alzheimer,RECRUITING,OBSERVATIONAL,NOT_APPLICABLE,,"Care, behavior, and quality of life",Care partners or care systems,100,IRCCS San Raffaele,,MCI; MCI Conversion to Dementia; AMCI - Amnestic Mild Cognitive Impairment; Alzheimer Disease,Italy,False,1,1,False,True,2025-12-09,2026-01-22,2021-12-15,2026-06,2026-06,Development of NAP4A Platform,
NCT07272863,https://clinicaltrials.gov/study/NCT07272863,The Impact of Brief Behavioral Treatment for Insomnia Versus Brief Mindfulness Treatment on Cognition and Sleep Health in Adults (Age 50+) With HIV,The Impact of BBTI on Cognition and Sleep Health in Older Adults With HIV,NOT_YET_RECRUITING,INTERVENTIONAL,NA,TREATMENT,"Diagnostics, imaging, and biomarkers",Moderate or later dementia,214,"University of Alabama, Tuscaloosa",BBTI; BMT,Insomnia; Cognition; Aging; HIV,United States,True,1,2,False,True,2025-12-09,2026-05-08,2026-05,2030-09,2030-09,Insomnia Severity Index; 7-day Sleep Actigraphy; Consensus Sleep Diaries,
NCT07279714,https://clinicaltrials.gov/study/NCT07279714,Fisetin in Mild Alzheimer's Disease,Fisetin Intervention Study in Mild Alzheimer's Disease,RECRUITING,INTERVENTIONAL,PHASE2,TREATMENT,Other interventional treatment research,Preclinical or elevated-risk,5,Sunnybrook Health Sciences Centre,Fisetin,"Alzheimer s Disease; Alzheimer Dementia; Alzheimer Dementia (AD); Alzheimer Disease; Mild Cognitive Disorder; Neurocognitive Disorders, Mild; Neurocognitive Disorder",Canada,False,1,1,False,True,2025-12-12,2026-04-13,2026-01-27,2026-11,2026-11,Incidence of Treatment-Emergent Adverse Events (Safety and tolerability of fisetin),
NCT07279740,https://clinicaltrials.gov/study/NCT07279740,Combined Brain Stimulation and Methylphenidate Treatment for Apathy in Dementia,Methylphenidate Primed iTBS for Apathy in Neurocognitive Disorders,RECRUITING,INTERVENTIONAL,PHASE2,TREATMENT,"Diagnostics, imaging, and biomarkers",Care partners or care systems,12,Sunnybrook Health Sciences Centre,intermittent theta burst stimulation (iTBS); Methylphenidate (MPH),Alzheimer s Disease; Alzheimer Dementia (AD); Alzheimer Dementia; Alzheimer Disease; Apathy; Apathy in Dementia,Canada,False,1,1,False,True,2025-12-12,2025-12-12,2026-01,2027-10-01,2027-10-01,Change in Neuropsychiatric Inventory-Apathy (NPI-A) score,
NCT07284472,https://clinicaltrials.gov/study/NCT07284472,Safety and Efficacy of EXV-802 and EXV-801 in the Treatment of Agitation in Alzheimer's Disease Dementia,"Phase 2/3, Double-blind, Placebo-controlled Study to Evaluate the Safety and Efficacy of EXV-802 and EXV-801 in the Treatment of Agitation in Participants With Alzheimer's Disease Dementia",RECRUITING,INTERVENTIONAL,PHASE2+PHASE3,TREATMENT,"Care, behavior, and quality of life",Care partners or care systems,300,Exciva GmbH,EXV-802; Placebo; EXV-801,Agitation Associated With Alzheimer's Disease Dementia,Canada; Czechia; Germany; Italy; Poland; Slovakia; Spain; United Kingdom; United States,True,9,49,True,True,2025-12-16,2026-06-05,2026-02-02,2029-01,2029-02,Changes from baseline to endpoint (Week 6) in the Cohen-Mansfield Agitation Inventory - International Psychogeriatric Association (CMAI-IPA) score,
NCT07286812,https://clinicaltrials.gov/study/NCT07286812,Digital Technology Combined With Blood Marker Screening and Diagnosis for Community Populations Based on Classification Theory: an Integrated Study,Digital Technology Combined With Blood Marker Screening and Diagnosis for Community Populations Based on Classification Theory: an Integrated Study,NOT_YET_RECRUITING,OBSERVATIONAL,NOT_APPLICABLE,,"Care, behavior, and quality of life",MCI or prodromal Alzheimer’s,1000,First Hospital of China Medical University,,Alzheimer Disease,China,False,1,1,False,True,2025-12-16,2025-12-16,2025-12-25,2026-04-30,2026-07-31,The diagnostic efficiency of the cognitive impairment screening and diagnosis protocol,
NCT07287852,https://clinicaltrials.gov/study/NCT07287852,A Pilot Study to Examine the Effect of Egb761 on Plasma Biomarker Levels and on Cognitive Function in Patients With MCI,Is Cerebonin (Egb761) a Disease-modifying Therapy in Mild Cognitive Impairment,ENROLLING_BY_INVITATION,INTERVENTIONAL,PHASE2,TREATMENT,"Diagnostics, imaging, and biomarkers",MCI or prodromal Alzheimer’s,50,Hadassah Medical Organization,Ginkgo Biloba Extract 761,Alzheimer Disease (AD); Mild Cognitive Impairment (MCI),Israel,False,1,1,False,True,2025-12-17,2025-12-17,2024-08-20,2026-12,2026-12,Change in plasma phosphorylated-tau level,
NCT07289061,https://clinicaltrials.gov/study/NCT07289061,Positive Psychology for Early Cognitive Decline: Effects on Cognitive and Brain Function,Application of Positive Psychology Interventions in Individuals With Early-stage Cognitive Decline Related to Dementia: Their Impact on Cognitive and Brain Functioning,RECRUITING,INTERVENTIONAL,NA,TREATMENT,"Care, behavior, and quality of life",Subjective cognitive concerns,128,Aristotle University Of Thessaloniki,Positive Psychology Intervention; Treatment as usual (TAU),Subjective Cognitive Decline (SCD); Mild Cognitive Impairment (MCI); Alzheimer Dementia (AD),Greece,False,1,1,False,True,2025-12-17,2026-01-07,2025-12-17,2027-06,2027-07,Global cognitive composite (z-score) from REMEDES4Alzheimer; Resting-state fNIRS functional connectivity (HbO) between bilateral dorsolateral prefrontal cortices; EEG alpha power at rest (eyes-closed),
NCT07290387,https://clinicaltrials.gov/study/NCT07290387,Tele-Savvy for Latino Caregivers,Tele-Savvy for Latino Caregivers,RECRUITING,INTERVENTIONAL,NA,SUPPORTIVE_CARE,"Care, behavior, and quality of life",Care partners or care systems,64,University of Rochester,Tele Savvy for Latino Caregivers,Alzheimer Disease; Dementia; Caregiver Stress,United States,True,1,1,False,True,2025-12-18,2026-05-14,2026-04-17,2027-04-30,2027-05-31,Mean Change in Caregiver Mastery Score,
NCT07292233,https://clinicaltrials.gov/study/NCT07292233,A Food Effect Study of LY03020 in Healthy Subjects,"A Randomized, Open-Label, Single-Dose, Two-Period, Crossover Phase I Clinical Study to Evaluate the Food Effect on the Pharmacokinetics of LPM787000048 Maleate Extended-Release Tablets (LY03020) in Healthy Subjects",ACTIVE_NOT_RECRUITING,INTERVENTIONAL,PHASE1,TREATMENT,Other interventional treatment research,Mixed or not specified,16,Luye Pharma Group Ltd.,LY03020,Schizophrenia; Alzheimer's Disease Psychosis,China,False,1,1,False,True,2025-12-18,2025-12-18,2025-07-30,2025-08-27,2026-03-30,Maximum observed concentration (Cmax) of LPM787000048 in plasma; Area under the concentration-time curve from time zero extrapolated to infinity (AUC0-∞) of LPM787000048 in plasma; Area under the concentration-time curve from time zero to the time of last quantifiable concentration (AUC0-t) of LPM787000048 in plasma,
NCT07294885,https://clinicaltrials.gov/study/NCT07294885,Deep Cervical LymphatIc-Venous Anastomosis for Alzheimer's Disease,"Deep Cervical LymphatIc-Venous Anastomosis for Alzheimer's Disease (CLIVA-AD): a Prospective, Single-center, Randomized, Double Blinded Trial",RECRUITING,INTERVENTIONAL,NA,TREATMENT,Vascular and blood-brain barrier,Care partners or care systems,50,General Hospital of Shenyang Military Region,deep cervical lymphaticovenous anastomosis,Alzheimer Disease,China,False,1,1,False,True,2025-12-19,2026-03-25,2026-03-20,2027-08-30,2027-08-30,Changes in Montreal Cognitive Assessment (MoCA) score; Changes in Mini-mental State Examination (MMSE) score; Changes in Barthel index (BI),
NCT07298876,https://clinicaltrials.gov/study/NCT07298876,Low-intensity Hippocampal Transcranial Ultrasound Stimulation for Managing Cognitive and Sleep Dysfunction in Preclinical Alzheimer's Disease,Low-intensity Hippocampal Transcranial Ultrasound Stimulation for Managing Cognitive and Sleep Dysfunction in Preclinical Alzheimer's Disease Patients: A Randomized Clinical Trial,ENROLLING_BY_INVITATION,INTERVENTIONAL,NA,TREATMENT,"Care, behavior, and quality of life",Preclinical or elevated-risk,20,Chinese University of Hong Kong,Low-intensity transcranial ultrasound stimulation; Sham low-intensity transcranial ultrasound stimulation,"Sleep Disturbances; Aging; Cognitive Impairment, Mild",Hong Kong,False,1,1,False,True,2025-12-23,2025-12-23,2026-04-01,2027-03-31,2027-05-16,Pittsburg Sleep Quality Index (PSQI); Delayed recall of the words,
NCT07301502,https://clinicaltrials.gov/study/NCT07301502,A Clinical Trial of AK152 in Healthy Volunteers and Patients With Alzheimer' s Disease,"A Randomized, Double-blind, Placebo-controlled, Dose-escalation Phase I Clinical Trial to Evaluate the Safety, Tolerability, Pharmacokinetics, Immunogenicity, and Preliminary Efficacy of AK152 in Healthy Volunteers and Patients With Alzheimer' s Disease",NOT_YET_RECRUITING,INTERVENTIONAL,PHASE1,TREATMENT,Other interventional treatment research,MCI or prodromal Alzheimer’s,108,Akeso,AK152; Placebo,Alzheimer' s Disease,China,False,1,1,False,True,2025-12-24,2025-12-24,2025-12,2027-06,2027-06,Adverse Events (AE),
NCT07303998,https://clinicaltrials.gov/study/NCT07303998,Remote tDCS and Chair Yoga for Chronic Knee Pain in Alzheimer's Patients,Feasibility and Effect of Remotely Supervised Transcranial Direct Current Stimulation With Chair Yoga for Chronic Knee Pain Management in Older Adults With Alzheimer's Disease and Related Dementias.,RECRUITING,INTERVENTIONAL,NA,TREATMENT,"Care, behavior, and quality of life",Care partners or care systems,40,University of Arizona,Active tDCS paired with active online chair yoga,Alzheimer&Amp;#39;s Disease; Other Dementias,United States,True,1,1,False,True,2025-12-26,2025-12-26,2025-03-04,2026-08-20,2026-08-30,Numeric Rating Score (NRS) of Pain,
NCT07306065,https://clinicaltrials.gov/study/NCT07306065,University of Central Florida Music Study,Scientific Proof of Music Therapy's Impact on Alzheimer's Disease,RECRUITING,INTERVENTIONAL,NA,SUPPORTIVE_CARE,"Care, behavior, and quality of life",Mixed or not specified,60,University of Central Florida,Music intervention,Alzheimers Disease; Dementia; Dementia Alzheimer Type,United States,True,1,1,False,True,2025-12-29,2025-12-29,2025-08-28,2026-03,2026-03,Effect of music therapy in Alzheimer's patients by analyzing salivary exosomes,
NCT07306598,https://clinicaltrials.gov/study/NCT07306598,[18F]NIDF PET Imaging in Tau-related Diseases,[18F]NIDF PET Imaging in Tau-related Diseases,RECRUITING,OBSERVATIONAL,NOT_APPLICABLE,,"Diagnostics, imaging, and biomarkers",Care partners or care systems,20,Tianjin Medical University,,Neurodegenerative Disease; Alzheimer s Disease; Tauopathies,China,False,1,2,False,True,2025-12-29,2025-12-29,2025-11-01,2030-12-01,2030-12-01,Safety Assessment; The Biodistribution of [18F]NIDF in subjects,
NCT07314190,https://clinicaltrials.gov/study/NCT07314190,Retrospective Observational Study of Blood-based Biomarkers in the Diagnosis and Monitoring of Patients With a Neurodegenerative Disease or Mental Disorder,Synapsing Retrospective Biomarker Study,ENROLLING_BY_INVITATION,OBSERVATIONAL,NOT_APPLICABLE,,"Diagnostics, imaging, and biomarkers",Mixed or not specified,1799,Fundació Institut de Recerca de l'Hospital de la Santa Creu i Sant Pau,,Alzheimer Disease; Dementia With Lewy Bodies (DLB); Frontotemporal Dementia (FTD); Major Depressive Disorder (MDD); Bipolar 1 Disorder; Schizophenia Disorder; Parkinson Disease,Spain,False,1,1,False,True,2026-01-02,2026-02-23,2026-02-19,2029-06-30,2029-12-31,Concentration of biomarkers in blood; Diagnosis; Boston Naming Test,
NCT07323914,https://clinicaltrials.gov/study/NCT07323914,Clinical Analgesic Management in Dementia,A Clinical Study on the Efficacy of Analgesic Treatments for Chronic Pain in Patients With Dementia,RECRUITING,INTERVENTIONAL,PHASE3,TREATMENT,Other interventional treatment research,Care partners or care systems,10,"Xuanwu Hospital, Beijing",Tylex,Alzheimer Disease,China,False,1,1,False,True,2026-01-07,2026-01-07,2025-03-01,2027-01-01,2027-03-31,Pain Assessment in Advanced Dementia Scale (PAINAD),
NCT07323927,https://clinicaltrials.gov/study/NCT07323927,Investigator Initiated Trial of Galcanezumab Treatment in Alzheimer's Disease,An Investigator Initiated Trial Evaluating the Therapeutic Efficacy of Galcanezumab in Patients With Alzheimer's Disease,RECRUITING,INTERVENTIONAL,EARLY_PHASE1,TREATMENT,Other interventional treatment research,Care partners or care systems,10,"Xuanwu Hospital, Beijing",Galcanezumab,Alzheimer Disease,China,False,1,1,False,True,2026-01-07,2026-01-07,2025-08-01,2027-01-01,2027-03-31,CGRP Levels in Cerebrospinal Fluid and Plasma,
NCT07324161,https://clinicaltrials.gov/study/NCT07324161,Efficacy and Safety of Transcranial Magnetic Stimulation in Treatment of Alzheimer's Disease,Efficacy and Safety of Repetitive Transcranial Magnetic Stimulation in the Treatment of Alzheimer's Disease and Exploration of Glymphatic Mechanisms,RECRUITING,INTERVENTIONAL,NA,TREATMENT,"Diagnostics, imaging, and biomarkers",Moderate or later dementia,66,Fujian Medical University Union Hospital,rTMS; sham rTMS,Alzheimer s Disease,China,False,1,1,False,True,2026-01-07,2026-01-14,2025-04-16,2029-04-30,2029-04-30,MoCA Changes from baseline to post-treatment,
NCT07328386,https://clinicaltrials.gov/study/NCT07328386,Effect of Cervical Lymphaticovenous and Lymph Node-to-Vein Anastomosis in Patients With Intracranial Lymphatic Circulation Disorder,Effect of Cervical Lymphaticovenous Anastomosis and Cervical Lymph Node to Vein Anastomosis for the Patient With Intracranial Lymphatic Circulation Disorder,RECRUITING,INTERVENTIONAL,NA,TREATMENT,"Care, behavior, and quality of life",Moderate or later dementia,114,Hong Joonpio,Cervical Lymphaticovenous and Lymph Node-to-Vein Anastomosis,Intracranial Lymphatic Circulation Disorder; Alzheimer's Disease,South Korea,False,1,1,False,True,2026-01-09,2026-01-09,2025-02-20,2026-12-31,2026-12-31,Change in Global Deterioration Scale (GDS) Score; Change in Clinical Dementia Rating - Sum of Boxes (CDR-SB) Score; Change in Korean Mini-Mental State Examination (K-MMSE) Score,
NCT07332260,https://clinicaltrials.gov/study/NCT07332260,Alzheimer's Disease and Faecal Microbiota Transplantation -a Pilot Study,Alzheimer's Disease and Faecal Microbiota Transplantation,RECRUITING,INTERVENTIONAL,PHASE1,TREATMENT,Other interventional treatment research,Moderate or later dementia,10,University Hospital of North Norway,Biological: Preprocessed thawed donor FMT,Alzheimer s Disease; Faecal Microbiota Transplantation (FMT),Norway,False,1,1,False,True,2026-01-12,2026-04-22,2026-05,2026-10,2027-01,Incidence of treatment-related adverse events and serious adverse events. [Safety]; Rate of participant recruitment [Feasibility]; Number participants that complete colonoscopy [Feasibility],
NCT07332377,https://clinicaltrials.gov/study/NCT07332377,mHealth Intervention for Pain Self Management,PsyMINT: Mobile Health (mHealth) Intervention to Support Self-Management of Pain and Symptoms for Cancer Survivors,RECRUITING,INTERVENTIONAL,NA,SUPPORTIVE_CARE,"Care, behavior, and quality of life",Mixed or not specified,25,Virginia Commonwealth University,Mobile Health (mHealth) Intervention,Pain; Pain Management; Symptom Monitoring; Symptom Management; Cancer Survivorship,United States,True,1,1,False,True,2026-01-12,2026-03-18,2026-02-23,2027-03-31,2027-03-31,Feasibility and acceptability of the mobile health (mHealth) intervention,
NCT07334392,https://clinicaltrials.gov/study/NCT07334392,Impact of a Multicomponent Exercise Program on Cognitive and Functional Outcomes in Patients With Mild Cognitive Impairment,Effectiveness of an Innovative Therapeutic Exercise Program on Physical and Cognitive Function in Mild Cognitive Impairment Due to Alzheimer's Disease,RECRUITING,INTERVENTIONAL,NA,TREATMENT,"Diagnostics, imaging, and biomarkers",MCI or prodromal Alzheimer’s,45,University of Patras,Innovative therapeutic exercise program; Therapeutic exercise program; Flyer,Mild Cognitive Impairment; Walking; Balance; Cognition,Greece,False,1,1,False,True,2026-01-12,2026-01-12,2025-12-01,2026-08-30,2026-11-30,Kinematic and kinetic gait assessment; Functional Gait Assessment (FGA); mini Balance Evaluation Systems Test (mini-BESTest),
NCT07340983,https://clinicaltrials.gov/study/NCT07340983,Effectiveness of the Safe Haven Application (App) Among Undergraduates,The Effectiveness of the Safe Haven APP on Mental Health Among Undergraduates: A Randomized Controlled Trial,RECRUITING,INTERVENTIONAL,NA,PREVENTION,Lifestyle and multidomain,Mixed or not specified,68,National Cheng-Kung University Hospital,Safe Haven App,Depression; Anxiety,Taiwan,False,1,1,False,True,2026-01-14,2026-01-21,2025-09-16,2026-10-31,2027-01-31,"Depression, Anxiety, and Stress Symptoms (DASS-21); General Psychological Distress (CHQ-12); Mental Health Literacy (MHLS-HPG)",
NCT07341009,https://clinicaltrials.gov/study/NCT07341009,Evaluation of a Neuropsychological Tool to Assess Temporal Processing Abilities in Alzheimer's Disease,Evaluation of a Neuropsychological Tool to Assess Temporal Processing Abilities in Alzheimer's Disease,RECRUITING,OBSERVATIONAL,NOT_APPLICABLE,,Other interventional treatment research,Mixed or not specified,40,"University Hospital, Caen",Chronos battery,Alzheimer's Disease (AD); Time Perception,France,False,1,1,False,True,2026-01-14,2026-03-19,2025-12-30,2027-11-01,2027-11-01,Behavioral difference at the battery assessing temporal processing (CHRONOS (Cognitive Health Ratings Of Neuropsychological Skills for temporal perception) Score /30 + subscores),
NCT07346183,https://clinicaltrials.gov/study/NCT07346183,CommunityRx-Dementia + Peer Navigation (CRxDpeer),CommunityRx-Dementia + Peer Navigation (CRxDpeer): A Real-World Implementation and Effectiveness Study of an IT-Based Social Care Intervention,NOT_YET_RECRUITING,INTERVENTIONAL,NA,HEALTH_SERVICES_RESEARCH,"Care, behavior, and quality of life",Care partners or care systems,330,University of Chicago,CommunityRx-Dpeer,Alzheimer s Disease; Dementia; Caregiver; Loneliness; Health-Related Social Needs; Social Care; Healthcare Utilization; End of Life Care; Caregiver Burden; Anxiety; Stress; Depression; Self-Efficacy; Peer Support; Implementation Science; Advance Care Planning,,False,0,0,False,False,2026-01-16,2026-04-07,2026-06-01,2029-02-28,2029-02-28,Caregiver loneliness at 6 months; Caregiver's self-efficacy for finding end of life/advance care planning resources for the person with dementia at 12 months,
NCT07346794,https://clinicaltrials.gov/study/NCT07346794,"The Underlying Neural Mechanism of TMS in Improving the Imbalance of ""Microbiota-brain-gut Axis"" in Alzheimer 's Disease Population","The Underlying Neural Mechanism of TMS in Improving the Imbalance of ""Microbiota-brain-gut Axis"" in Alzheimer 's Disease Population",NOT_YET_RECRUITING,INTERVENTIONAL,NA,TREATMENT,"Diagnostics, imaging, and biomarkers",Moderate or later dementia,400,Second Affiliated Hospital of Nanchang University,TMS,Alzheimer's Disease; rTMS Stimulation,,False,0,0,False,False,2026-01-16,2026-04-09,2026-04-21,2026-12-31,2030-09-30,MoCA score,
NCT07347431,https://clinicaltrials.gov/study/NCT07347431,Large Language Model for Understanding and Monitoring Elderly Neurocognition,LUMEN (Large Language Model for Understanding and Monitoring Elderly Neurocognition): A Clinical Feasibility Study With Nested Qualitative Evaluation for AI- Assisted Dementia Assessment,RECRUITING,OBSERVATIONAL,NOT_APPLICABLE,,"Care, behavior, and quality of life",Care partners or care systems,60,Northumbria Healthcare NHS Foundation Trust,LUMEN prototype software interaction,Dementia,United Kingdom,False,1,1,False,True,2026-01-16,2026-04-21,2026-03-19,2026-12-31,2026-12-31,SUS (System Usability Scale); NASA-TLX (Task Load Index):,
NCT07353502,https://clinicaltrials.gov/study/NCT07353502,miR-342-5p/AnkG Pathway in Early AD Synaptic Dysfunction,Effects of miR-342-5p/AnkG Pathway-Mediated Axon Initial Segment Filtering Injury on Early Synaptic Dysfunction in Alzheimer's Disease and Its Clinical Applications,RECRUITING,INTERVENTIONAL,NA,DIAGNOSTIC,"Diagnostics, imaging, and biomarkers",Early Alzheimer’s disease,40,The Fourth Affiliated Hospital of Zhejiang University School of Medicine,"Collect peripheral blood, and if the patient consents, also collect cerebrospinal fluid.",Alzheimer Disease; Biomarker in Early Diagnosis,China,False,1,1,False,True,2026-01-20,2026-01-20,2025-06-20,2026-03-10,2026-03-10,Correlation between miR-342-5p/AnkG Pathway and Synaptic Proteins,
NCT07356817,https://clinicaltrials.gov/study/NCT07356817,Cardiovascular Risk Assessment in Young Women After Index Pregnancy With and Without Placental Complications,Cardiovascular Risk Assessment in Young Women After Index Pregnancy With and Without Placental Complications,RECRUITING,OBSERVATIONAL,NOT_APPLICABLE,,Lifestyle and multidomain,Mixed or not specified,1260,Fundació Institut de Recerca de l'Hospital de la Santa Creu i Sant Pau,,Cardiovascular (CV) Risk; Preeclampsia (PE); Fetal Weight,Spain,False,1,1,False,True,2026-01-21,2026-01-21,2023-08-28,2026-09-30,2026-12-31,Hypertension; Abnormal cardiac function; Biochemical cardiac markers,
NCT07361601,https://clinicaltrials.gov/study/NCT07361601,Implementation of AIP Services for Older Adults With AD,Implementation of Aging in Place Services for Older Adults With Alzheimer's Disease,NOT_YET_RECRUITING,OBSERVATIONAL,NOT_APPLICABLE,,"Care, behavior, and quality of life",Care partners or care systems,285,Northwestern University,,Alzheimer Disease; Mild Cognitive Impairment,United States,True,1,1,False,True,2026-01-23,2026-05-26,2026-07-01,2030-03-31,2031-12-31,Rate of participant long term care planning for Alzheimer's Dementia/Memory Loss,
NCT07361887,https://clinicaltrials.gov/study/NCT07361887,Deciphering the Effect of Moderate Wine Consumption on Healthy Aging Through Postprandial Extracellular Vesicles.,Deciphering the Effect of Moderate Wine Consumption on Healthy Aging Through Postprandial Extracellular Vesicles,RECRUITING,INTERVENTIONAL,NA,BASIC_SCIENCE,Lifestyle and multidomain,Moderate or later dementia,8,University of Seville,White Wine; Red Wine; Water,Atherosclerosis Cardiovascular Disease; Obesity; Metabolic Syndrome; Metabolic Disorders; Inflammation; Neurodegeneration; Neurodegenerative Disease; Alzheimer s Disease,Spain,False,1,1,False,True,2026-01-23,2026-01-23,2025-11-01,2025-12-01,2027-03-31,Concentration of circulating extracellular vesicles; Mean size of circulating extracellular vesicles,
NCT07364019,https://clinicaltrials.gov/study/NCT07364019,The Brain Health PRO Online Risk Factor Reduction Study to Prevent Dementia,The Brain Health PRO Online Risk Factor Reduction Study for The Canadian Therapeutic Platform Trial for Multidomain Interventions to Prevent Dementia,RECRUITING,INTERVENTIONAL,NA,PREVENTION,Lifestyle and multidomain,Preclinical or elevated-risk,700,University of British Columbia,Brain Health PRO; Brain Health PRO,Dementia Prevention; Subjective Cognitive Impairment; Mild Cognitive Impairment; Cognitive Change; Lifestyle Intervention; Dementia Education,Canada,False,1,1,False,True,2026-01-23,2026-05-19,2026-05-07,2028-12-31,2028-12-31,Change in modifiable risk factors as measured by a 7-item composite dementia risk factor score after 6 months.,
NCT07367880,https://clinicaltrials.gov/study/NCT07367880,The Monument Test : A New Tool for Assessing the Ability to Name and Identify Unique Entities. (TeDIMO),The Monument Test : A New Tool for Assessing the Ability to Name and Identify Unique Entities. (TeDIMO),RECRUITING,OBSERVATIONAL,NOT_APPLICABLE,,Other interventional treatment research,Mixed or not specified,220,"University Hospital, Grenoble",Identification and naming task,Alzheimer s Disease,France,False,1,1,False,True,2026-01-26,2026-05-26,2026-02-23,2031-02-01,2032-02-01,Difference between the two groups in the identification and naming task involving famous landmarks,
NCT07373067,https://clinicaltrials.gov/study/NCT07373067,Repeat Intracerebroventricular Injections of RB-ADSC in Subjects Previously Treated in RBI Protocol RB-ADSC-02,"A Phase 1b Extension Trial To Allow Repeat Intracerebroventricular Injections of Ex Vivo Expanded, Autologous Adipose-Derived Stem Cells (RB-ADSCs) in Subjects Previously Treated in RBI Protocol RB-ADSC-02",NOT_YET_RECRUITING,INTERVENTIONAL,PHASE1,TREATMENT,"Diagnostics, imaging, and biomarkers",Care partners or care systems,9,"Regeneration Biomedical, Inc.",RB-ADSC,Alzheimer Disease,,False,0,0,False,False,2026-01-28,2026-01-28,2026-01,2028-01,2028-01,The safety of repeated RB-ADSC treatment in study participants with AD,
NCT07376135,https://clinicaltrials.gov/study/NCT07376135,LETHE-AT: a Personalized Multidomain Lifestyle Intervention for Individuals at Increased Risk of Memory Impairment.,"Digitally Supported Lifestyle Programme to Promote Brain Health Among Older Adults - the LETHE-AT Randomised-controlled, Multicentre Pilot Trial",NOT_YET_RECRUITING,INTERVENTIONAL,NA,PREVENTION,"Care, behavior, and quality of life",Subjective cognitive concerns,300,Medical University of Vienna,A tailored hybrid multidomain lifestyle intervention group; Self-guided multimodal lifestyle advice group,Mild Cognitive Impairment (MCI); Subjective Cognitive Decline (SCD),Austria,False,1,3,False,True,2026-01-29,2026-01-29,2026-01-08,2027-10-01,2027-11-01,Operational feasibility: retention rate; Operational feasibility: adherence to the structured hybrid lifestyle intervention,
NCT07380204,https://clinicaltrials.gov/study/NCT07380204,Quantification of Hsp90 in the Human Brain,In Vivo Quantification of Hsp90 in the Human Brain in Healthy Aging and Neurodegeneration Using the Novel PET Radioligand [11C]HSP990,RECRUITING,INTERVENTIONAL,NA,DIAGNOSTIC,"Diagnostics, imaging, and biomarkers",Mixed or not specified,48,Universitaire Ziekenhuizen KU Leuven,[11C]HSP990 PET dosimetry; [11C]HSP990 PET test-retest; [11C]HSP990 simplified scan protocol,Parkinson's Disease (PD); Alzheimer's Disease (AD); Amyotrophic Lateral Sclerosis (ALS),Belgium,False,1,1,False,True,2026-02-02,2026-02-02,2024-09-04,2027-12,2027-12,Quantification of HSP90 in the human brain,
NCT07385937,https://clinicaltrials.gov/study/NCT07385937,Effectiveness of Genistein in Mild Cognitive Impairment,Effectiveness of Genistein on the Progression of Cognitive Impairment in Patients With Mild Cognitive Impairment: Controlled Clinical Trial,NOT_YET_RECRUITING,INTERVENTIONAL,NA,PREVENTION,Lifestyle and multidomain,MCI or prodromal Alzheimer’s,150,Universidad Católica San Antonio de Murcia,Genistein; Control product placebo,Alzheimer Disease (AD); Mild Cognitive Impairment (MCI),Spain,False,1,1,False,True,2026-02-04,2026-02-17,2026-02,2027-07,2027-12,Cognitive function,
NCT07386730,https://clinicaltrials.gov/study/NCT07386730,A Study of Psychedelics in Healthy Older Adults With Low Well-being,"A Double Blind, Randomized Trial Investigating the Safety, Feasibility, and Mechanisms of Psychedelics in Healthy Older Adults With Low Well-being as Moderated by Biomarkers for Preclinical Alzheimer's Disease",RECRUITING,INTERVENTIONAL,PHASE1,TREATMENT,"Diagnostics, imaging, and biomarkers",Preclinical or elevated-risk,80,Jennifer Mitchell,Psilocybin (drug); Dextromethorphan (DXM),Anhedonia in Healthy Volunteers; Older Adults (50-90 Years),United States,True,1,1,False,True,2026-02-04,2026-06-08,2026-06-01,2030-02,2030-02,Acute changes in EEG-based ESBA,
NCT07388186,https://clinicaltrials.gov/study/NCT07388186,Benefits of Strength Training in Informal Caregivers of Patients With Alzheimer's Disease,Effectiveness of a Combined Strength Training and Progressive Muscle Relaxation Program in Reducing Frailty in Informal Caregivers of People With Alzheimer's Disease: A Randomized Controlled Trial,NOT_YET_RECRUITING,INTERVENTIONAL,NA,TREATMENT,"Care, behavior, and quality of life",Care partners or care systems,62,University of Salamanca,Progressive Muscle Relaxation; Functional Strength Training,Frailty; Caregiver Burden; Anxiety,Spain,False,1,1,False,True,2026-02-04,2026-02-04,2026-03,2026-07,2026-09,Frailty,
NCT07391436,https://clinicaltrials.gov/study/NCT07391436,Use of Wearables for Identifying Factors Associated With Mild Cognitive Impairment and Early-Stage Alzheimer's Disease,Use of Wearables for Identifying Factors Associated With Mild Cognitive Impairment and Early-Stage Alzheimer's Disease,NOT_YET_RECRUITING,OBSERVATIONAL,NOT_APPLICABLE,,"Care, behavior, and quality of life",Preclinical or elevated-risk,150,Getúlio Vargas University Hospital,,Mild Cognitive Impairment; Alzheimer's Disease; Alzheimer's Disease Dementia,Brazil,False,1,1,False,True,2026-02-05,2026-02-05,2026-03,2027-07,2027-12,Accuracy of a Predictive Model for Identification of Mild Cognitive Impairment and Early Alzheimer's Disease,
NCT07392723,https://clinicaltrials.gov/study/NCT07392723,ALA-enriched Nutrition for Prevention of Cognitive Decline in APOE4 Older Adults,Alpha Linolenic Acid-enriched Nutrition for Prevention of Cognitive Decline in APOE4 Older Adults With Mild Cognitive Impairment: Targeting Cerebrovascular and Blood-brain Barrier Health,RECRUITING,INTERVENTIONAL,PHASE2,TREATMENT,"Diagnostics, imaging, and biomarkers",MCI or prodromal Alzheimer’s,20,"Michal Schnaider Beeri, Ph.D.",Alpha-Linolenic Acid (2.6 g/day); Placebo Control Group,"Cognitive Dysfunction; Alzheimer Disease; Blood-Brain Barrier; Apolipoprotein E, Deficiency or Defect of; Brain Aging; Fatty Acids, Omega-3",United States,True,1,1,False,True,2026-02-06,2026-02-06,2025-01-12,2027-04,2027-10,Change in global cognitive (score) function; Change in Blood-Brain Barrier Integrity - Permeability of the BBB; Levels of blood biomarkers of BBB Integrity,
NCT07392775,https://clinicaltrials.gov/study/NCT07392775,ALDH2 Genetic Testing in East Asian Community,A Community-Based Approach for ALDH2 Genetic Testing in East Asian Americans,NOT_YET_RECRUITING,INTERVENTIONAL,NA,PREVENTION,Vascular and blood-brain barrier,Mixed or not specified,100,Northwestern University,Genetic Test Results Return; Alcohol Flushing Education,Healthy Adult; Flushing,United States,True,1,1,False,True,2026-02-06,2026-02-06,2026-09-01,2029-06-01,2029-06-30,Feasibility of Alcohol Flushing Genetic Testing in Primary Care,
NCT07399171,https://clinicaltrials.gov/study/NCT07399171,Study to Evaluate the Effect of HT-4253 for the Prevention of Alzheimer's Disease in APOE4 Carriers,"A Multicenter, Randomized, Double-Blind, Placebo-Controlled Phase 2a Study to Evaluate the Effect of HT-4253 for the Prevention of Alzheimer's Disease in APOE4 Carriers",NOT_YET_RECRUITING,INTERVENTIONAL,PHASE2,PREVENTION,"Diagnostics, imaging, and biomarkers",Mixed or not specified,112,"Halia Therapeutics, Inc.",HT-4253; Placebo,Alzheimers Disease,United Arab Emirates,False,1,1,False,True,2026-02-10,2026-04-17,2026-04-03,2027-05-20,2027-08-20,Primary Objective; Primary Endpoint; Primary Endpoint,
NCT07399418,https://clinicaltrials.gov/study/NCT07399418,TRIAD - Tracking Risk in Integrated Alzheimer's Diagnostics.,TRIAD - Tracking Risk in Integrated Alzheimer's Diagnostics. A Biopsychosocial Model for the Early and Accurate Diagnosis of the Alzheimer's Disease Continuum.,RECRUITING,OBSERVATIONAL,NOT_APPLICABLE,,"Care, behavior, and quality of life",Care partners or care systems,80,Istituti Clinici Scientifici Maugeri SpA,,Cognitive Decline,Italy,False,1,1,False,True,2026-02-10,2026-02-17,2025-09-01,2027-07-31,2027-12-31,Mini Mental State Examination (MMSE); Montreal Cognitive Assessment (MoCA); Mental Deterioration Battery (MDB),
NCT07401849,https://clinicaltrials.gov/study/NCT07401849,Blood Biomarkers for Early and Accurate Diagnosis of Alzheimer's Disease in Primary Care,Blood Biomarkers for Early and Accurate Diagnosis of Alzheimer's Disease in Primary Care,NOT_YET_RECRUITING,OBSERVATIONAL,NOT_APPLICABLE,,"Diagnostics, imaging, and biomarkers",MCI or prodromal Alzheimer’s,1000,Imperial College London,,Alzheimer Disease; Biomarkers / Blood; Biomarker in Early Diagnosis; Mild Cognitive Impairment (MCI),,False,0,0,False,False,2026-02-11,2026-02-11,2026-02,2026-11,2026-11,Presence of Alzheimer-specific blood biomarkers; Presence of Alzheimer-specific Cerebrospinal Fluid (CSF) biomarkers,
NCT07402161,https://clinicaltrials.gov/study/NCT07402161,The Signature of Alzheimer's Disease in Subjective Cognitive Decline,Unraveling the SIGNature of ALzheimer's Disease: Integrating Multimodal Biomarkers Through Machine Learning,RECRUITING,OBSERVATIONAL,NOT_APPLICABLE,,"Care, behavior, and quality of life",Preclinical or elevated-risk,250,IRCCS Policlinico S. Donato,,Subjective Cognitive Decline (SCD); Subjective Cognitive Complaints (SCCs); Subjective Cognitive Impairment; Subjective Cognitive Concerns; Subjective Memory Complaint; Subjective Memory Decline,Italy,False,1,1,False,True,2026-02-11,2026-02-11,2025-10-01,2027-10-01,2028-03-01,Diagnostic accuracy of biomarkers in detecting Alzheimer's disease,
NCT07402356,https://clinicaltrials.gov/study/NCT07402356,VR Pupillometry in Cognitive Impairment,"Task-evoked Pupillometry in AD, MCI, and Depression-Related Cognitive Impairment",RECRUITING,OBSERVATIONAL,NOT_APPLICABLE,,"Diagnostics, imaging, and biomarkers",MCI or prodromal Alzheimer’s,140,Max-Planck-Institute of Psychiatry,,Alzheimer s Disease; Major Depressive Disorder (MDD); Mild Cognitive Impairment; Dementia,Germany,False,1,1,False,True,2026-02-11,2026-02-17,2025-05-01,2027-12-31,2027-12-31,Task-evoked pupil dilation during N-Back,
NCT07409506,https://clinicaltrials.gov/study/NCT07409506,Assessment of Informal Support Provided by Caregivers at Different Stages of Alzheimer's Disease,Assessment of Informal Support Provided by Caregivers at Different Stages of Alzheimer's Disease,RECRUITING,OBSERVATIONAL,NOT_APPLICABLE,,"Care, behavior, and quality of life",Care partners or care systems,312,Hospices Civils de Lyon,""" Ressources Utilisation in Dementia "" (RUD) questionnaire.",Elderly (People Aged 65 or More); Neurocognition; Alzheimer s Disease,France,False,1,1,False,True,2026-02-13,2026-02-13,2025-09-09,2026-09-09,2027-09-09,Informal care costs,
NCT07413406,https://clinicaltrials.gov/study/NCT07413406,Comparing Structured Retrieval Practice and Reading-Based Education for Dementia Caregivers,A Randomized Controlled Trial of a Care Partner-Centered Structured Retrieval Practice Intervention for Dementia Caregiver Education and Well-Being,RECRUITING,INTERVENTIONAL,NA,OTHER,"Care, behavior, and quality of life",Care partners or care systems,65,Virginia Wesleyan University,Structured Retrieval Practice; Reading-Based Education,Dementia; Alzheimer Disease; Caregiver Stress,United States,True,1,1,False,True,2026-02-17,2026-02-17,2025-10-03,2026-06-30,2026-06-30,Caregiver Knowledge Retention; Caregiver Self-Efficacy; Caregiver Perceived Stress,
NCT07415408,https://clinicaltrials.gov/study/NCT07415408,App-based Protein Support for Older Adults; Coaching Towards Healthy Ageing,App-based Protein Support for Older Adults; Coaching Towards Healthy Ageing,ENROLLING_BY_INVITATION,INTERVENTIONAL,NA,PREVENTION,Lifestyle and multidomain,Mixed or not specified,140,Radboud University Medical Center,Nutritional coaching via an app; Exercise recommendations,Dietary Protein Intake,Netherlands,False,1,1,False,True,2026-02-17,2026-02-17,2026-01-12,2026-07,2026-08,protein intake,
NCT07416734,https://clinicaltrials.gov/study/NCT07416734,RCT of HeartBot in Women,Efficacy of the Artificial Intelligence HeartBot II in Increasing Awareness and Knowledge of Heart Attack in Women: Study Protocol for a Randomized Controlled Trial With a Waitlist Control,NOT_YET_RECRUITING,INTERVENTIONAL,NA,PREVENTION,Other interventional treatment research,Mixed or not specified,200,"University of California, San Francisco",HeartBot II Program; Waitlist Control,"Participants Must be Women Aged 25 Years or Older; Participants Should Have no Self-reported History of Heart Disease or Stroke; Participants Should Have no Terminal Illness or Diagnosed Cognitive Impairment, Including Alzheimer's Disease; Participants Should Not be a Healthcare Professionals or Healthcare Trainees; Participants Should Not be Employed in the Healthcare Field; Participants Should Reside in the United States and be a University of California, San Francisco Health Patient; Participants Should Possess a Smartphone With an Active Data Plan or Access to Wi-Fi",United States,True,1,1,False,True,2026-02-18,2026-02-18,2026-03-01,2027-06-30,2027-06-30,Awareness and knowledge of symptoms and response to a heart attack,
NCT07419022,https://clinicaltrials.gov/study/NCT07419022,Improv Music Therapy for Older Adults,Impact of Improvisation Music Therapy for Persons Living With Dementia and Their Care Partners,NOT_YET_RECRUITING,INTERVENTIONAL,NA,SUPPORTIVE_CARE,"Care, behavior, and quality of life",Care partners or care systems,40,"University of California, San Francisco",Clinical Improvisation,Alzheimer's Disease (AD); Older Adults (65 Years and Older),United States,True,1,1,False,True,2026-02-18,2026-02-23,2026-12,2028-12,2028-12,Science of Behavior Change (SOBC) Brief-COPE; SOBC Perceived Stress Scale,
NCT07420075,https://clinicaltrials.gov/study/NCT07420075,Alzheimer's Registry,PPD™ CorEvitas™ International Alzheimer's (ALZ) Drug Safety and Effectiveness Registry,ENROLLING_BY_INVITATION,OBSERVATIONAL,NOT_APPLICABLE,,"Care, behavior, and quality of life",Care partners or care systems,2000,CorEvitas,,Alzheimer Disease,United States,True,1,1,False,True,2026-02-19,2026-02-19,2025-11-24,2099-12-31,2099-12-31,"Alzheimer Disease Epidemiology and presentation; Alzheimer Disease management, and outcomes",
NCT07422038,https://clinicaltrials.gov/study/NCT07422038,BioMIND (Biomarkers for the Molecular Identification of Neurodegenerative Dementia) - Improving Access to Alzheimer's Disease Diagnostics: A Pragmatic System Level Intervention,BioMIND (Biomarkers for the Molecular Identification of Neurodegenerative Dementia) - Improving Access to Alzheimer's Disease Diagnostics: A Pragmatic System Level Intervention,NOT_YET_RECRUITING,OBSERVATIONAL,NOT_APPLICABLE,,"Diagnostics, imaging, and biomarkers",MCI or prodromal Alzheimer’s,200,London Health Sciences Centre Research Institute OR Lawson Research Institute of St. Joseph's,,Alzheimer Disease (AD),,False,0,0,False,False,2026-02-19,2026-02-19,2026-02-01,2027-06-30,2027-09-01,Time from Referral to Diagnosis with biomarkers,
NCT07422311,https://clinicaltrials.gov/study/NCT07422311,"To Evaluate the Efficacy, Safety, and Tolerability of Dronabinol Oral Solution for Agitation in Patients With Alzheimer's Disease","A Phase 2/3, Multicentre, Randomised, Double-Blind, Placebo-Controlled Study to Evaluate the Efficacy, Safety, and Tolerability of Dronabinol Oral Solution for Agitation in Patients With Alzheimer's Disease",NOT_YET_RECRUITING,INTERVENTIONAL,PHASE2+PHASE3,PREVENTION,"Care, behavior, and quality of life",Care partners or care systems,140,Benuvia Therapeutics Inc.,Dronabinol Oral Solution; Placebo Control,Agitation in Dementia,Australia,False,1,1,False,True,2026-02-20,2026-02-25,2026-05-01,2028-05-30,2028-08-01,"To assess the efficacy of dronabinol oral solution compared to placebo in reducing agitation in patients with AD.; Change from baseline to Week 12 in the CMAI total score, comparing Dronabinol oral solution versus placebo",
NCT07422857,https://clinicaltrials.gov/study/NCT07422857,Evaluate the Use of [18F]-APN-1607 PET in Subjects With AD-related Cognitive Impairment and Subjects With Normal Cognitive Function,Phase III Multicenter Clinical Trial Evaluating the Use of [18F]-APN-1607 Injection in Positron Emission Tomography in Subjects With AD-related Cognitive Impairment and Subjects With Normal Cognitive Function,RECRUITING,INTERVENTIONAL,PHASE3,DIAGNOSTIC,"Diagnostics, imaging, and biomarkers",MCI or prodromal Alzheimer’s,316,JYAMS PET Research & Development Limited,[18F]-APN-1607,"Subjects With Mild Cognitive Impairment (MCI) of AD, Alzheimer's Disease (AD) Dementia",China,False,1,2,False,True,2026-02-20,2026-02-20,2026-01-22,2026-12-01,2027-02-01,Evaluate the effectiveness of visual reading results of [18 F]-APN-1607 injection PET imaging in detecting tau NFTs（Neurofibrillary Tangles）,
NCT07425106,https://clinicaltrials.gov/study/NCT07425106,"Comparative Study of High Performance Low-Cost Optical Coherence Tomography (Stage 1B, 2 and 3)",Comparative Study of High Performance Low-Cost Optical Coherence Tomography,ENROLLING_BY_INVITATION,INTERVENTIONAL,NA,BASIC_SCIENCE,"Diagnostics, imaging, and biomarkers",MCI or prodromal Alzheimer’s,82,Duke University,retinal imaging with low-cost OCT-a/LCI device,Optical Coherence Tomography of Retina; Alzheimer Disease,United States,True,1,1,False,True,2026-02-20,2026-02-25,2026-02-13,2027-02,2027-02,Number of Participants with Acceptable OCT Image Quality as Measured by Low-Cost OCT Device; RNFL Thickness; GCL Thickness,
NCT07425769,https://clinicaltrials.gov/study/NCT07425769,Adapting RDAD for DS,Adapting the RDAD Intervention for Individuals With Down Syndrome Phase 3- Pilot Test,RECRUITING,INTERVENTIONAL,NA,SUPPORTIVE_CARE,"Care, behavior, and quality of life",Care partners or care systems,40,University of Kansas Medical Center,Remote Exercise Sessions; Caregiver Education Sessions,Down Syndrome (DS); Alzheimer's Disease (AD),United States,True,1,1,False,True,2026-02-23,2026-05-06,2026-03-31,2026-07-31,2026-07-31,Feasibility: Participant Recruitment; Feasibility: Recruitment Rate; Feasibility: Participant retention,
NCT07431255,https://clinicaltrials.gov/study/NCT07431255,Generation of Synthetic [18F]FDG PET From Early-Phase Amyloid PET in Alzheimer's Disease,Generation of Synthetic [18F]FDG PET From Early-Phase Amyloid PET in Alzheimer's Disease,NOT_YET_RECRUITING,OBSERVATIONAL,NOT_APPLICABLE,,"Diagnostics, imaging, and biomarkers",Moderate or later dementia,35,IRCCS San Raffaele,,Alzheimer Disease (AD),Italy,False,1,1,False,True,2026-02-24,2026-02-24,2026-03-01,2026-12-31,2026-12-31,Quantitative Accuracy of Synthetic FDG PET Images (SUVR Correlation and MAE),
NCT07431528,https://clinicaltrials.gov/study/NCT07431528,Dementia and Storytelling in Vietnam,Digital Storytelling to Promote Early Dementia Diagnosis in Rural Vietnam,NOT_YET_RECRUITING,INTERVENTIONAL,NA,DIAGNOSTIC,"Care, behavior, and quality of life",Care partners or care systems,100,"University of Massachusetts, Worcester",Storytelling intervention; Basic information,Alzheimer Dementia (AD),Vietnam,False,1,1,False,True,2026-02-24,2026-02-24,2026-10-01,2027-10-31,2027-10-31,Intervention Feasibility: Participant Recruitment and Retention; Intervention Engagement: Interaction Records from CIAS; Intervention Engagement: Exit Interview,
NCT07433010,https://clinicaltrials.gov/study/NCT07433010,German Dementia Registry,German Dementia Registry,RECRUITING,OBSERVATIONAL,NOT_APPLICABLE,,"Diagnostics, imaging, and biomarkers",MCI or prodromal Alzheimer’s,5000,RWTH Aachen University,This is a registry.,Dementia Disorder,Germany,False,1,24,False,True,2026-02-25,2026-02-25,2022-05-16,2099-12,2099-12,The primary objective is the development of a registry to collect longitudinal data on patients with cognitive impairment and dementia with fluid biomarkers in Germany.,
NCT07435467,https://clinicaltrials.gov/study/NCT07435467,Blood Biomarkers for Alzheimer Disease and Neuro-injury to Estimate the Association With Cognitive/Functional Decline and Mortality in a Real-world Population of GERiatric Hospitalized Patients (BAD-GER),"Blood Biomarkers for Alzheimer Disease and Neuro-injury to Estimate the Association With Cognitive/Functional Decline and Mortality in a Real-world Population of GERiatric Hospitalized Patients (BAD-GER): a Multicenter, Observational, 3-arms, Prospective Study",RECRUITING,OBSERVATIONAL,NOT_APPLICABLE,,"Diagnostics, imaging, and biomarkers",Mixed or not specified,400,Istituto Nazionale di Ricovero e Cura per Anziani,collection of blood samples,Alzheimer Disease; Old Age; Dementia,Italy,False,1,3,False,True,2026-02-27,2026-02-27,2025-04-09,2026-06-30,2026-06-30,All-cause Mortality; Number of hospital readmission,
NCT07444554,https://clinicaltrials.gov/study/NCT07444554,High-Velocity Resistance Training for Brain Blood Flow and Cognitive Function in Older Adults,Training the Aging Brain Through Speed: Examining Cerebrovascular Adaptations Associated With Motor-Cognitive Performance Following High-Velocity Resistance Training in Older Adults at Risk for AD/ADRD,NOT_YET_RECRUITING,INTERVENTIONAL,NA,TREATMENT,"Diagnostics, imaging, and biomarkers",Preclinical or elevated-risk,60,University of Illinois at Chicago,High-Velocity Resistance Training,"At Risk for AD-dementia, With Subjective Cognitive Decline; At Risk for Cognitive Decline",,False,0,0,False,False,2026-03-03,2026-05-05,2026-06,2028-05,2028-05,Change in Executive Function Standard Score; Change in Processing Speed Standard Score,
NCT07456462,https://clinicaltrials.gov/study/NCT07456462,Making Antibody Treatments More Effective in Early Alzheimer's Disease Using 3Tesla Magnetica Resonance,Precision Monitoring and Predictive Models for Optimizing Monoclonal Antibody Therapy in Early Alzheimer's Disease - A Prospective Monocenter Interventional Study on 3T MRI,NOT_YET_RECRUITING,INTERVENTIONAL,NA,OTHER,"Care, behavior, and quality of life",MCI or prodromal Alzheimer’s,50,IRCCS San Raffaele,MRI assessment and blood sample collection,Alzheimer Dementia (AD); Mild Cognitive Impairment (MCI),Italy,False,1,1,False,True,2026-03-06,2026-03-06,2026-05-01,2028-05-01,2029-05-01,Predicting time (in months) to amyloid [¹⁸F]Flutemetamol (amyloid) PET negativity on a single scan; Predicting time (in months) to amyloid [¹⁸F]Flutemetamol (amyloid) PET negativity on two consecutive scans,
NCT07457125,https://clinicaltrials.gov/study/NCT07457125,The Effect of CB-Exo-A600 in Mild to Moderate Alzheimer's Disease,The Safety and Preliminary Efficacy of Exosomes Derived From Umbilical Cord Mesenchymal Stem Cell (CB-Exo-A600) in Mild to Moderate Alzheimer's Disease,RECRUITING,INTERVENTIONAL,PHASE1+PHASE2,TREATMENT,Other interventional treatment research,Care partners or care systems,33,"Xuanwu Hospital, Beijing",Exosomes derived from umbilical cord mesenchymal stem cell for intranasal drop; A placebo of exosomes derived from umbilical cord mesenchymal stem cell for intranasal drop,Mild to Moderate Alzheimer's Disease,China,False,1,1,False,True,2026-03-09,2026-05-22,2026-05-30,2028-12-30,2028-12-30,Incidence of serious adverse events,
NCT07457138,https://clinicaltrials.gov/study/NCT07457138,Lombard Cohort of Brain Health Services,Lombard Cohort of Brain Health Services,RECRUITING,OBSERVATIONAL,NOT_APPLICABLE,,"Diagnostics, imaging, and biomarkers",Subjective cognitive concerns,1000,University of Milano Bicocca,,Subjective Cognitive Decline (SCD); Functional Cognitive Disorder; Alzheimer's Disease; Brain Health,Italy,False,1,5,False,True,2026-03-09,2026-03-17,2026-02-01,2028-02-01,2033-02-01,"Clinical, neuropsychological, and biological patterns associated with AD plasma biomarker positivity at baseline",
NCT07458620,https://clinicaltrials.gov/study/NCT07458620,Prospective Single-Arm Safety Study of Cervical LVA in AD Patients,Prospective Single-Arm Safety Study of Cervical Lymphaticovenular Anastomosis (LVA) in Patients With Alzheimer's Disease,NOT_YET_RECRUITING,INTERVENTIONAL,PHASE1,TREATMENT,"Care, behavior, and quality of life",Moderate or later dementia,35,Chang Gung Memorial Hospital,Supermicrosurgical Lymphaticovenular Anastomosis (LVA),Alzheimer's Disease (AD),Taiwan,False,1,1,False,True,2026-03-09,2026-03-09,2026-03,2027-05,2028-09,Incidence of Treatment-Emergent Adverse Events (Safety and Feasibility),
NCT07459660,https://clinicaltrials.gov/study/NCT07459660,An Open-Label Study of ML-007C-MA in Adults With Alzheimer's Disease Psychosis,An Open-Label Study to Assess the Long-Term Safety and Tolerability of ML007C-MA in Adult Participants With Hallucinations and Delusions Associated With Alzheimer's Disease Psychosis,RECRUITING,INTERVENTIONAL,PHASE2,TREATMENT,Tau-targeting approaches,Care partners or care systems,210,MapLight Therapeutics,ML-007C-MA,Psychosis Associated With Alzheimer's Disease,United States,True,1,3,False,True,2026-03-10,2026-04-14,2026-03-25,2029-03,2029-03,To assess the safety and tolerability of long-term ML-007C-MA administration in participants with hallucinations and delusions associated with AD,
NCT07459959,https://clinicaltrials.gov/study/NCT07459959,"LiO-AD: Lithium Orotate in Alzheimers Disease Feasibility, Biomarker Engagement, and Clinical Response","LiO-AD: Lithium Orotate in Alzheimers Disease Feasibility, Biomarker Engagement, and Clinical Response",NOT_YET_RECRUITING,INTERVENTIONAL,PHASE1+PHASE2,TREATMENT,"Care, behavior, and quality of life",Care partners or care systems,40,Johns Hopkins University,Lithium orotate; Matched Placebo (Capsules),Alzheimer s Disease,,False,0,0,False,False,2026-03-10,2026-06-08,2026-10-01,2029-06-01,2029-08-31,"Feasibility (Recruitment, Retention); Feasibility (Visit Completion); Feasibility (Adherence)",
NCT07465783,https://clinicaltrials.gov/study/NCT07465783,Effects of Musical Intervention by a Therapist (IMT) on Falling Asleep and Behavioral Regulation in a Secure Care Unit (SCU),Effects of Musical Intervention by a Therapist (IMT) on Falling Asleep and Behavioral Regulation in a Secure Care Unit (SCU) Pilot Study,NOT_YET_RECRUITING,INTERVENTIONAL,NA,OTHER,Lifestyle and multidomain,Mixed or not specified,48,Centre Hospitalier Universitaire de Saint Etienne,Test musicale intervention; Controle: audio book,Alzheimer Disease or Associated Disorder,France,False,1,1,False,True,2026-03-12,2026-03-12,2026-06,2027-07,2027-09,Music,
NCT07466394,https://clinicaltrials.gov/study/NCT07466394,COGSCREEN II: Early Detection of Cognitive Impairment,German: COGSCREEN II: Früherkennung Kognitiver Störungen Durch Screeningverfahren Von Haus- Und Fachärzten Bei Senioren in Deutschland English: COGSCREEN II: Early Detection of Cognitive Impairment Through Screening Procedures by General Practitioners and Specialists in Older Adults in Germany (DAC AccDx Munich Site),RECRUITING,INTERVENTIONAL,NA,SCREENING,"Diagnostics, imaging, and biomarkers",Subjective cognitive concerns,400,Robert Perneczky,Early Detection,Alzheimer's Disease (AD),Germany,False,1,1,False,True,2026-03-12,2026-03-12,2025-06-01,2027-07-01,2027-07-01,Percentage of Participants With Alzheimer's Disease Diagnosis Supported by Blood Biomarker Evidence,
NCT07467460,https://clinicaltrials.gov/study/NCT07467460,Precision Medicine and Neurodegenerative Diseases: Advanced Systems for the Diagnosis and Treatment of Parkinson's Disease and Alzheimer's Disease.,NEUROTECHNO: Precision Medicine and Neurodegenerative Diseases: Advanced Systems for the Diagnosis and Treatment of Parkinson's Disease and Alzheimer's Disease.,RECRUITING,OBSERVATIONAL,NOT_APPLICABLE,,"Care, behavior, and quality of life",Moderate or later dementia,500,Neuromed IRCCS,,PARKINSON DISEASE (Disorder); Alzheimer s Disease; Diabete Type 2,Italy,False,1,1,False,True,2026-03-12,2026-03-12,2026-02-17,2028-09-30,2028-09-30,motor symptoms of PD patients will be evaluated with Hoehn and Yahr (HY) score; motor and non motor symptoms of PD patients will be evaluated with MDS-UPDRS; clinical evaluation of cognitive impairment of PD and AD patients,
NCT07473492,https://clinicaltrials.gov/study/NCT07473492,Assessment of Malnutrition in Hospitalized Patients: a Quasi Study,Assessment of Malnutrition in Hospitalized Patients: a Quasi Study,NOT_YET_RECRUITING,OBSERVATIONAL,NOT_APPLICABLE,,"Care, behavior, and quality of life",Mixed or not specified,300,AlFayhaa General Hospital,Nutritional Assessment and Medication Review; Nutritional Assessment and Medication Review,"COPD , Neurology , ICU; Alzheimer; Alzheimer s Disease",,False,0,0,False,False,2026-03-16,2026-03-16,2026-04-01,2026-08-01,2026-09-01,"oint Prevalence of Malnutrition using GLIM Criteria and NRS-2002; Point Prevalence of Malnutrition using GLIM Criteria , NRS2002",
NCT07477431,https://clinicaltrials.gov/study/NCT07477431,Levetiracetam for Persons at Risk for Alzheimer's Disease,"A Proof-of-Concept, Multicentre, Phase IIb, Randomized Double-Blind Crossover Trial of Levetiracetam vs Placebo for Hippocampal Hyperactivity in Cognitively Normal Individuals at Risk for Alzheimer's Disease",RECRUITING,INTERVENTIONAL,PHASE2,TREATMENT,"Diagnostics, imaging, and biomarkers",Preclinical or elevated-risk,40,Sunnybrook Health Sciences Centre,Levetiracetam (LEV); Placebo,Hippocampal Hyperactivation; Prodromal Alzheimer Disease,Canada,False,1,2,False,True,2026-03-17,2026-03-17,2025-10-23,2027-01,2027-02,"Level of fMRI activity in the hippocampus and entorhinal cortex during a pattern separation task (PST), as a function of LEV vs placebo",
NCT07479914,https://clinicaltrials.gov/study/NCT07479914,Art of Memory for Cognitive Enhancement in the Monza Brain Health Service,Art of Memory for Cognitive Enhancement in the Monza Brain Health Service,ACTIVE_NOT_RECRUITING,INTERVENTIONAL,NA,TREATMENT,"Diagnostics, imaging, and biomarkers",Subjective cognitive concerns,80,University of Milano Bicocca,Art of memory classes; General information on art of memory,Subjective Cognitive Decline (SCD); Alzheimer's Disease; Cognitive Enhancement,Italy,False,1,1,False,True,2026-03-18,2026-03-18,2025-11-24,2026-06-01,2026-09-01,"Change from baseline to 6 months in composite neuropsychological test battery (NTB) z-score (range: - infinity, infinity; higher scores mean better outcomes)",
NCT07480187,https://clinicaltrials.gov/study/NCT07480187,Toward Molecular Profiling of Parkinson's Disease in Easily Accessible Biological Matrices,Toward Molecular Profiling of Parkinson's Disease in Easily Accessible Biological Matrices,ACTIVE_NOT_RECRUITING,INTERVENTIONAL,NA,DIAGNOSTIC,"Diagnostics, imaging, and biomarkers",Preclinical or elevated-risk,340,Azienda Ospedaliera di Perugia,biomarkers,Parkinson Disease; Synucleinopathy; Alzheimer Disease,Italy,False,1,3,False,True,2026-03-18,2026-03-18,2023-05-20,2025-02-17,2026-05-20,clinical or CSF-based diagnosis; Biological signature of Parkinson's disease,
NCT07482072,https://clinicaltrials.gov/study/NCT07482072,Brain Blood Flow and Sugar Transport in Alzheimer's Disease With and Without Diabetes - A Pilot Imaging Study,Imaging Biomarkers in Alzheimer's Disease - an Exploratory PET Study,RECRUITING,OBSERVATIONAL,NOT_APPLICABLE,,"Care, behavior, and quality of life",Moderate or later dementia,60,"Rigshospitalet, Denmark",[18F]FDG PET; [11C]PIB,Alzheimer Dementia (AD); Diabete Type 2,Denmark,False,1,1,False,True,2026-03-19,2026-03-19,2026-03,2026-12,2026-12,Glucose transport,
NCT07482800,https://clinicaltrials.gov/study/NCT07482800,Dementia in Fiction and Clinical Narratives,Examining Representations of Dementia in Fiction and Clinical Narratives,RECRUITING,OBSERVATIONAL,NOT_APPLICABLE,,"Diagnostics, imaging, and biomarkers",MCI or prodromal Alzheimer’s,40,Fu Jen Catholic University,,Dementia; Alzheimer s Disease,Taiwan,False,1,1,False,True,2026-03-19,2026-03-20,2026-03-17,2026-07-31,2026-07-31,Mini-Mental State Examination,
NCT07485153,https://clinicaltrials.gov/study/NCT07485153,A Study to Compare Two Different Sleep Tests in Participants With No Symptoms or Early Symptoms of Alzheimer's Disease,"A Study to Assess the Use of the Somfit, an Ambulatory Electroencephalogram-Based Digital Health Technology, Compared With Polysomnography to Evaluate Sleep Architecture in Individuals With Asymptomatic or Early Alzheimer's Disease",NOT_YET_RECRUITING,OBSERVATIONAL,NOT_APPLICABLE,,Lifestyle and multidomain,Preclinical or elevated-risk,35,Eli Lilly and Company,Mobile EEG; Activity Monitor; Sleep Study,Alzheimer's Disease; Early Alzheimer's Disease; Memory Problems,Singapore,False,1,1,False,True,2026-03-20,2026-03-20,2026-03,2026-09,2026-09,Percentage of Agreement between Participants with the Same Results in Sleep Staging Using EEG and Sleep Study,
NCT07485387,https://clinicaltrials.gov/study/NCT07485387,Global Collaborative Research on Establishing a Korean Cognitive Aging Cohort,Global Collaborative Research on Establishing a Korean Cognitive Aging Cohort That is Associated With the Einstein Aging Study,RECRUITING,OBSERVATIONAL,NOT_APPLICABLE,,"Care, behavior, and quality of life",MCI or prodromal Alzheimer’s,180,Korea University,,Mild Cognitive Impairment (MCI); Dementia Alzheimer Type; Chronic Pain; Depression - Major Depressive Disorder,South Korea,False,1,1,False,True,2026-03-20,2026-03-20,2025-04-01,2027-04-30,2037-12-31,Incident MCI and Dementia Diagnosis; SNSB-2 Composite Score; Wechsler Memory Scale Score,
NCT07486037,https://clinicaltrials.gov/study/NCT07486037,Caring for Caregivers of Individuals With Alzheimer's Disease,Caring for Caregivers of Individuals With Alzheimer's Disease- Promoting Virtual Home-based Exercise for Caregiver Wellbeing,RECRUITING,INTERVENTIONAL,NA,PREVENTION,"Care, behavior, and quality of life",Care partners or care systems,25,Indiana University,Exercise,Intervention Group; Treatment as Usual,United States,True,1,1,False,True,2026-03-20,2026-05-11,2026-03-01,2028-05-01,2028-06-01,Physical Activity,
NCT07489599,https://clinicaltrials.gov/study/NCT07489599,A Study of QLH2405 in Healthy Participants and Participants With Mild Cognitive Impairment Due to Alzheimer's Disease and Mild Alzheimer's Disease,"A Randomized, Double-Blind, Placebo-Controlled, Phase I Study to Evaluate the Safety, Tolerability, Pharmacokinetics, and Pharmacodynamics of Single, Subcutaneous, Ascending Doses of QLH2405 Injection in Healthy Participants and Participants With Mild Cognitive Impairment Due to Alzheimer's Disease and Mild Alzheimer's Disease",NOT_YET_RECRUITING,INTERVENTIONAL,PHASE1,TREATMENT,Other interventional treatment research,Care partners or care systems,68,"Qilu Pharmaceutical Co., Ltd.",QLH2405; QLH2405; Placebo; QLH2405; Placebo; QLH2405; Placebo; QLH2405; Placebo; QLH2405; Placebo; QLH2405; Placebo; QLH2405; Placebo; QLH2405; Placebo,Alzheimer's Disease(AD); Mild Cognitive Impairment (MCI),,False,0,0,False,False,2026-03-24,2026-03-24,2026-03,2027-03,2027-03,Adverse Events (AEs),
NCT07496021,https://clinicaltrials.gov/study/NCT07496021,Safety and Efficacy of L. Lactis CKDB001 in Subjects With Early Alzheimer's Disease,"A Randomized, Placebo-Controlled, Double-Blind, 24-Week Proof-of-Concept Study to Evaluate the Safety and Efficacy of L. Lactis CKDB001 in Subjects With Early Alzheimer's Disease",RECRUITING,INTERVENTIONAL,NA,TREATMENT,Other interventional treatment research,Early Alzheimer’s disease,60,CKD Bio Corporation,L. lactis CKDB001; Placebo,Early Alzheimers Disease,South Korea,False,1,2,False,True,2026-03-27,2026-03-30,2026-02-23,2027-05-31,2027-05-31,Change from baseline in the ADAS-Cog 14 total score at Weeks 12 and 24; Change from baseline in the ADAS-Cog 14 memory box score at Weeks 12 and 24; Change from baseline in the ADCS-MCI-ADL score at Weeks 12 and 24,
NCT07496918,https://clinicaltrials.gov/study/NCT07496918,"Brain Effects of Gamma Frequency Sensory Stimulation (40Hz Light, Sound and Other Devices)",Pilot Study to Evaluate Feasibility of Sensory Stimulation With Gamma Frequency Entrainment,RECRUITING,INTERVENTIONAL,PHASE2,TREATMENT,"Diagnostics, imaging, and biomarkers",Mixed or not specified,150,Massachusetts Institute of Technology,GENUS; Tactile GENUS,Cognitively Healthy People; Alzheimer Disease,United States,True,1,1,False,True,2026-03-27,2026-03-27,2018-02-20,2027-01-30,2027-01-30,Effects of GENUS on brain oscillations; Effects of GENUS on brain oscillations; Effects of GENUS on brain oscillations,
NCT07502560,https://clinicaltrials.gov/study/NCT07502560,A Study to Evaluate the Effect of Recombinant Zoster Vaccine on New Diagnosis of Dementia in an Older Adult Population Aged 76 Years or Older in Finland,"A Randomized, Placebo Controlled, Observer-blind, Phase IV Pragmatic Trial to Evaluate the Effect of Recombinant Zoster Vaccine (Shingrix) on Incident Dementia Diagnosis in an Older Adult Population Aged ≥76 Years in Finland",RECRUITING,INTERVENTIONAL,PHASE4,PREVENTION,Other interventional treatment research,MCI or prodromal Alzheimer’s,33609,GlaxoSmithKline,Recombinant zoster vaccine; Placebo,Herpes Zoster,Finland,False,1,8,False,True,2026-03-31,2026-05-12,2026-03-31,2030-04-01,2037-03-31,Hazard ratio of incident dementia diagnosis,
NCT07505095,https://clinicaltrials.gov/study/NCT07505095,Efficacy of Lecanemab at Different Therapeutic Doses for Alzheimer's Disease (AD) in Real-World Practice,Efficacy of Lecanemab at Different Therapeutic Doses for Alzheimer's Disease (AD) in Real-World Practice,NOT_YET_RECRUITING,OBSERVATIONAL,NOT_APPLICABLE,,Amyloid-targeting approaches,MCI or prodromal Alzheimer’s,140,"Second Affiliated Hospital, School of Medicine, Zhejiang University",Lecanemab 10 mg/kg; Lecanemab 5-10mg/kg,"Alzheimer Disease (AD); Alzheimer Dementia; MCI-AD, Early Stage Alzheimer's Disease",China,False,1,1,False,True,2026-04-01,2026-04-01,2026-04-30,2027-04-30,2028-01-31,Aβ-PET centiloid values,
NCT07509125,https://clinicaltrials.gov/study/NCT07509125,"Ultra-High Resolution PET in Aging, Neurodegeneration and Psychotic Disorders","Ultra-High Resolution PET of the Human Brain and Spinal Cord in Healthy Aging, Dementia, Movement Disorders, ALS and Psychotic Disorders",RECRUITING,INTERVENTIONAL,NA,DIAGNOSTIC,"Diagnostics, imaging, and biomarkers",MCI or prodromal Alzheimer’s,300,Universitaire Ziekenhuizen KU Leuven,UHR PET/CT scan of the brain with ¹⁸F-FDG; UHR PET/CT scan of the brain with ¹⁸F-PE2I; UHR PET/CT scan of the brain with ¹⁸F-SynVesT-1; UHR PET/CT scan of the brain with ¹⁸F-MK6240; 3T MRI imaging of the brain,Alzheimer Dementia (AD); ALS - Amyotrophic Lateral Sclerosis; Parkinson s Disease; REM Sleep Behavior Disorder (iRBD); PSP - Progressive Supranuclear Palsy; MSA - Multiple System Atrophy; Dementia With Lewy Bodies (DLB); ALS With Frontotemporal Dementia (ALS/FTD); Adult Onset Psychotic Disorder; Very Late Onset Psychotic Disorder,Belgium,False,1,1,False,True,2026-04-03,2026-04-03,2026-02-13,2029-09,2029-09,"Volume distribution (mL/cm³) in small brain nuclei of tracers ¹⁸F-FDG, ¹⁸F-PE2I, ¹⁸F-SynVesT-1 and ¹⁸F-MK6240; Standardized uptake value ratios (SUVR) in small brain nuclei of tracers ¹⁸F-FDG, ¹⁸F-PE2I, ¹⁸F-SynVesT-1 and ¹⁸F-MK6240",
NCT07511868,https://clinicaltrials.gov/study/NCT07511868,Digital Application for Stroke Health,Evaluating a Digital Health Application for Post-stroke Care and Vascular Risk Factor Management - a Multicenter Randomized Controlled Clinical Investigation,NOT_YET_RECRUITING,INTERVENTIONAL,NA,SUPPORTIVE_CARE,"Care, behavior, and quality of life",Care partners or care systems,500,VASCage GmbH,StrokeApp; Standard care,Haemorrhagic Stroke; Ischaemic Stroke; Transient Ischemic Attack (TIA),Austria,False,1,7,False,True,2026-04-06,2026-04-06,2026-04-01,2026-12-31,2026-12-31,Health-related quality of life (EQ VAS),
NCT07512362,https://clinicaltrials.gov/study/NCT07512362,Human Mesenchymal Stem Cells & Monoclonal Antibodies in the Treatment for Mild Cognitive Impairment or Early Alzheimer's Disease.,A Pilot Study to Assess the Effect of Adding 1 Infusion of Human Mesenchymal Stem Cells (hMSC) to Patients Treated With Anti-Amyloid Monoclonal Antibodies Who Are Suffering From Mild Cognitive Impairment or Mild Alzheimer's Disease.,RECRUITING,INTERVENTIONAL,PHASE2,TREATMENT,Amyloid-targeting approaches,MCI or prodromal Alzheimer’s,10,Bernard (Barry) Baumel,human Mesenchymal Stem Cells,Mild Cognitive Impairment; Early Alzheimer's Disease; AD-MCI,United States,True,1,1,False,True,2026-04-06,2026-05-28,2026-05-15,2028-06-15,2028-06-15,Change in Alzheimer's Disease Scale-Cognitive Subscale (ADAS-Cog),
NCT07514520,https://clinicaltrials.gov/study/NCT07514520,"Decision-making, Ethical Consent, and Interactive Dialogue in Ongoing Neurocognitive Decline - DECISION","Decision-making, Ethical Consent, and Interactive Dialogue in Ongoing Neurocognitive Decline - DECISION",ACTIVE_NOT_RECRUITING,OBSERVATIONAL,NOT_APPLICABLE,,"Care, behavior, and quality of life",Care partners or care systems,100,Ludwig-Maximilians - University of Munich,,Alzheimer Disease; Neurodegenerative Diseases,Germany,False,1,1,False,True,2026-04-07,2026-04-16,2025-10-02,2026-09-01,2026-10-01,Development and Validation of a Consent Capacity Assessment Tool in Neurocognitive Disorders,
NCT07516119,https://clinicaltrials.gov/study/NCT07516119,Predicting Pre-dementia,Assessing Tools That Predict and Stage Mild Cognitive Impairment,RECRUITING,OBSERVATIONAL,NOT_APPLICABLE,,"Diagnostics, imaging, and biomarkers",Preclinical or elevated-risk,100,Prevention Research Consortium Corp.,,Mild Cognitive Impairment (MCI); Alzheimer Dementia (AD); Alzheimer Disease (AD); APOE-4 Positive,United States,True,1,1,False,True,2026-04-07,2026-04-07,2026-04-15,2029-04-15,2029-04-15,Conversion from Cognitively Normal (CN) pTau217 Negative to pTau217-Positive,
NCT07521384,https://clinicaltrials.gov/study/NCT07521384,Real World Outcomes of Intranasal MuSE Exosomes and Stem Cells in Neurological Regenerative Therapy,"Prospective Observational Multi Cohort Study of Intranasal MuSE Cell Derived Exosomes, MuSE Stem Cells, and Combination Therapy Delivered Via the Kurve Therapeutics ViaNase Device in Patients Receiving International Regenerative Treatments",ENROLLING_BY_INVITATION,OBSERVATIONAL,NOT_APPLICABLE,,"Care, behavior, and quality of life",Mixed or not specified,36,Healing Hope International,,Traumatic Brain Injury; Cerebral Palsy; Hypoxic Ischemic Encephalopathy; Neurologic Disorders; MS (Multiple Sclerosis); Alzheimer Dementia (AD); Parkinson Disease (PD); Stroke; Autism,Mexico,False,1,1,False,True,2026-04-09,2026-04-09,2026-06-01,2028-01-01,2029-01-30,Change in Serum Tumor Necrosis Factor Alpha (TNF-α) From Baseline to 1 Month; Incidence of Adverse Events,
NCT07521722,https://clinicaltrials.gov/study/NCT07521722,DIV-AD BARCELONA: Alzheimer's Blood-Based Biomakers for a Diverse Community,DIV-AD BARCELONA: Alzheimer's Blood-Based Biomakers for a Diverse Community,NOT_YET_RECRUITING,OBSERVATIONAL,NOT_APPLICABLE,,"Diagnostics, imaging, and biomarkers",Preclinical or elevated-risk,250,"Barcelonabeta Brain Research Center, Pasqual Maragall Foundation",,"Alzheimer Disease; Cognitive Dysfunction, Cognitive Disorder; Dementia; Neurodegenerative Disease",Spain,False,1,1,False,True,2026-04-13,2026-04-13,2026-04-27,2027-04-27,2029-01-01,Plasma levels of Alzheimer's disease blood-based biomarkers across ethnic groups,
NCT07526480,https://clinicaltrials.gov/study/NCT07526480,Improving Dementia Care in Primary Practice,Improving Dementia Care in Primary Practice,NOT_YET_RECRUITING,INTERVENTIONAL,NA,SCREENING,"Diagnostics, imaging, and biomarkers",Subjective cognitive concerns,80,Thomas Jefferson University,Improving Dementia Care; Enhanced Usual Care,Alzheimer Disease (AD); Mild Cognitive Impairment (MCI); Dementia,,False,0,0,False,False,2026-04-13,2026-04-17,2026-05-04,2027-05-03,2027-05-03,Incident cognitive diagnoses.,
NCT07529015,https://clinicaltrials.gov/study/NCT07529015,Acoustic Stimulation During Sleep: Effects on Memory and p-tau217 in MCI,"The Impact of Phase-locked Acoustic Stimulation on Sleep Structure, Memory Consolidation, and Plasma p-tau217 in Patients With Mild Cognitive Impairment",NOT_YET_RECRUITING,INTERVENTIONAL,NA,OTHER,"Diagnostics, imaging, and biomarkers",Preclinical or elevated-risk,114,Institut de Recerca Biomèdica de Lleida-Fundació Dr. Pifarré (IRBLleida),Plase-Locked Acoustic Stimulation during slow-wave sleep; Phase-locked acoustic stimulation-Sham condition,Alzheimer's Disease (AD); Mild Cognitive Impairment (MCI) Amnestic; Cognitively Unimpaired,Spain,False,1,1,False,True,2026-04-14,2026-04-14,2026-04,2027-09,2028-12,Impact on SWS: SO and sleep spindle density; Impact on SWS: SO and sleep spindle duration; Impact on SWS: SO and sleep spindle peak-to-peak amplitude,
NCT07531732,https://clinicaltrials.gov/study/NCT07531732,Links Between Self-awareness and Sociocognitive Processes in Neurodegenerative Diseases,"Study of the Links Between Self-awareness and Sociocognitive Processes in Neurodegenerative Diseases in People With Frontotemporal Lobar Degeneration, Behavioral Variant and Alzheimer's Disease",RECRUITING,OBSERVATIONAL,NOT_APPLICABLE,,"Diagnostics, imaging, and biomarkers",Moderate or later dementia,34,Assistance Publique - Hôpitaux de Paris,Computer-based facial expression recognition task; Computerized affective task; UCLA Structured Insight Interview; Barber's Standardized Suggestibility Scale,"Frontotemporal Dementia, Behavioral Variant; Alzheimer Disease",France,False,1,1,False,True,2026-04-15,2026-04-15,2026-04,2027-12,2027-12,Metacognitive efficiency during facial emotion recognition (Mratio),
NCT07532590,https://clinicaltrials.gov/study/NCT07532590,Patients With Pancreatic Tumor: Use of an App to Monitor Progress in a Simple and Intuitive Way by Periodically Completing Targeted Questionnaires and Providing Educational and Informational Content (PancreasPlus).,A Prospective Study on the Use of an App (PancreasPlus) for Home Monitoring and Proactive Management of Patients With Pancreatic Cancer.,RECRUITING,INTERVENTIONAL,NA,OTHER,"Care, behavior, and quality of life",Care partners or care systems,185,Casa di Cura Dott. Pederzoli,use of PancreasPlus app,Ductal Adenocarcinoma of Pancreas; Pancreatectomy; Caregiver; Nutritional Evaluation; Post Surgery Patients; Pain Management,Italy,False,1,2,False,True,2026-04-16,2026-05-11,2026-02-26,2027-03,2027-04,Feasibility and Engagement; Consumer-Perceived Quality of Care (CSQ-8 Score),
NCT07543094,https://clinicaltrials.gov/study/NCT07543094,Efficacy and Safety of Temporal Interference Stimulation on Cognitive Function in Patients With Early-Stage Alzheimer's Disease,"A Randomized, Double-Blind, Controlled Trial to Evaluate the Efficacy and Safety of Temporal Interference Stimulation on Cognitive Function in Patients With Early-Stage Alzheimer's Disease",ENROLLING_BY_INVITATION,INTERVENTIONAL,NA,TREATMENT,Devices and brain stimulation,Early Alzheimer’s disease,40,Ruijin Hospital,Temporal Interference Stimulation; Sham Stimulation,Alzheimer Disease,China,False,1,1,False,True,2026-04-21,2026-04-24,2025-11-01,2027-09-30,2027-09-30,Changes in Alzheimer's Disease Assessment Scale-Cognitive Subscale (ADAS-Cog 11) Score,
NCT07544953,https://clinicaltrials.gov/study/NCT07544953,Amyloid Monoclonal Antibody Treatment in PD Patients With Coexistent AD Pathology,Efficacy of Lecanemab in Patients With Parkinson's Disease With Coexistent Alzheimer's Disease,NOT_YET_RECRUITING,INTERVENTIONAL,NA,TREATMENT,"Care, behavior, and quality of life",MCI or prodromal Alzheimer’s,60,Yonsei University,Lecanemab; Lecanemab non-administration group,Parkinson Disease,South Korea,False,1,1,False,True,2026-04-22,2026-04-22,2026-05,2030-06,2030-11,Changes in amyloid dposition on amyloid imaging scans,
NCT07545473,https://clinicaltrials.gov/study/NCT07545473,Retinal Hyperspectral Imaging in Neurodegenerative Diseases,Retinal Hyperspectral Imaging in Neurodegenerative Diseases,RECRUITING,INTERVENTIONAL,NA,OTHER,"Diagnostics, imaging, and biomarkers",Preclinical or elevated-risk,930,Center for Eye Research Australia,Hyperspectral camera,Dementia; Neurodegenerative Diseases; Alzheimer Disease; Parkinson Disease; Frontotemporal Dementia; Vascular Dementia; Lewy Body Disease; Niemann-Pick Diseases,Australia,False,1,1,False,True,2026-04-22,2026-04-22,2021-10-11,2028-12-31,2028-12-31,Diagnostic classification of neurodegenerative diseases using hyperspectral retinal imaging,
NCT07545577,https://clinicaltrials.gov/study/NCT07545577,Randomized Controlld Trial of Dementia Education Resources for Action,Evaluation of Dementia Education and Resources for Action,NOT_YET_RECRUITING,INTERVENTIONAL,NA,OTHER,Other interventional treatment research,Mixed or not specified,100,George Mason University,DERA Online Training Program,Alzheimer's Disease and Related Dementia,,False,0,0,False,False,2026-04-22,2026-05-12,2026-04-16,2026-06-30,2026-08-31,Dementia Knowledge,
NCT07553338,https://clinicaltrials.gov/study/NCT07553338,Safety Assessment of Leronlimab and Its Effect on Brain Inflammation in Alzheimer's Disease,Safety Assessment of Leronlimab and Its Effect on Neuroinflammation Targets in Alzheimer's Disease,RECRUITING,INTERVENTIONAL,PHASE2,TREATMENT,"Diagnostics, imaging, and biomarkers",MCI or prodromal Alzheimer’s,20,Weill Medical College of Cornell University,Leronlimab (700mg),Mild Cognitive Impairment (MCI) Due to Alzheimer's Disease; Alzheimer's Disease,United States,True,1,1,False,True,2026-04-28,2026-05-22,2026-04-30,2027-11,2027-11,Mean change from baseline in whole-brain inflammation using 11C-DPA-713 Positron Emission Tomography (PET),
NCT07554872,https://clinicaltrials.gov/study/NCT07554872,Study of Neural Stem Cell-Derived Exosomes in Moderate-to-Severe Early-Onset Alzheimer's Disease,"A Phase I, Open-Label, Single-Center, Frequency-Escalation Study of the Safety, Tolerability, and Preliminary Efficacy of Neural Stem Cell-Derived Exosomes in Patients With Moderate-to-Severe Early-Onset Alzheimer's Disease",NOT_YET_RECRUITING,INTERVENTIONAL,PHASE1,TREATMENT,"Care, behavior, and quality of life",Care partners or care systems,9,Shanghai Mental Health Center,Neural Stem Cell-Derived Exosomes,Alzheimer Disease (AD),China,False,1,1,False,True,2026-04-28,2026-05-15,2026-05,2027-10-20,2027-12,Number of Participants With Treatment-Related Adverse Events; Number of Participants With Treatment-Related Clinical Laboratory Abnormalities,
NCT07558785,https://clinicaltrials.gov/study/NCT07558785,Telemedicine Self-examination of Speech and Memory for Rapid Detection of Cognitive Impairments Using Machine Learning Methods,Telemedicine Self-examination of Speech and Memory for Rapid Detection of Cognitive Impairments Using Machine Learning Methods,ENROLLING_BY_INVITATION,INTERVENTIONAL,NA,DIAGNOSTIC,"Diagnostics, imaging, and biomarkers",MCI or prodromal Alzheimer’s,500,Faculty Hospital Kralovske Vinohrady,The Repeatable Battery for the Assessment of Neuropsychological Status (RBANS); the Mississippi Aphasia Screening Test; Amnesia Light and Brief Assessment (ALBA); The Picture naming and immediate recall test (PICNIR); Geriatric Depression Scale (GDS-15); The Beck Anxiety Inventory (BAI); Digitial Diagnostics of Dementia (DDD),Mild Cognitive Impairment (MCI); Dementia; Mild Cognitive Impairment (MCI) Amnestic; Frontotemporal Degeneration (FTD); Alzheimer Disease (AD),Czechia,False,1,3,False,True,2026-04-30,2026-04-30,2023-09-01,2025-12-31,2026-08-31,The difference in results between groups of patients with cognitive impairment and healthy individuals in individual parts of our experimental neuropsychological battery Diagnostic Test: Digitial Diagnostics of Dementia (DDD); Correlation of the results of our experimental battery (DDD) with RBANS; Correlation of the results of our experimental battery (DDD) with MAST,
NCT07563270,https://clinicaltrials.gov/study/NCT07563270,GAPcareAD: A Brief Emergency Department Intervention to Address Post-Fall Care Needs of Persons Living With Dementia and Care Partners,GAPcareAD: A Brief Emergency Department Intervention to Address Post-Fall Care Needs of Persons Living With Dementia and Care Partners,NOT_YET_RECRUITING,INTERVENTIONAL,NA,PREVENTION,"Care, behavior, and quality of life",Care partners or care systems,700,"University of Colorado, Denver",Fall Prevention,Alzheimer's Disease and Related Dementia,,False,0,0,False,False,2026-05-04,2026-05-15,2026-09-30,2029-03-30,2031-03-31,Effect of intervention,
NCT07564700,https://clinicaltrials.gov/study/NCT07564700,A Study Testing Whether Low-Dose Radiation Could Help the Immune System and Possibly Improve Early-Onset Alzheimer's Disease.,A Randomized Clinical Feasibility Trial Investigating Low-Dose Radiotherapy as an Immunomodulatory Therapeutic Modality for Early-Onset Alzheimer's Disease: A Pilot Investigation,NOT_YET_RECRUITING,INTERVENTIONAL,NA,TREATMENT,"Diagnostics, imaging, and biomarkers",MCI or prodromal Alzheimer’s,50,"Heinrich-Heine University, Duesseldorf",Low-Dose Whole-Brain Radiotherapy; Control Condition (No Radiotherapy),Alzheimer Disease (AD); Early Onset Alzheimer Disease,Germany,False,1,1,False,True,2026-05-04,2026-05-04,2026-05-15,2027-12-15,2028-05-31,Change in the CERAD-Plus score,
NCT07568041,https://clinicaltrials.gov/study/NCT07568041,Phase 1 Study to Evaluate the Safety and Tolerability of 8M2D in Healthy People and Alzheimer's Patients,"A Phase Ia (SAD/MAD), Randomized, Double-Blind, Placebo-Controlled Trial and Phase Ib Open-Label Trial to Evaluate Safety, Tolerability, PK, and Exploratory Immunogenicity of Single and Multiple Doses of 8M2D in Healthy Participants and Early AD Participants.",NOT_YET_RECRUITING,INTERVENTIONAL,PHASE1,TREATMENT,Amyloid-targeting approaches,MCI or prodromal Alzheimer’s,54,Cenna Biosciences Inc.,8M2D; Placebo,Alzheimer's Disease (AD),,False,0,0,False,False,2026-05-05,2026-05-05,2026-09-15,2027-09,2027-12,Number of participants reporting treatment-emergent adverse events; Number of participants reporting treatment-emergent adverse events that require discontinuation of therapy due to intolerable side effects; Number of participants reporting injection site reactions,
NCT07570719,https://clinicaltrials.gov/study/NCT07570719,Community-based Screening for Alzheimer's Disease,"Stratified Screening of Blood Biomarkers for Alzheimer's Disease: a Prospective, Real World, Community-based Study",RECRUITING,OBSERVATIONAL,NOT_APPLICABLE,,"Diagnostics, imaging, and biomarkers",MCI or prodromal Alzheimer’s,3000,Kuang XiaoJun,No study-specific intervention,Alzheimer's Disease(AD); Mild Cognitive Impairment (MCI); Cognitive Impairment,China,False,1,4,False,True,2026-05-06,2026-05-06,2026-05-01,2027-03-31,2028-03-31,Blood biomarkers （pTau217、Aβ42、GFAP）,
NCT07572565,https://clinicaltrials.gov/study/NCT07572565,REPAIR Sleep Study,Testing Cognitive Behavioral Therapy for Insomnia (CBT-I) on Dyadic Sleep in Dementia: A Randomized Control Trial,NOT_YET_RECRUITING,INTERVENTIONAL,NA,TREATMENT,"Care, behavior, and quality of life",Care partners or care systems,120,Emory University,REPAIR Sleep; Healthy Living,Cognition Disorder; Alzheimer Disease,,False,0,0,False,False,2026-05-07,2026-05-07,2026-07,2028-06,2028-06,Change in insomnia severity,
NCT07573046,https://clinicaltrials.gov/study/NCT07573046,Validation Study of the ExéSem Battery Designed to Differentiate the Contribution of Executive Functions in Semantic Disorders,Validation Study of the ExéSem Battery Designed to Differentiate the Contribution of Executive Functions in Semantic Disorders,NOT_YET_RECRUITING,OBSERVATIONAL,NOT_APPLICABLE,,"Diagnostics, imaging, and biomarkers",Moderate or later dementia,140,Hospices Civils de Lyon,ExéSem cognitive battery,Alzheimer's Disease; Vascular Neurocognitive Disorder; Progressive Primary Aphasia Semantic Variant; People Without Neurocognitive Disorder,France,False,1,1,False,True,2026-05-07,2026-05-07,2026-09-09,2029-08-31,2029-09-09,Score obtained on the ExéSem battery,
NCT07573982,https://clinicaltrials.gov/study/NCT07573982,Ultrasonic Debris Clearance to Promote Brain Resilience,Safety and Feasibility Trial of Ultrasonic Debris Clearance to Promote Brain Resilience,NOT_YET_RECRUITING,INTERVENTIONAL,NA,OTHER,"Diagnostics, imaging, and biomarkers",Preclinical or elevated-risk,15,Stanford University,Ultrasonic Debris Clearance; sham,Alzheimer s Disease; MCI With Increased Risk for Alzheimer Disease,United States,True,1,1,False,True,2026-05-07,2026-05-07,2026-07,2027-07,2027-07,Number of Participants with Treatment-Related Adverse Events,
NCT07579884,https://clinicaltrials.gov/study/NCT07579884,To Evaluate the Safety and Efficacy of RP902 Tablets,"A Multicenter, Randomized, Double-blind, Placebo-controlled Phase II Clinical Study to Evaluate the Safety and Efficacy of RP902 Tablets in the Treatment of Mild Cognitive Impairment Due to Alzheimer's Disease",NOT_YET_RECRUITING,INTERVENTIONAL,PHASE2,TREATMENT,Other interventional treatment research,MCI or prodromal Alzheimer’s,360,"Risen (Suzhou) Pharma Tech Co., Ltd.",RP902; Placebo,Mild Cognitive Impairment (MCI),,False,0,0,False,False,2026-05-12,2026-05-12,2026-05,2029-05,2031-05,Clinical Dementia Rating Scale - Sum of Boxes,
NCT07580703,https://clinicaltrials.gov/study/NCT07580703,"A Phase I Study of [18F]Flortaucipir PET Imaging in Chinese Subjects: Safety, Pharmacokinetics, Biodistribution, Radiation Dosimetry, and Preliminary Diagnostic Efficacy","A Non Randomized, Open-Label Phase I Study to Evaluate the Safety and Tolerability, Pharmacokinetics, Biodistribution and Radiation Dosimetry, and Preliminary Diagnostic Efficacy of [18F]Flortaucipir Injection PET Imaging in Chinese Subjects",RECRUITING,INTERVENTIONAL,PHASE1,DIAGNOSTIC,"Diagnostics, imaging, and biomarkers",MCI or prodromal Alzheimer’s,18,Eli Radiopharma,[18F]Flortaucipir Injection,AD - Alzheimer's Disease; MCI,China,False,1,1,False,True,2026-05-12,2026-05-14,2026-04-23,2026-12-31,2027-03-31,Incidence and Severity of Treatment-Emergent Adverse Events (TEAEs),
NCT07586501,https://clinicaltrials.gov/study/NCT07586501,China-NINE Cohort：Neuroimmune Network in Elderly / Neurodegeneration,China-NINE Cohort：Neuroimmune Network in Elderly / Neurodegeneration,ENROLLING_BY_INVITATION,OBSERVATIONAL,NOT_APPLICABLE,,"Diagnostics, imaging, and biomarkers",Mixed or not specified,260,Yantai Yuhuangding Hospital,,"Cognitive Dysfunction; Cognitive Dysfunction, Cognitive Disorder; Parkinson's Disease (PD)",China,False,1,2,False,True,2026-05-14,2026-05-14,2026-01-16,2029-01-01,2029-01-01,Degree and Type of Cognitive Impairment Assessed by Neuropsychological Scales,
NCT07594665,https://clinicaltrials.gov/study/NCT07594665,Expanding Access to Cognitive Health Biomarker Testing at Home,Expanding Access to Cognitive Health Biomarker Testing at Home,ENROLLING_BY_INVITATION,OBSERVATIONAL,NOT_APPLICABLE,,"Care, behavior, and quality of life",Subjective cognitive concerns,100,University of Virginia,,Mild Cognitive Impairment (MCI); Alzheimer's Dementia (AD); Subjective Cognitive Decline (SCD); Cognitive Aging,United States,True,1,1,False,True,2026-05-19,2026-05-19,2026-05-18,2028-01-31,2028-01-31,"Acceptability of remote, at-home p-tau217 workflow; End-to-end remote workflow completion rate",
NCT07595666,https://clinicaltrials.gov/study/NCT07595666,Comparison of NeuroEXPLORER PET/CT Versus Standard-of-care PET/CT of the Head and Neck Region.,Prospective Comparison of Ultra-high Resolution NeuroExplorer PET/CT Versus Standard-of-care PET/CT of the Head and Neck Region,ENROLLING_BY_INVITATION,INTERVENTIONAL,NA,DIAGNOSTIC,"Diagnostics, imaging, and biomarkers",Mixed or not specified,1600,prof. dr. Koen Van Laere,Standard-of-care PET/CT; NeuroEXPLORER,Dementia; Movement Disorders; ALS - Amyotrophic Lateral Sclerosis; Epilepsy; Brain Tumors; Pituitary Adenoma; Large Vessel Vasculitis; Head and Neck Tumors; Parathyroid Adenomas; Neuroblastoma; PARKINSON DISEASE (Disorder); Lewy Body Dementia; Alzheimer s Disease; Fronto-temporal Dementia,Belgium,False,1,1,False,True,2026-05-19,2026-05-19,2025-09-30,2030-08-31,2030-08-31,"Difference in diagnostic accuracy and/or diagnostic confidence of ultra-high resolution PET/CT compared to standard PET/CT and validated against clinical follow-up, or pathological/surgical outcomes in neurodegenerative disorders.; Difference in diagnostic accuracy and/or diagnostic confidence of ultra-high resolution PET/CT compared to standard PET/CT and validated against clinical follow-up, or pathological/surgical outcomes in head and neck cancer.; Comparison of the sensitivity, specificity and accuracy of ultra-high resolution PET vs. standard-of-care PET for the diagnosis of vasculitis and giant cell arteritis, using clinical and pathological confirmation as the benchmark.",
NCT07598617,https://clinicaltrials.gov/study/NCT07598617,The Co-Production and Evaluation of the Computerised Cognitive Assessment for Preclinical Alzheimer's Disease (CoCoA-PAD),The Co-Production and Evaluation of the Computerised Cognitive Assessment for Preclinical Alzheimer's Disease (CoCoA-PAD),RECRUITING,OBSERVATIONAL,NOT_APPLICABLE,,"Diagnostics, imaging, and biomarkers",Preclinical or elevated-risk,120,University of Plymouth,,Alzheimer Disease (AD),United Kingdom,False,1,3,False,True,2026-05-20,2026-05-20,2026-05-05,2028-02-01,2028-09-30,Matching Animals and Name Exam (MANE); Matching Animals and Names Exam - Total Binding Score; Colour and Object Binding and Location Test trial 3,
NCT07600320,https://clinicaltrials.gov/study/NCT07600320,Fareon Open Label Device Clinical Trial,Microtesla Magnetic Therapy (MMT) Treatment of Cognitive Impairment: Open Label Pilot Study,NOT_YET_RECRUITING,INTERVENTIONAL,NA,OTHER,Devices and brain stimulation,MCI or prodromal Alzheimer’s,30,Icahn School of Medicine at Mount Sinai,Fareon device,Cognitive Dysfunction; Acquired Brain Injury; Traumatic Brain Injury,United States,True,1,1,False,True,2026-05-20,2026-05-20,2026-05-01,2027-04-30,2027-04-30,Proportion of participants who complete prescribed device sessions,
NCT07603973,https://clinicaltrials.gov/study/NCT07603973,Effect of an Information- and Self-management App for People With Knee Osteoarthritis,Effect of an Information- and Self-management App for People With Knee Osteoarthritis,RECRUITING,INTERVENTIONAL,NA,TREATMENT,Lifestyle and multidomain,Mixed or not specified,204,Diakonhjemmet Hospital,Information- and self-management app; Control,Knee Osteoarthritis,Norway,False,1,1,False,True,2026-05-22,2026-05-22,2025-10-30,2028-10-01,2035-12-31,Knee Osteoathritis Knowlegde Scale (KOAKS); Decision Conflict Scale (DCS),
NCT07604896,https://clinicaltrials.gov/study/NCT07604896,Evaluating the Efficacy and Safety of Lecanemab in Alzheimer's Disease Through Multi-omics Approachs,"Multicenter, Randomized, Controlled Study Evaluating the Efficacy and Safety of Lecanemab in Alzheimer's Disease Through Multi-omics Approachs",RECRUITING,INTERVENTIONAL,PHASE4,TREATMENT,Amyloid-targeting approaches,Care partners or care systems,200,First Affiliated Hospital of Wenzhou Medical University,Lecanemab 10 mg/kg; Conventional anti-dementia treatment group,"Alzheimer s Disease; Alzheimer Dementia (AD); MCI-AD, Early Stage Alzheimer's Disease",China,False,1,1,False,True,2026-05-22,2026-05-22,2026-01-01,2027-12-31,2028-12-31,Change in Aβ-PET centiloid values,
NCT07611357,https://clinicaltrials.gov/study/NCT07611357,[18F]F-AraG PET Imaging in Alzheimer's Disease,Total-Body [18F]F-AraG PET/CT Imaging to Quantify CNS and Systemic T Cell Involvement in Alzheimer's Disease,NOT_YET_RECRUITING,INTERVENTIONAL,PHASE2,DIAGNOSTIC,"Diagnostics, imaging, and biomarkers",Mixed or not specified,10,"CellSight Technologies, Inc.",Drug: [18F]F-AraG (PET tracer),Alzheimer Disease (AD),,False,0,0,False,False,2026-05-28,2026-05-28,2026-05-16,2029-09-16,2029-12-16,[¹⁸F]F-AraG uptake in the brain of patients with AD; [¹⁸F]F-AraG uptake kinetics in the brain of patients with AD; [¹⁸F]F-AraG vascular kinetics in the brain of patients with AD,
NCT07611396,https://clinicaltrials.gov/study/NCT07611396,Crownlands Observing Progression With Neurons Study,Crownlands Observing Progression With Neurons I (CROWN-I),RECRUITING,OBSERVATIONAL,NOT_APPLICABLE,,"Diagnostics, imaging, and biomarkers",Subjective cognitive concerns,160,Crownlands,,Alzheimer s Disease; Mild Cognitive Impairment (MCI),United States,True,1,1,False,True,2026-05-28,2026-06-04,2026-05-19,2028-05,2029-05,Rate of change in CDR-SB; Change in olfactory neuron transcriptomic profile,
NCT07612150,https://clinicaltrials.gov/study/NCT07612150,"A Study to Evaluate the Safety, Tolerability, and Efficacy of TML-6 in Participants With Early Alzheimer's Disease","An Exploratory Phase 2 Multicenter, Double-blind, Randomized, Placebo-controlled, Parallel Group Study to Investigate the Safety, Tolerability, and Efficacy of TML-6 in Early Alzheimer's Disease",NOT_YET_RECRUITING,INTERVENTIONAL,PHASE2,TREATMENT,"Diagnostics, imaging, and biomarkers",MCI or prodromal Alzheimer’s,210,"Merry Life Biomedical Co., Ltd.",TML-6; Placebo,Alzheimer Disease,,False,0,0,False,False,2026-05-28,2026-05-28,2026-08-01,2028-04-30,2028-07-31,Change From Baseline in Clinical Dementia Rating -Sum of Boxes (CDR-SB) Score at Week 52,
NCT07613957,https://clinicaltrials.gov/study/NCT07613957,Comparison of AI-based Smartphone-derived Gait Parameters With the Gold Standard,Biomechanical and Technical Comparison of AI-based Smartphone-derived Gait Parameters With the Gold Standard,NOT_YET_RECRUITING,INTERVENTIONAL,NA,DIAGNOSTIC,"Care, behavior, and quality of life",Mixed or not specified,40,Technical University of Munich,Gait analysis via vicon- and app-system,Gait Analysis on Healthy Adults,,False,0,0,False,False,2026-05-29,2026-05-29,2026-06-01,2026-10-31,2026-12-31,Intraclass correlation coefficient between smartphone-derived and Vicon-derived gait parameters,
NCT07615647,https://clinicaltrials.gov/study/NCT07615647,How Video Game Therapy Affects Thinking and Emotions in Older Adults With Cognitive Impairment,COGNITIVE AND AFFECTIVE-MOTIVATIONAL EFFECTS OF A THERAPEUTIC INTERVENTION USING THE GOLDEN GAMERS METHODOLOGY IN OLDER ADULTS WITH COGNITIVE IMPAIRMENT,RECRUITING,INTERVENTIONAL,NA,TREATMENT,Other interventional treatment research,Moderate or later dementia,60,Golden Gamers Go SL,Videogames masterclass; Therapy with videogames,"Older Adults (65 Years and Older); Cognitive Impairment, Mild",Spain,False,1,1,False,True,2026-05-29,2026-05-29,2026-04-13,2026-06-15,2026-07-06,Montreal Cognitive Assessment (MoCA); Observed Emotion Rating Scale (OERS); Menorah Park Engagement Scale (MPES),
NCT07616063,https://clinicaltrials.gov/study/NCT07616063,Subjective Assessment of Spatial Orientation Abilities in Alzheimer's Disease,Evaluation Subjective Des CApacités d'Orientation sPatialE Dans la mAladie D'Alzheimer,NOT_YET_RECRUITING,OBSERVATIONAL,NOT_APPLICABLE,,"Care, behavior, and quality of life",Care partners or care systems,330,"Central Hospital, Nancy, France",Questionnaire d'Orientation Spatiale (QOS),Alzheimer s Disease; Spatial Orientation,France,False,1,1,False,True,2026-05-29,2026-05-29,2026-05,2026-11,2026-11,French version of the QOS Score,
NCT07618481,https://clinicaltrials.gov/study/NCT07618481,BCI With 40Hz Stimulation in Alzheimer's Disease,EEG-Based Non-Invasive Brain-Computer Interface Combined With 40Hz Audio-Visual Stimulation for Cognitive Function in Patients With Alzheimer's Disease: A Randomized Double-Blind Controlled Study,RECRUITING,INTERVENTIONAL,NA,TREATMENT,"Diagnostics, imaging, and biomarkers",Care partners or care systems,90,Ruijin Hospital,40Hz Stimulation Group; Individualized Stimulation Group; Sham Stimulation Group,Alzheimer Dementia (AD),China,False,1,2,False,True,2026-06-01,2026-06-03,2026-05-01,2027-10-31,2027-10-31,Change in Montreal Cognitive Assessment - Basic (MoCA-B) Score,
NCT07632755,https://clinicaltrials.gov/study/NCT07632755,Validation of a Remediation Method for Memory Impairments Through Motor Encoding in Patients With Alzheimer's Disease,Validation of a Remediation Method for Memory Impairments Through Motor Encoding in Patients With Alzheimer's Disease,NOT_YET_RECRUITING,INTERVENTIONAL,NA,OTHER,Lifestyle and multidomain,MCI or prodromal Alzheimer’s,80,Centre Hospitalier Universitaire de Saint Etienne,Control condition; Motor mental imagery; Action execution,Alzheimer s Disease; Healhty,France,False,1,3,False,True,2026-06-08,2026-06-08,2026-06-20,2028-03,2028-06,Free recall score,
NCT07638449,https://clinicaltrials.gov/study/NCT07638449,Silkworm Pupa Powder Improves Alzheimer's Disease,"A Prospective, Single-Arm Study Evaluating Silkworm Pupa Powder in Improving Alzheimer's Disease Among Patients",NOT_YET_RECRUITING,INTERVENTIONAL,NA,TREATMENT,Lifestyle and multidomain,Care partners or care systems,100,Zhejiang Provincial Tongde Hospital,Silkworm pupa powder,Alzheimer Disease; Sarcopenia; Asthenia; Frailty,China,False,1,1,False,True,2026-06-10,2026-06-10,2026-06-01,2027-12-31,2027-12-31,Alzheimer's Disease Assessment Scale - Cognitive Subscale (ADAS-Cog); Bilateral Hippocampal Volume; Entorhinal Cortex Volume,
