nct_id,url,brief_title,official_title,overall_status,study_type,phase,primary_purpose,category,participant_stage,enrollment,lead_sponsor,interventions,conditions,countries,has_us_site,country_count,location_count,multinational,has_public_locations,study_first_post_date,last_update_post_date,start_date,primary_completion_date,completion_date,primary_outcomes,excluded_reason
NCT00869817,https://clinicaltrials.gov/study/NCT00869817,Dominantly Inherited Alzheimer Network (DIAN),Dominantly Inherited Alzheimer Network (DIAN),RECRUITING,OBSERVATIONAL,NOT_APPLICABLE,,"Diagnostics, imaging, and biomarkers",Preclinical or elevated-risk,700,Washington University School of Medicine,,Alzheimer's Disease,Argentina; Australia; Brazil; Canada; Colombia; Germany; Japan; Mexico; Netherlands; South Korea; Spain; United Kingdom; United States,True,13,26,True,True,2009-03-26,2026-07-20,2009-01,2026-09,2026-09,"Positive predictive power of a biomarker or group of biomarkers; Biomarkers obtained by blood draw, lumbar puncture, MRI, FDG PET, PET amyloid imaging; Clinical markers also examined from clinical interview and cognitive testing","Last public update posted after June 10, 2026; historical status not reconstructed"
NCT00950430,https://clinicaltrials.gov/study/NCT00950430,Imaging of Brain Amyloid Plaques in the Aging Population,"Brain Amyloid Imaging With Pittsburgh Compound B in Normal Aging, Mild Cognitive Impairment, and Dementia",ENROLLING_BY_INVITATION,INTERVENTIONAL,PHASE4,DIAGNOSTIC,"Care, behavior, and quality of life",MCI or prodromal Alzheimer’s,8000,Mayo Clinic,Pittsburgh Compound B (C-11 PiB); F-18 FDG; Tau (18-F-AV-1451),Alzheimer's Disease; Dementia With Lewy Bodies; Frontotemporal Dementia; Vascular Dementia,United States,True,1,1,False,True,2009-07-31,2026-06-23,2008-04,2027-06,2027-06,To understand the predictive ability of PiB PET imaging for neurodegenerative diseases.,"Last public update posted after June 10, 2026; historical status not reconstructed"
NCT01760005,https://clinicaltrials.gov/study/NCT01760005,Dominantly Inherited Alzheimer Network Trial: An Opportunity to Prevent Dementia. A Study of Potential Disease Modifying Treatments in Individuals at Risk for or With a Type of Early Onset Alzheimer's Disease Caused by a Genetic Mutation. Master Protocol DIAN-TU-001,"A Phase II/III Multicenter Randomized, Double-Blind, Placebo-Controlled Platform Trial of Potential Disease Modifying Therapies Utilizing Biomarker, Cognitive, and Clinical Endpoints in Dominantly Inherited Alzheimer's Disease",ACTIVE_NOT_RECRUITING,INTERVENTIONAL,PHASE2+PHASE3,TREATMENT,Tau-targeting approaches,Preclinical or elevated-risk,490,Washington University School of Medicine,Gantenerumab; Solanezumab; Matching Placebo (Gantenerumab); Matching Placebo (Solanezumab); Gantenerumab; E2814; Lecanemab; Matching Placebo (E2814),"Alzheimers Disease; Dementia; Alzheimers Disease, Familial",Argentina; Australia; Brazil; Canada; Colombia; France; Germany; Ireland; Italy; Japan; Netherlands; Puerto Rico; Spain; United Kingdom; United States,True,15,38,True,True,2013-01-03,2026-07-27,2012-12,2028-04,2028-07,Assess cognitive efficacy in individuals with mutations causing dominantly inherited AD as measured by the change from baseline in the DIAN-Multivariate Cognitive Endpoint (DIAN-MCE),"Last public update posted after June 10, 2026; historical status not reconstructed"
NCT02740634,https://clinicaltrials.gov/study/NCT02740634,Molecular and Structural Imaging in Alzheimer's Disease: A Longitudinal Study,Molecular and Structural Imaging in Alzheimer's Disease: A Longitudinal Study,RECRUITING,INTERVENTIONAL,NA,DIAGNOSTIC,"Care, behavior, and quality of life",MCI or prodromal Alzheimer’s,60,Mayo Clinic,F-18 AV 1451; C-11 PiB,"Atypical Alzheimer's Disease; Logopenic Progressive Aphasia (LPA); Posterior Cortical Atrophy (PCA); Alzheimer Disease; Alzheimer Disease, Early Onset; Amnestic Disorder; Amnestic Symptoms; Amnestic Mild Cognitive Disorder",United States,True,1,1,False,True,2016-04-15,2026-07-17,2016-05,2027-03,2027-03,Amount of Amyloid protein in the brain of patients with Logopenic Aphasia (LPA) or Posterior Cortical Atrophy (PCA).; Amount of Tau protein in the brain of patients with Logopenic Aphasia (LPA) or Posterior Cortical Atrophy (PCA).,"Last public update posted after June 10, 2026; historical status not reconstructed"
NCT02795052,https://clinicaltrials.gov/study/NCT02795052,Neurologic Stem Cell Treatment Study,Neurologic Bone Marrow Derived Stem Cell Treatment Study,RECRUITING,INTERVENTIONAL,NA,TREATMENT,"Diagnostics, imaging, and biomarkers",Mixed or not specified,500,MD Stem Cells,Intravenous and Intranasal BMSC,Neurologic Disorders; Nervous System Diseases; Neurodegenerative Diseases; Neurological Disorders; Stroke; Traumatic Brain Injury; Cadasil; Chronic Traumatic Encephalopathy; Cerebral Infarction; Cerebral Ischemia; Cerebral Stroke; Cerebral Hemorrhage; Parkinson; Multi-System Degeneration; MSA - Multiple System Atrophy; Progressive Supranuclear Palsy; ALS; Amyotrophic Lateral Sclerosis; Neuropathy; Diabetic Neuropathies; Alzheimer Disease; Dementia; Frontotemporal Dementia; Lewy Body Disease; Cognitive Impairment; Lewy Body Variant of Alzheimer Disease,United Arab Emirates; United States,True,2,3,True,True,2016-06-09,2026-06-26,2016-06,2027-07-31,2028-07-31,Change in Neurologic Function,"Last public update posted after June 10, 2026; historical status not reconstructed"
NCT03121066,https://clinicaltrials.gov/study/NCT03121066,Transcranial Magnetic Stimulation for Alzheimer's Disease Treatment,Intervention Based on Transcranial Magnetic Stimulation for Alzheimer's Disease Patients: Randomized Clinical Trial,NOT_YET_RECRUITING,INTERVENTIONAL,NA,TREATMENT,Devices and brain stimulation,Moderate or later dementia,45,Universitat Oberta de Catalunya,Active Transcranial Magnetic Stimulation; Sham Transcranial Magnetic Stimulation,Alzheimer Disease,,False,0,0,False,False,2017-04-19,2026-07-21,2027-11,2027-11,2029-12,Change in Cognitive improvement,"Last public update posted after June 10, 2026; historical status not reconstructed"
NCT03208491,https://clinicaltrials.gov/study/NCT03208491,AZ@GAME-Eco: Economic Assessment of Serious Games for the Management of Alzheimer's Disease and Related Disorders,AZ@GAME-Eco: Economic Assessment of Serious Games for the Management of Alzheimer's Disease and Related Disorders,ACTIVE_NOT_RECRUITING,INTERVENTIONAL,NA,PREVENTION,"Care, behavior, and quality of life",Moderate or later dementia,136,Centre Hospitalier Universitaire de Nice,serious games use; usual care,Alzheimer Disease,France,False,1,1,False,True,2017-07-05,2026-06-15,2017-09-30,2018-03-30,2027-12-30,cost utility ratio,"Last public update posted after June 10, 2026; historical status not reconstructed"
NCT03618186,https://clinicaltrials.gov/study/NCT03618186,Neuroimaging Study,Neuroimaging Study,ENROLLING_BY_INVITATION,INTERVENTIONAL,PHASE2,DIAGNOSTIC,"Diagnostics, imaging, and biomarkers",Mixed or not specified,240,Mayo Clinic,Tau PET scan,Cognitive Impairment,United States,True,1,2,False,True,2018-08-07,2026-06-12,2018-11-26,2030-05,2030-05,Tau positive scans,"Last public update posted after June 10, 2026; historical status not reconstructed"
NCT03649724,https://clinicaltrials.gov/study/NCT03649724,The LUCINDA Trial: LeUprolide Plus Cholinesterase Inhibition to Reduce Neurological Decline in Alzheimer's,The LUCINDA Trial: LeUprolide Plus Cholinesterase Inhibition to Reduce Neurological Decline in Alzheimer's,ACTIVE_NOT_RECRUITING,INTERVENTIONAL,PHASE2,TREATMENT,"Diagnostics, imaging, and biomarkers",Care partners or care systems,180,Weill Medical College of Cornell University,Placebo; Eligard 22.5Mg Suspension for Injection,Alzheimer Disease; Mild Cognitive Impairment,United States,True,1,3,False,True,2018-08-28,2026-06-16,2020-11-27,2026-07-25,2026-07-25,Percent change in Alzheimer's Disease Assessment Scale-Cognitive Subscale (ADAS-cog-11),"Last public update posted after June 10, 2026; historical status not reconstructed"
NCT04122001,https://clinicaltrials.gov/study/NCT04122001,Effects of Electrical Stimulation on Verbal Learning in Typical and Atypical Alzheimer's Disease,Transcranial Direct Current Stimulation in Typical and Atypical Alzheimer's Disease,ACTIVE_NOT_RECRUITING,INTERVENTIONAL,NA,TREATMENT,"Care, behavior, and quality of life",Care partners or care systems,90,Johns Hopkins University,"Active, in-person HD-tDCS or active remote tDCS; Sham; Word List Learning Intervention (WordLLI)","Alzheimer Disease, Early Onset; Atypical Alzheimer's Disease; Logopenic Progressive Aphasia",United States,True,1,1,False,True,2019-10-10,2026-07-15,2020-08-17,2026-11-30,2026-11-30,Change in auditory recall accuracy based on the sum of words recalled in Trials 1-5 of semantically related - trained word-lists; Change in auditory delayed recall accuracy of semantically related - trained word-lists; Change in auditory recall accuracy based on the sum of words recalled in Trials 1-5 of semantically unrelated - trained word-lists,"Last public update posted after June 10, 2026; historical status not reconstructed"
NCT04396873,https://clinicaltrials.gov/study/NCT04396873,PET Imaging of Cyclooxygenases in Neurodegenerative Brain Disease,Phase 1 Study: PET Imaging of Cyclooxygenases in Neurodegenerative Brain Disease,RECRUITING,INTERVENTIONAL,PHASE1,DIAGNOSTIC,"Diagnostics, imaging, and biomarkers",Care partners or care systems,184,National Institute of Mental Health (NIMH),11C-MC1; 11C-PS13; 18f-florbetaben,Parkinson's Disease; Dementia; Alzheimer's Disease; ALS; Mild Cognitive Impairment,United States,True,1,1,False,True,2020-05-21,2026-07-02,2021-08-17,2029-04-11,2030-10-03,Measure the concentration of radioligands,"Last public update posted after June 10, 2026; historical status not reconstructed"
NCT04576793,https://clinicaltrials.gov/study/NCT04576793,Longitudinal Imaging of Microglial Activation in Different Clinical Variants of Alzheimer's Disease,Longitudinal Imaging of Microglial Activation in Different Clinical Variants of Alzheimer's Disease,RECRUITING,INTERVENTIONAL,PHASE2,DIAGNOSTIC,"Diagnostics, imaging, and biomarkers",MCI or prodromal Alzheimer’s,100,Columbia University,11C-ER176; 18F-MK6240; 18F-Florbetaben; Lumbar Puncture,Alzheimer Disease,United States,True,1,1,False,True,2020-10-06,2026-07-06,2020-11-17,2027-05-31,2027-05-31,11C-ER176 Standardized Uptake Value Ratio; 18F-MK6240 Standardized Uptake Value Ratio,"Last public update posted after June 10, 2026; historical status not reconstructed"
NCT04601038,https://clinicaltrials.gov/study/NCT04601038,Trial of CORT108297 to Attenuate the Effects of Acute Stress in the Allocortex (CORT-X),Phase II Trial of CORT108297 to Attenuate the Effects of Acute Stress in the Allocortex (CORT-X),RECRUITING,INTERVENTIONAL,PHASE2,TREATMENT,Synapses and neuronal communication,Preclinical or elevated-risk,52,Johns Hopkins University,CORT108297; Placebo,Mild Cognitive Impairment; Alzheimer Disease; Memory Impairment,United States,True,1,1,False,True,2020-10-23,2026-07-13,2021-06-28,2027-11-30,2028-01-01,"Memory as assessed by pattern separation task performance after 2 weeks of treatment with CORT108297; Memory as assessed by the Hopkins Verbal Learning Test-Revised Edition (HVLT-R) after 2 weeks of treatment with CORT108297; Executive functioning as assessed by the Trail Making Test (TMT), part B after 2 weeks of treatment with CORT108297","Last public update posted after June 10, 2026; historical status not reconstructed"
NCT04629547,https://clinicaltrials.gov/study/NCT04629547,Sleep Trial to Prevent Alzheimer's Disease,Sleep Trial to Prevent Alzheimer's Disease,RECRUITING,INTERVENTIONAL,PHASE2,PREVENTION,"Diagnostics, imaging, and biomarkers",Mixed or not specified,120,University of Minnesota,Suvorexant 20 mg; Placebo,Sleep; Alzheimer Disease,United States,True,1,1,False,True,2020-11-16,2026-07-13,2022-05-25,2028-05,2028-05,Change from baseline in Amyloid-β accumulation measured by plasma pT217/T217 in participants treated with 20 mg suvorexant compared to placebo,"Last public update posted after June 10, 2026; historical status not reconstructed"
NCT04639050,https://clinicaltrials.gov/study/NCT04639050,"Brainshuttle AD: A Multiple Ascending Dose Study to Investigate the Safety, Tolerability, Pharmacokinetics, and Pharmacodynamics of RO7126209 Following Intravenous Infusion in Participants With Prodromal or Mild to Moderate Alzheimer's Disease","A Phase Ib/IIa, Randomized, Double Blind, Placebo-Controlled, Multiple Ascending Dose, Parallel-Group Study to Investigate the Safety, Tolerability, Pharmacokinetics, and Pharmacodynamics of RO7126209 Following Intravenous Infusion in Patients With Prodromal or Mild to Moderate Alzheimer's Disease",ACTIVE_NOT_RECRUITING,INTERVENTIONAL,PHASE1+PHASE2,TREATMENT,"Diagnostics, imaging, and biomarkers",MCI or prodromal Alzheimer’s,241,Hoffmann-La Roche,RO7126209; Placebo,Alzheimers Disease,Australia; Canada; Chile; Japan; Poland; South Korea; Spain; United Kingdom; United States,True,9,41,True,True,2020-11-20,2026-06-16,2021-03-15,2027-07-31,2027-07-31,"Part 1, 2, 3, and 4: Percentage of Participants With Adverse Events (AEs); Part 3: Change From Baseline in Brain Amyloid Load as Measured by Amyloid Positron Emission Tomography (PET) Scan","Last public update posted after June 10, 2026; historical status not reconstructed"
NCT04692441,https://clinicaltrials.gov/study/NCT04692441,Apolipoprotein E (APOE) Genotype Effects on Triglycerides and Blood Flow in the Human Brain,APOE Genotype Effects on Triglycerides and Blood Flow in the Human Brain,ACTIVE_NOT_RECRUITING,INTERVENTIONAL,NA,BASIC_SCIENCE,"Diagnostics, imaging, and biomarkers",Preclinical or elevated-risk,90,University of Washington,Heavy Cream,Alzheimer Disease; Dementia,United States,True,1,1,False,True,2020-12-31,2026-07-08,2021-05-01,2025-06-30,2026-06-30,Difference in global cerebral blood flow between baseline and 2 hours post lipid ingestion (Change CBF),"Last public update posted after June 10, 2026; historical status not reconstructed"
NCT04753320,https://clinicaltrials.gov/study/NCT04753320,Remote Monitoring in Progressive Supranuclear Palsy (PSP),"Remote Monitoring in Progressive Supranuclear Palsy, an Alzheimer's Disease Related Dementia",NOT_YET_RECRUITING,OBSERVATIONAL,NOT_APPLICABLE,,"Care, behavior, and quality of life",Care partners or care systems,85,Massachusetts General Hospital,,Progressive Supranuclear Palsy; Parkinson Disease; MSA - Multiple System Atrophy,United States,True,1,2,False,True,2021-02-15,2026-07-23,2026-08-01,2028-12,2028-12,Primary feasibility outcome,"Last public update posted after June 10, 2026; historical status not reconstructed"
NCT04785300,https://clinicaltrials.gov/study/NCT04785300,ALSENLITE: Senolytics for Alzheimer's Disease,ALSENLITE: An Open-Label Pilot Study of Senolytics for Alzheimer's Disease,ACTIVE_NOT_RECRUITING,INTERVENTIONAL,PHASE1+PHASE2,TREATMENT,"Diagnostics, imaging, and biomarkers",Preclinical or elevated-risk,20,Mayo Clinic,Dasatinib; Quercetin,Mild Cognitive Impairment; Alzheimer Disease,United States,True,1,1,False,True,2021-03-05,2026-07-17,2022-07-06,2026-12,2026-12,Safety and Tolerability,"Last public update posted after June 10, 2026; historical status not reconstructed"
NCT04838301,https://clinicaltrials.gov/study/NCT04838301,Allopregnanolone Regenerative Therapeutic for Mild Alzheimer's Disease,"Safety and Efficacy of Allopregnanolone (Allo) as a Regenerative Therapeutic for Alzheimer's Disease: Multicenter, Double-Blind, Randomized, Placebo-Controlled, Phase 2 Clinical Trial",ACTIVE_NOT_RECRUITING,INTERVENTIONAL,PHASE2,TREATMENT,"Diagnostics, imaging, and biomarkers",Mild Alzheimer’s dementia,100,University of Arizona,Allopregnanolone; Placebo,Alzheimer Dementia; Late Onset Alzheimer Disease; Neurodegenerative Diseases,United States,True,1,9,False,True,2021-04-09,2026-06-30,2023-08-15,2026-11-18,2027-03-18,Hippocampal volume,"Last public update posted after June 10, 2026; historical status not reconstructed"
NCT04908358,https://clinicaltrials.gov/study/NCT04908358,The Wandering Nerve: Gateway to Boost Alzheimer's Disease Related Cognitive Performance,The Wandering Nerve: Gateway to Boost Alzheimer's Disease Related Cognitive,ACTIVE_NOT_RECRUITING,INTERVENTIONAL,NA,OTHER,"Diagnostics, imaging, and biomarkers",Preclinical or elevated-risk,126,Massachusetts General Hospital,Active transcutaneous vagus nerve stimulation respiratory-gated non-painful electrical stimulation of the auricle for 10 minute sessions; Sham transcutaneous vagus nerve stimulation respiratory-gated non-painful electrical stimulation of the auricle for 10 minute sessions,Aging,United States,True,1,1,False,True,2021-06-01,2026-06-29,2021-11-24,2026-08-31,2026-08-31,Performance on the Face-name association memory task (FNAME); Being a responder as determined by Face-name association memory task (FNAME) change scores,"Last public update posted after June 10, 2026; historical status not reconstructed"
NCT05040217,https://clinicaltrials.gov/study/NCT05040217,A Clinical Trial of AAV2-BDNF Gene Therapy in Early Alzheimer's Disease and Mild Cognitive Impairment,"A Phase I Study to Assess the Safety, Tolerability and Preliminary Efficacy of AAV2-BDNF [Adeno-Associated Virus (AAV)-Based, Vector-Mediated Delivery of Human Brain Derived Neurotrophic Factor] in Subjects With Early Alzheimer's Disease and Mild Cognitive Impairment",ACTIVE_NOT_RECRUITING,INTERVENTIONAL,PHASE1,TREATMENT,Synapses and neuronal communication,Care partners or care systems,12,Mark Tuszynski,AAV2-BDNF Gene Therapy; AAV2-BDNF Gene Therapy,Alzheimer's Disease; Mild Cognitive Impairment,United States,True,1,2,False,True,2021-09-10,2026-07-10,2022-02-07,2028-07-01,2028-07-01,Safety as assessed by mumber of participants with treatment-related adverse events assessed on MRI scan; Memory change tested on Ray Auditory Verbal Learning Task; Memory change tested on Benson Complex Figure Draw and Memory,"Last public update posted after June 10, 2026; historical status not reconstructed"
NCT05139290,https://clinicaltrials.gov/study/NCT05139290,DECIDE: Dyads and Families,Decision-Making Experiences for Culturally Inclusive Dementia Engagement: Dyads and Families (DECIDE: Dyads and Families),ENROLLING_BY_INVITATION,INTERVENTIONAL,NA,SUPPORTIVE_CARE,"Care, behavior, and quality of life",Care partners or care systems,40,Emory University,Prototype Intervention,Dementia; Alzheimer Disease; Caregiver Burden,United States,True,1,4,False,True,2021-12-01,2026-07-17,2022-07-15,2027-08-31,2027-08-31,Participant retention; Usability of Intervention; Percentage of recruitment goal achieved,"Last public update posted after June 10, 2026; historical status not reconstructed"
NCT05231785,https://clinicaltrials.gov/study/NCT05231785,A Study to Evaluate the Safety and Tolerability of ALN-APP in Patients With EOAD,"A Randomized, Double-blind, Placebo-controlled Single Ascending Dose and Open-label Multi-dose Study to Evaluate the Safety, Tolerability, Pharmacokinetics and Pharmacodynamics of Intrathecally Administered ALN-APP in Adult Patients With Early-onset Alzheimer's Disease (EOAD)",RECRUITING,INTERVENTIONAL,PHASE1,TREATMENT,Other interventional treatment research,MCI or prodromal Alzheimer’s,60,Alnylam Pharmaceuticals,ALN-APP; Placebo,Early-Onset Alzheimer Disease,Canada; Netherlands; United Kingdom; United States,True,4,8,True,True,2022-02-09,2026-07-15,2022-02-04,2029-04-20,2029-04-20,Part A: Frequency of Adverse Events; Part B: Frequency of Adverse Events,"Last public update posted after June 10, 2026; historical status not reconstructed"
NCT05231798,https://clinicaltrials.gov/study/NCT05231798,"Cholinergic Integrity in Down Syndrome in Association With Aging, Alzheimer's Disease Pathology, and Cognition","Cholinergic Integrity in Down Syndrome in Association With Aging, Alzheimer's Disease Pathology, and Cognition",RECRUITING,INTERVENTIONAL,PHASE2,OTHER,"Diagnostics, imaging, and biomarkers",Care partners or care systems,30,Vanderbilt University Medical Center,[18F]-FEOBV Radiotracer,"Down Syndrome; Down Syndrome, Partial Trisomy 21; Alzheimer Disease",United States,True,1,1,False,True,2022-02-09,2026-06-22,2021-08-19,2027-04-30,2027-04-30,[18F]-FEOBV radiotracer standardized uptake value ratio correlation with the Basal Forebrain Cholinergic System Volume.,"Last public update posted after June 10, 2026; historical status not reconstructed"
NCT05269394,https://clinicaltrials.gov/study/NCT05269394,Dominantly Inherited Alzheimer Network Trial: An Opportunity to Prevent Dementia. A Study of Potential Disease Modifying Treatments in Individuals With a Type of Early Onset Alzheimer's Disease Caused by a Genetic Mutation (DIAN-TU),"A Phase II/III Multicenter Randomized, Double-Blind, Placebo-Controlled Platform Trial of Potential Disease Modifying Therapies Utilizing Biomarker, Cognitive, and Clinical Endpoints in Dominantly Inherited Alzheimer's Disease",ACTIVE_NOT_RECRUITING,INTERVENTIONAL,PHASE2+PHASE3,TREATMENT,Synapses and neuronal communication,MCI or prodromal Alzheimer’s,197,Washington University School of Medicine,E2814; Lecanemab; Matching Placebo (E2814),"Alzheimers Disease; Dementia; Alzheimers Disease, Familial",Argentina; Australia; Brazil; Canada; Colombia; France; Germany; Ireland; Italy; Japan; Mexico; Netherlands; Puerto Rico; Spain; United Kingdom; United States,True,16,36,True,True,2022-03-08,2026-07-27,2021-12-22,2028-04,2028-07,The primary end point is the change from Week 24 to Week 104 and Week 208 in tau PET in the Symptomatic Population (Cohort 1).,"Last public update posted after June 10, 2026; historical status not reconstructed"
NCT05282550,https://clinicaltrials.gov/study/NCT05282550,Targeting Cognition in Early Alzheimer's Disease by Improving Sleep With Trazodone,RCT Targeting Cognition in Early Alzheimer's Disease by Improving Sleep With Trazodone (REST),RECRUITING,INTERVENTIONAL,PHASE2,TREATMENT,"Care, behavior, and quality of life",MCI or prodromal Alzheimer’s,100,Johns Hopkins University,Trazodone; Placebo,AMCI - Amnestic Mild Cognitive Impairment; Sleep Disturbance,United States,True,1,1,False,True,2022-03-16,2026-06-17,2023-02-02,2027-07-30,2028-06-30,Change in total sleep duration between the treatment arms; Change in Slow Wave Sleep (SWS) duration between the treatment arms; Change in SWS intensity between the treatment arms,"Last public update posted after June 10, 2026; historical status not reconstructed"
NCT05331144,https://clinicaltrials.gov/study/NCT05331144,"Impact of Intensive Treatment of SBP on Brain Perfusion, Amyloid, and Tau (IPAT Study)","Impact of Intensive Treatment of Systolic Blood Pressure on Brain Perfusion, Amyloid, and Tau in Older Adults (IPAT Study)",ACTIVE_NOT_RECRUITING,INTERVENTIONAL,PHASE2,PREVENTION,"Diagnostics, imaging, and biomarkers",Subjective cognitive concerns,180,Rong Zhang,"Angiotensin II Receptor Blockers (ARBs, losartan) and Calcium Channel Blockers (CCB, amlodipine); PCP",Cognitively Normal Older Adults; Hypertension; Subjective Cognitive Decline; Family History of Dementia,United States,True,1,1,False,True,2022-04-15,2026-07-21,2022-10-25,2028-06-01,2028-08-31,Change From Baseline in Brain Fibrillar Beta-Amyloid Protein (Aβ),"Last public update posted after June 10, 2026; historical status not reconstructed"
NCT05399888,https://clinicaltrials.gov/study/NCT05399888,A Study to Learn About the Safety of Diranersen (BIIB080) Injections and Whether They Can Improve Symptoms of Participants With Mild Cognitive Impairment Due to Alzheimer's Disease (AD) or Mild AD Dementia Between 50 to 80 Years of Age,"A Randomized, Double-Blind, Placebo-Controlled, Parallel-Group Study to Assess the Efficacy, Safety, and Tolerability of BIIB080 in Subjects With Mild Cognitive Impairment Due to Alzheimer's Disease or Mild Alzheimer's Disease Dementia",ACTIVE_NOT_RECRUITING,INTERVENTIONAL,PHASE2,TREATMENT,"Diagnostics, imaging, and biomarkers",Care partners or care systems,416,Biogen,Diranersen; Diranersen-matching placebo,Mild Cognitive Impairment Due to Alzheimer's Disease; Alzheimer's Disease Dementia,Australia; Belgium; Canada; Czechia; Denmark; Finland; France; Germany; Italy; Japan; Netherlands; Poland; Spain; Sweden; Switzerland; United Kingdom; United States,True,17,138,True,True,2022-06-01,2026-06-30,2022-08-24,2026-03-11,2028-06-06,Dose response in Change From Baseline to Week 76 on the CDR-SB,"Last public update posted after June 10, 2026; historical status not reconstructed"
NCT05446584,https://clinicaltrials.gov/study/NCT05446584,Pathways Relating Amnestic MCI to a Mild Traumatic Brain Injury History,Pathways Relating Amnestic MCI to a Mild Traumatic Brain Injury History,RECRUITING,INTERVENTIONAL,PHASE2,DIAGNOSTIC,"Diagnostics, imaging, and biomarkers",MCI or prodromal Alzheimer’s,75,University of Texas Southwestern Medical Center,High Definition Transcranial Direct Current Stimulation,"Mild Cognitive Impairment; Amnestic Mild Cognitive Disorder; Amnestic Mild Cognitive Impairment; Mild Traumatic Brain Injury; Concussion, Brain",United States,True,1,1,False,True,2022-07-06,2026-07-20,2023-04-20,2027-05-01,2027-05-31,Changes in Rey Auditory Verbal Learning Test Score,"Last public update posted after June 10, 2026; historical status not reconstructed"
NCT05452031,https://clinicaltrials.gov/study/NCT05452031,A Dyadic Sleep Health Approach for Persons With Alzheimer's Disease and Caregivers,A Dyadic Approach to Improve Sleep and Well-Being Among Persons With Alzheimer's Disease and Their Caregivers,RECRUITING,INTERVENTIONAL,NA,SUPPORTIVE_CARE,"Care, behavior, and quality of life",Care partners or care systems,672,"University of California, Los Angeles",Care2Sleep; Sleep Education,Sleep,United States,True,1,3,False,True,2022-07-11,2026-06-18,2022-11-09,2027-05-31,2027-08-31,Sleep efficiency-Actigraphy; Pittsburgh Sleep Quality Index score,"Last public update posted after June 10, 2026; historical status not reconstructed"
NCT05462106,https://clinicaltrials.gov/study/NCT05462106,A Study to Assess the Effects of ACI-24.060 in Alzheimer's Disease and in Down Syndrome (ABATE Study),"A Phase 1b/2, Multicenter, Adaptive, Double-blind, Randomized, Placebo-controlled Study to Assess the Safety, Tolerability, Immunogenicity, and Pharmacodynamic Effects of ACI-24.060 in Subjects With Prodromal Alzheimer's Disease and in Adults With Down Syndrome (ABATE)",RECRUITING,INTERVENTIONAL,PHASE1+PHASE2,TREATMENT,Neuroinflammation and immune biology,Preclinical or elevated-risk,304,AC Immune SA,Placebo (Study Part 1a); ACI-24.060 at Dose A in Study Part 1a; ACI-24.060 at Dose B in Study Part 1a; ACI-24.060 at Dose C in Study Part 1a; ACI-24.060 with an additional adjuvant at Dose D in Study Part 1b; Placebo (Study Part 2); ACI-24.060 at Dose A in Study Part 2; ACI-24.060 at Dose B in Study Part 2; ACI-24.060 at Dose C in Study Part 2; Placebo (Study Part 1b); ACI-24.060 with an additional adjuvant at Dose E in Study Part 1b,Amyloid Plaque; Beta-Amyloid; DSAD; Prodromal Alzheimer's Disease; Alzheimer's Disease,Spain; United Kingdom; United States,True,3,26,True,True,2022-07-18,2026-07-10,2022-06-21,2029-04,2029-04,"Number of participants with Adverse Events (AEs) assessed by intensity (mild, moderate or severe) and causal relationship (unrelated, unlikely, possibly or probably related); Number of participants with Adverse Events (AEs) assessed by intensity (mild, moderate or severe) and causal relationship (unrelated, unlikely, possibly or probably related); Number of participants with abnormal MRI results","Last public update posted after June 10, 2026; historical status not reconstructed"
NCT05468073,https://clinicaltrials.gov/study/NCT05468073,Therapeutic Evaluation of Low-dose IL-2-based Immunomodulatory Approach in Patients With Early AD,Therapeutic Evaluation of Low-dose IL-2-based Immunomodulatory Approach in Patients With Early AD,ACTIVE_NOT_RECRUITING,INTERVENTIONAL,PHASE2,TREATMENT,"Diagnostics, imaging, and biomarkers",Care partners or care systems,40,Centre Hospitalier St Anne,Proleukin; Placebo,Alzheimer Disease,France,False,1,1,False,True,2022-07-21,2026-07-22,2022-10-11,2028-06-08,2028-06-08,Change from baseline CDR score at 18 months,"Last public update posted after June 10, 2026; historical status not reconstructed"
NCT05508789,https://clinicaltrials.gov/study/NCT05508789,A Study of Donanemab (LY3002813) in Participants With Early Symptomatic Alzheimer's Disease (TRAILBLAZER-ALZ 5),Global Study to Investigate Safety and Efficacy of Donanemab in Early Symptomatic Alzheimer's Disease,ACTIVE_NOT_RECRUITING,INTERVENTIONAL,PHASE3,TREATMENT,Tau-targeting approaches,Early Alzheimer’s disease,1500,Eli Lilly and Company,Donanemab; Placebo,Alzheimer Disease; Dementia; Brain Diseases; Central Nervous System Diseases; Nervous System Diseases; Tauopathies; Neurodegenerative Diseases; Neurocognitive Disorders; Mental Disorders,Argentina; Australia; China; Poland; South Korea; Spain; Taiwan; United Kingdom,False,8,141,True,True,2022-08-19,2026-07-16,2022-10-10,2028-05,2028-07,Change from Baseline on the Integrated Alzheimer's Disease Rating Scale (iADRS),"Last public update posted after June 10, 2026; historical status not reconstructed"
NCT05511363,https://clinicaltrials.gov/study/NCT05511363,A Study to Assess Efficacy and Safety of KarXT for the Treatment of Psychosis Associated With Alzheimer's Disease (ADEPT-1),"A Phase 3, Randomized, Double-Blind, Placebo-Controlled Relapse Prevention Study to Evaluate the Safety and Efficacy of KarXT for the Treatment of Psychosis Associated With Alzheimer's Disease",RECRUITING,INTERVENTIONAL,PHASE3,TREATMENT,Other interventional treatment research,Care partners or care systems,410,"Karuna Therapeutics, Inc., a Bristol Myers Squibb company",KarXT; Placebo,Psychosis Associated With Alzheimer's Disease,Bulgaria; Croatia; Czechia; France; Germany; India; Italy; Serbia; Slovakia; South Korea; Spain; United Kingdom; United States,True,13,129,True,True,2022-08-23,2026-07-14,2022-08-23,2026-10-05,2026-10-05,Time from randomization to relapse during the 38-week study,"Last public update posted after June 10, 2026; historical status not reconstructed"
NCT05552157,https://clinicaltrials.gov/study/NCT05552157,A Study of Potential Disease Modifying Treatments in Individuals at Risk for or With a Type of Early Onset AD Caused by a Genetic Mutation,"A Phase II/III Multicenter Randomized, Double-Blind, Placebo-Controlled, Two-Stage Adaptive Design, Platform Trial of Investigational Treatments for Primary Prevention of Disease Progression in Dominantly Inherited Alzheimer's Disease",RECRUITING,INTERVENTIONAL,PHASE2+PHASE3,TREATMENT,Tau-targeting approaches,Preclinical or elevated-risk,280,Washington University School of Medicine,Remternetug (SC); Matching Placebo (Remternetug),"Alzheimers Disease; Dementia; Alzheimers Disease, Familial",Argentina; Australia; Canada; Colombia; France; Germany; Italy; Mexico; Netherlands; New Zealand; Puerto Rico; South Korea; Spain; United Kingdom; United States,True,15,37,True,True,2022-09-23,2026-07-27,2024-11-22,2034-03-30,2034-08-30,Stage 1: Evaluate the ability of study drug to prevent or slow the rate of Aβ accumulation compared with placebo in participants with mutations that cause DIAD; Stage 2: Evaluate the effect of anti-amyloid treatment on downstream biomarkers of AD,"Last public update posted after June 10, 2026; historical status not reconstructed"
NCT05596760,https://clinicaltrials.gov/study/NCT05596760,Promoting Goals-of-Care Discussions for Patients With Memory Problems and Their Caregivers,Hybrid Efficacy-effectiveness Trial to Promote Goals-of-care Discussions for Patients With Alzheimer's Disease and Related Dementias and Their Family Caregivers,ACTIVE_NOT_RECRUITING,INTERVENTIONAL,NA,SUPPORTIVE_CARE,"Care, behavior, and quality of life",Care partners or care systems,1802,University of Washington,Jumpstart Guide,"Dementia; Dementia, Vascular; Mixed Dementias; Alzheimer Disease; Huntington Disease; Lewy Body Disease; Creutzfeldt-Jakob Syndrome; Frontotemporal Lobar Degeneration; Cognitive Dysfunction; Cognitive Aging; Chronic Disease; Palliative Care, Patient Care; Health Care Quality, Access, and Evaluation; Patient Care; Health Communication; Patient Care Planning; Quality of Life",United States,True,1,3,False,True,2022-10-27,2026-06-25,2023-09-11,2026-06-02,2027-07,EHR documentation of Goals of Care discussions,"Last public update posted after June 10, 2026; historical status not reconstructed"
NCT05607732,https://clinicaltrials.gov/study/NCT05607732,Primary Care Detection of Cognitive Impairment Leveraging Health & Consumer Technologies in Underserved Communities: The MyCog Trial,Primary Care Detection of Cognitive Impairment Leveraging Health & Consumer Technologies in Underserved Communities: The MyCog Trial,ACTIVE_NOT_RECRUITING,INTERVENTIONAL,NA,DIAGNOSTIC,"Care, behavior, and quality of life",Care partners or care systems,57738,Northwestern University,MyCog,Dementia; Cognitive Impairment; Cognitive Decline; Alzheimer Disease,United States,True,1,1,False,True,2022-11-07,2026-06-25,2024-01-30,2026-10-30,2027-07-07,Rate of detected impairment,"Last public update posted after June 10, 2026; historical status not reconstructed"
NCT05617014,https://clinicaltrials.gov/study/NCT05617014,Alzheimer's Disease Neuroimaging Initiative 4,Alzheimer's Disease Neuroimaging Initiative 4 (ADNI4),ENROLLING_BY_INVITATION,OBSERVATIONAL,NOT_APPLICABLE,,"Diagnostics, imaging, and biomarkers",MCI or prodromal Alzheimer’s,1500,University of Southern California,Neuraceq; Amyvid; Tauvid; MK-6240; NAV4694; PI-2620,Mild Cognitive Impairment; Alzheimer Disease; Dementia,Canada; United States,True,2,62,True,True,2022-11-15,2026-07-06,2023-06-09,2027-07-31,2027-07-31,Rate of enrollment of Underrepresented Populations (URPs),"Last public update posted after June 10, 2026; historical status not reconstructed"
NCT05619263,https://clinicaltrials.gov/study/NCT05619263,Emergency Preparedness for Caregivers of Persons With Dementia: Disaster PrepWise,Emergency Preparedness and Support for Caregivers of Persons With Dementia: Disaster PrepWise,ACTIVE_NOT_RECRUITING,INTERVENTIONAL,NA,SUPPORTIVE_CARE,"Care, behavior, and quality of life",Care partners or care systems,250,Sato Ashida,Disaster PrepWise-Caregiver,Caregiver Resilience and Stress,United States,True,1,1,False,True,2022-11-16,2026-07-21,2023-07-12,2026-12-31,2027-06-30,Resilience; Caregiver stress,"Last public update posted after June 10, 2026; historical status not reconstructed"
NCT05643144,https://clinicaltrials.gov/study/NCT05643144,Enhancing Shared Decision-making to Guide Care for People With Dementia and Diabetes,Enhancing Shared Decision-making to Prompt and Guide Individualized Care for People With Alzheimer's Disease and Diabetes,RECRUITING,INTERVENTIONAL,NA,HEALTH_SERVICES_RESEARCH,"Care, behavior, and quality of life",Care partners or care systems,62,Indiana University,Continuous Glucose Monitoring,Diabetes; Alzheimer's Disease (Incl Subtypes); Dementia; Hypoglycemia,United States,True,1,1,False,True,2022-12-08,2026-07-24,2026-08-17,2027-06-30,2027-06-30,Feasibility- Recruitment; Feasibility- Retention; Feasibility- CGM Device Adherence,"Last public update posted after June 10, 2026; historical status not reconstructed"
NCT05709210,https://clinicaltrials.gov/study/NCT05709210,Pilot Study on the Feasibility of Using Smartphone Data as a Diagnostic Marker for Alzheimer's Disease,Pilot Study on the Feasibility of Using Smartphone Data as a Diagnostic Marker for Alzheimer's Disease,ACTIVE_NOT_RECRUITING,INTERVENTIONAL,NA,DIAGNOSTIC,"Diagnostics, imaging, and biomarkers",Moderate or later dementia,71,Poitiers University Hospital,Recording of smartphone usage data,Alzheimer Disease; Memory Disorders,France,False,1,1,False,True,2023-02-02,2026-07-22,2023-07-20,2026-10-02,2026-10-02,Comparison of a mathematical combination,"Last public update posted after June 10, 2026; historical status not reconstructed"
NCT05734638,https://clinicaltrials.gov/study/NCT05734638,Stress and Blood Pressure Management for Caregivers,Self-Care and Blood Pressure for Women Caregivers of Black and African-Americans With Alzheimer's Disease or Other Memory Problems *,ACTIVE_NOT_RECRUITING,INTERVENTIONAL,NA,PREVENTION,"Care, behavior, and quality of life",Care partners or care systems,90,Ohio State University,MIM-DASH; MIM Only; DASH Only,"Hypertension; Stress, Psychological",United States,True,1,1,False,True,2023-02-21,2026-06-23,2023-09-11,2026-03-12,2026-07-30,Blood Pressure,"Last public update posted after June 10, 2026; historical status not reconstructed"
NCT05738486,https://clinicaltrials.gov/study/NCT05738486,A Study of Different Donanemab (LY3002813) Dosing Regimens in Adults With Early Alzheimer's Disease (TRAILBLAZER-ALZ 6),Investigating the Effect of Different Donanemab Dosing Regimens on ARIA-E and Amyloid Lowering in Adults With Early Symptomatic Alzheimer's Disease,ACTIVE_NOT_RECRUITING,INTERVENTIONAL,PHASE3,TREATMENT,Amyloid-targeting approaches,Early Alzheimer’s disease,1175,Eli Lilly and Company,Donanemab; Placebo; Dexamethasone,Alzheimer's Disease; Dementia; Brain Diseases; Central Nervous System Diseases; Nervous System Diseases; Neurodegenerative Diseases; Neurocognitive Disorders; Mental Disorders,United Kingdom; United States,True,2,49,True,True,2023-02-22,2026-06-18,2023-02-28,2024-05-16,2027-05,Percentage of Participants With Any Occurrence of Amyloid-Related Imaging Abnormality-Edema/Effusion (ARIA-E),"Last public update posted after June 10, 2026; historical status not reconstructed"
NCT05776641,https://clinicaltrials.gov/study/NCT05776641,Gamma Light and Sound Stimulation to Prevent Dementia in Cognitively Normal People at Risk for Alzheimer's Disease,Prevention of Alzheimer's Disease Using Gamma Entrainment,RECRUITING,INTERVENTIONAL,NA,PREVENTION,"Diagnostics, imaging, and biomarkers",Preclinical or elevated-risk,200,Massachusetts General Hospital,GENUS,Alzheimer Disease; Family Members,United States,True,1,2,False,True,2023-03-20,2026-06-18,2024-06-21,2027-05,2027-05,"Changes in brain amyloid deposition over the study period, as measured by PiB PET.","Last public update posted after June 10, 2026; historical status not reconstructed"
NCT05806697,https://clinicaltrials.gov/study/NCT05806697,Investigation of AlzHeimer's Predictors in Subjective Memory Complainers - Extension Study,Investigation of AlzHeimer's Predictors in Subjective Memory Complainers - Extension Study,RECRUITING,INTERVENTIONAL,NA,OTHER,"Diagnostics, imaging, and biomarkers",Preclinical or elevated-risk,240,"Institut National de la Santé Et de la Recherche Médicale, France",Electroencephalogram (EEG); Oculomotor tests; MRI; 18-F amyloid PET Scan; 18F-fluorodeoxyglucose (FDG) PET Scan; Blood sampling; Lumbar puncture,Alzheimer Disease; Memory Complaint; Memory Disorders,France,False,1,1,False,True,2023-04-10,2026-07-07,2023-04-14,2030-10-09,2030-10-09,The primary endpoint is the conversion to typical AD during the 5-year follow-up.,"Last public update posted after June 10, 2026; historical status not reconstructed"
NCT05809908,https://clinicaltrials.gov/study/NCT05809908,Tricaprilin Phase 3 ALTER-AD (Alternative-Alzheimer Disease) Study,"A Phase 3, 26-Week, Double-blind, Randomised, Placebo-controlled, Parallel-group Study to Investigate the Efficacy and Safety of Daily Administration of Tricaprilin as AC-OLE-01-VA in Participants With Mild to Moderate Alzheimer's Disease Dementia",NOT_YET_RECRUITING,INTERVENTIONAL,PHASE3,TREATMENT,Other interventional treatment research,Moderate or later dementia,535,Cerecin,Tricaprilin; Placebo,Alzheimer Disease,,False,0,0,False,False,2023-04-12,2026-07-01,2026-12,2029-06,2029-07,Change From Baseline in Alzheimer's Disease Assessment Scale - Cognitive Subscale (ADAS-Cog) total score; Alzheimer's Disease Cooperative Study - Clinical Global Impression of Change (ADCS-CGIC),"Last public update posted after June 10, 2026; historical status not reconstructed"
NCT05822362,https://clinicaltrials.gov/study/NCT05822362,CBD for Individuals at Risk for Alzheimer's Disease,Cannabidiol for Individuals at Risk for Alzheimer's Disease: A Randomized Placebo Controlled Trial,RECRUITING,INTERVENTIONAL,PHASE2,TREATMENT,"Diagnostics, imaging, and biomarkers",Preclinical or elevated-risk,236,"University of Colorado, Denver",Cannabidiol; Placebo,Mild Cognitive Impairment,United States,True,1,1,False,True,2023-04-20,2026-06-15,2024-01-19,2028-04,2029-04,Neurocognitive Function; Biomarkers of Alzheimer&#39;s Disease Progression,"Last public update posted after June 10, 2026; historical status not reconstructed"
NCT05904132,https://clinicaltrials.gov/study/NCT05904132,Individual Closed-Loop Neuromodulation Therapy for Alzheimer's Disease,Individual Closed-Loop Neuromodulation Therapy for Alzheimer's Disease,RECRUITING,INTERVENTIONAL,NA,TREATMENT,"Care, behavior, and quality of life",MCI or prodromal Alzheimer’s,70,Massachusetts General Hospital,tACS device,Alzheimer Disease; Mild Cognitive Impairment,United States,True,1,1,False,True,2023-06-15,2026-07-14,2025-01-31,2027-06,2027-06,Changes in the power of entrainment of natural gamma rhythms in patients with AD-MCI.; Changes in cognitive performance in patients with AD-MCI.; Changes in gamma power on cognition in patients with AD-MCI including the effect of baseline neurodegenerative burden/biomarkers. [exploratory],"Last public update posted after June 10, 2026; historical status not reconstructed"
NCT05909189,https://clinicaltrials.gov/study/NCT05909189,LEADing Dementia End-of-Life Planning Conversations,LEADing Dementia End-of-Life Planning Conversations,ACTIVE_NOT_RECRUITING,INTERVENTIONAL,NA,SUPPORTIVE_CARE,"Care, behavior, and quality of life",Care partners or care systems,120,University of Utah,LEADing Dementia End-of-Life Planning Conversations,Alzheimer Disease; Mild Cognitive Impairment,United States,True,1,1,False,True,2023-06-18,2026-07-10,2024-08-04,2027-05-31,2027-05-31,Decision-Making Self-Efficacy,"Last public update posted after June 10, 2026; historical status not reconstructed"
NCT05911178,https://clinicaltrials.gov/study/NCT05911178,Impact of Microglial Activation on Synaptic Density in Alzheimer's Disease,Impact of Microglial Activation on Synaptic Density in Alzheimer's Disease,ACTIVE_NOT_RECRUITING,INTERVENTIONAL,NA,SCREENING,"Diagnostics, imaging, and biomarkers",Moderate or later dementia,90,Centre Hospitalier St Anne,[11C]-UCB-J; [18F]-DPA-714; [18F]-RO-948; [11C]-PiB,Alzheimer Disease,France,False,1,3,False,True,2023-06-20,2026-07-22,2023-10-18,2028-10-17,2028-10-17,Change in regional microglial activation and tau pathology from baseline at 24 months; Change in regional synaptic density from baseline at 24 months,"Last public update posted after June 10, 2026; historical status not reconstructed"
NCT05924425,https://clinicaltrials.gov/study/NCT05924425,Daridorexant to Treat Insomnia in Patients With Mild Cognitive Impairment and Mild to Moderate Alzheimer Disease,Daridorexant to Treat Insomnia in Patients With Mild Cognitive Impairment and Mild to Moderate Alzheimer Disease,RECRUITING,INTERVENTIONAL,PHASE4,TREATMENT,"Diagnostics, imaging, and biomarkers",Care partners or care systems,62,"University Hospital, Montpellier",Daridorexant 50 mg; Placebo; Polysomnography; Neuropsychological assessment; Questionnaires on sleep and behavioural problems; Actimetrics; 24-hour Ambulatory Blood Pressure Monitoring (ABPM; Biomarker assay,Alzheimer Disease; Insomnia Disorder; Sleep,France,False,1,1,False,True,2023-06-29,2026-06-25,2024-03-13,2027-05-13,2028-03-13,Change in Total Sleep Time (TST).,"Last public update posted after June 10, 2026; historical status not reconstructed"
NCT05980052,https://clinicaltrials.gov/study/NCT05980052,Goal Setting to Promote Physical Activity Adherence in Midlife Adults,Goal Setting to Promote Physical Activity Adherence in Midlife to Reduce Risk of Alzheimer's Disease and Related-Dementias: A Randomized Mechanistic Proof-Of-Concept Trial,RECRUITING,INTERVENTIONAL,NA,PREVENTION,Lifestyle and multidomain,MCI or prodromal Alzheimer’s,144,Arizona State University,Physical Activity,Physical Activity; Exercise,United States,True,1,1,False,True,2023-08-07,2026-07-17,2023-07-17,2027-05-31,2027-05-31,Change in accelerometer-measured moderate-to-vigorous intensity physical activity from baseline to 6- and 9-months; Change in Fitbit-assessed moderate-to-vigorous intensity physical activity; Change in self-reported moderate-to-vigorous intensity physical activity from baseline to 6- and 9-months,"Last public update posted after June 10, 2026; historical status not reconstructed"
NCT05980949,https://clinicaltrials.gov/study/NCT05980949,Open-Label Extension Study to Assess the Long-Term Safety and Tolerability of KarXT in Subjects With Psychosis Associated With Alzheimer's Disease (ADEPT-3),Open-Label Extension Study to Assess the Long-Term Safety and Tolerability of KarXT in Subjects With Psychosis Associated With Alzheimer's Disease (ADEPT-3),RECRUITING,INTERVENTIONAL,PHASE3,TREATMENT,Other interventional treatment research,Moderate or later dementia,1000,"Karuna Therapeutics, Inc., a Bristol Myers Squibb company",KarXT,Psychosis Associated With Alzheimer's Disease,Argentina; Belgium; Brazil; Bulgaria; Canada; Chile; China; Croatia; Czechia; France; Germany; Greece; Hungary; India; Israel; Italy; Japan; Mexico; Peru; Poland; Portugal; Puerto Rico; Romania; Serbia; Slovakia; South Korea; Spain; Turkey (Türkiye); Ukraine; United Kingdom; United States,True,31,429,True,True,2023-08-08,2026-07-06,2023-07-11,2027-09-07,2027-09-07,Incidence of treatment-emergent adverse events (TEAEs),"Last public update posted after June 10, 2026; historical status not reconstructed"
NCT05987007,https://clinicaltrials.gov/study/NCT05987007,Sleep Interventions and Neurocognitive Outcomes,Sleep Interventions and Neurocognitive Outcomes in Amnestic Mild Cognitive Impairment,NOT_YET_RECRUITING,INTERVENTIONAL,NA,TREATMENT,"Care, behavior, and quality of life",MCI or prodromal Alzheimer’s,50,New York State Psychiatric Institute,Acoustic slow-wave activity enhancement; Cognitive behavioral therapy for insomnia,Sleep Disturbance; Amnestic Mild Cognitive Impairment,United States,True,1,1,False,True,2023-08-14,2026-07-06,2026-08-01,2028-12-31,2028-12-31,No Practice Effect (NPE) battery; Everyday Cognition (ECog); Conners Continuous Performance Test (CPT-3),"Last public update posted after June 10, 2026; historical status not reconstructed"
NCT05999084,https://clinicaltrials.gov/study/NCT05999084,Georgia Memory Net Anti-Amyloid Monoclonal Antibody Registry,Georgia Memory Net Center for Medicare and Medicaid Services Registry for Anti-Amyloid Monoclonal Antibody Coverage With Evidence Development,ENROLLING_BY_INVITATION,OBSERVATIONAL,NOT_APPLICABLE,,"Care, behavior, and quality of life",Care partners or care systems,735,Emory University,Anti-amyloid Monoclonal Antibodies (mAbs); Standard of Care,Alzheimer Disease,United States,True,1,8,False,True,2023-08-21,2026-07-10,2025-03-06,2028-07,2028-07,Change in Quick Dementia Rating System (QDRS) Score; Montreal Cognitive Assessment (MoCA) Score; Change in Functional Activities Questionnaire (FAQ) Score,"Last public update posted after June 10, 2026; historical status not reconstructed"
NCT06017505,https://clinicaltrials.gov/study/NCT06017505,Integrating eSAGE With EHR Data Using Machine Learning for the Early Detection and Monitoring of Cognitive Impairment in Individuals,Integrating the Electronic Self-administered Gerocognitive Examination (eSAGE) With Electronic Health Records (EHR) Data Using Machine Learning (ML) for the Early Detection and Monitoring of Cognitive Impairment in Individuals,ENROLLING_BY_INVITATION,OBSERVATIONAL,NOT_APPLICABLE,,"Diagnostics, imaging, and biomarkers",MCI or prodromal Alzheimer’s,1486,Douglas Scharre,electronic self administered gerocognitive examination (eSAGE),Dementia; Alzheimer Disease; Mild Cognitive Impairment; Worried Well,United States,True,1,1,False,True,2023-08-30,2026-06-15,2024-09-01,2027-09,2027-09,Area Under the Curve (AUC) for the ROC analysis in predicting subjects with cognitive impairment from cognitively normal subjects.,"Last public update posted after June 10, 2026; historical status not reconstructed"
NCT06021704,https://clinicaltrials.gov/study/NCT06021704,The Care for America's Aging Study,Care for America's Aging (CfAA): A Study to Improve Behavioral and Quality of Life Outcomes of Older Adults With Cognitive Impairment and Dementia and Their Care Partners,NOT_YET_RECRUITING,INTERVENTIONAL,NA,HEALTH_SERVICES_RESEARCH,"Care, behavior, and quality of life",Care partners or care systems,120,Massachusetts General Hospital,Enhanced home health aide training in dementia and dementia-related behaviors,Cognitive Impairment; Dementia With Behavioral Disturbance; Dementia; Alzheimer Disease,United States,True,1,1,False,True,2023-09-01,2026-07-06,2026-10-01,2028-09-30,2028-12-31,"Neuropsychiatric Inventory-Questionnaire; Patient-Reported Outcomes Measurement Information System Global Health, 10-item","Last public update posted after June 10, 2026; historical status not reconstructed"
NCT06045988,https://clinicaltrials.gov/study/NCT06045988,"Automated, Assistive, Non-Contact Sleep Quality Monitor for Individuals With Alzheimer's Disease","Automated, Assistive, Non-Contact Sleep Quality Monitor for Individuals With Alzheimer's Disease",NOT_YET_RECRUITING,INTERVENTIONAL,NA,DIAGNOSTIC,"Care, behavior, and quality of life",Mixed or not specified,100,Indiana University,Non-Contact Sleep Quality Monitor System,Alzheimer Disease; Dementia; Sleep Disturbance,United States,True,1,1,False,True,2023-09-21,2026-06-26,2026-07,2026-12,2026-12,Documentation of sleep disorders or treatment,"Last public update posted after June 10, 2026; historical status not reconstructed"
NCT06052254,https://clinicaltrials.gov/study/NCT06052254,Dexmedetomidine Transdermal Systems (DMTS) Treatment for Agitation Associated With Dementia of the Alzheimer's Type,"A Double-Blind, Placebo-Controlled Evaluation of the Dexmedetomidine Transdermal Systems for Agitation Associated With Dementia of the Alzheimer's Type",RECRUITING,INTERVENTIONAL,PHASE2,TREATMENT,"Care, behavior, and quality of life",Care partners or care systems,150,"Teikoku Pharma USA, Inc.",12 cm2 - 2 Active DMTS Patches; 6 cm2 - 1 Active and 1 Placebo DMTS Patches; Placebo - 2 Placebo DMTS Patches,Agitation,United States,True,1,8,False,True,2023-09-25,2026-07-24,2025-09-16,2027-05,2027-05,Change in Agitated Behavior Scale (ABS) total score from baseline (Day -4 to Day -1 mean score) to the 96 hours of first application (Day 1 to Day 4).,"Last public update posted after June 10, 2026; historical status not reconstructed"
NCT06059313,https://clinicaltrials.gov/study/NCT06059313,Premorbid Personality Profile of Patients With Cognitive and Behavioral Disorders,Relationship Between Premorbid Personality Traits and Cognitive and Behavioral Disorders,RECRUITING,OBSERVATIONAL,NOT_APPLICABLE,,Other interventional treatment research,Care partners or care systems,120,Nantes University Hospital,Submission of the NEO-PI-3 questionnaire; Submission of the Interpersonal Reactivity Index questionnaire (IRI),Behavioral Variant of Frontotemporal Disorder (bvFTD); Phenocopy Frontotemporal Dementia (phFTD); Frontal Variant of Alzheimer Disease; Bipolar Disorder,France,False,1,1,False,True,2023-09-28,2026-06-29,2023-12-14,2026-12-14,2026-12-14,Premorbid personality traits,"Last public update posted after June 10, 2026; historical status not reconstructed"
NCT06072963,https://clinicaltrials.gov/study/NCT06072963,COMMETS- Combination MCI Metabolic Syndrome,Combination of Intranasal Insulin With Oral Semaglutide to Improve Cognition and Cerebral Blood Flow: a Feasibility Study,RECRUITING,INTERVENTIONAL,PHASE2,TREATMENT,"Diagnostics, imaging, and biomarkers",MCI or prodromal Alzheimer’s,80,"Rutgers, The State University of New Jersey",Semaglutide; Intranasal insulin; Semaglutide placebo; Intranasal insulin placebo,Alzheimer Disease; Mild Cognitive Impairment; Metabolic Syndrome,Israel,False,1,1,False,True,2023-10-10,2026-07-27,2024-01-30,2027-12-01,2028-12-01,Cognitive change - The effect of the combination of Semaglutide and intranasal insulin on cognitive functioning.; Neuroimaging outcome -- The effect of the combination of Semaglutide and intranasal insulin on cerebral blood flow (CBF).; Neuroimaging outcome -- The effect of the combination of Semaglutide and intranasal insulin on brain glucose intake.,"Last public update posted after June 10, 2026; historical status not reconstructed"
NCT06099587,https://clinicaltrials.gov/study/NCT06099587,MIMA Pilot Study: MIcrostructure of the Medial Temporal Lobe in Early Alzheimer's Disease,MIMA Pilot Study: MIcrostructure of the Medial Temporal Lobe in Early Alzheimer's Disease,RECRUITING,INTERVENTIONAL,NA,DIAGNOSTIC,"Diagnostics, imaging, and biomarkers",Preclinical or elevated-risk,50,Rennes University Hospital,high-resolution diffusion MRI,"Alzheimer Disease, Early Onset",France,False,1,1,False,True,2023-10-25,2026-06-17,2024-07-02,2028-07-03,2029-03-02,Diffusion-MRI based parameters estimates of medial temporal lobe gray matter microstructure,"Last public update posted after June 10, 2026; historical status not reconstructed"
NCT06125951,https://clinicaltrials.gov/study/NCT06125951,Effect of 10 mg Xanamem on Dementia Due to Alzheimer's Disease,"A Phase 2b/3, Double-Blind, Placebo-Controlled, Parallel-Group, 36-Week, 2-Arm Trial With an Open-Label Extension Phase to Assess the Safety, Tolerability, and Efficacy of Xanamem® 10 mg Daily in Patients With Mild or Moderate Dementia Due to Alzheimer's Disease",ACTIVE_NOT_RECRUITING,INTERVENTIONAL,PHASE2+PHASE3,TREATMENT,Other interventional treatment research,Early Alzheimer’s disease,247,Actinogen Medical,Xanamem; Placebo,"Dementia Moderate; Dementia, Mild; Alzheimer Disease",Australia; United States,True,2,34,True,True,2023-11-09,2026-07-21,2024-04-12,2026-10,2028-02,Effects of 10 mg Xanamem on integrated cognitive and functional abilities; Incidence and severity of treatment-emergent adverse events (TEAEs) [safety and tolerability of Xanamem],"Last public update posted after June 10, 2026; historical status not reconstructed"
NCT06126224,https://clinicaltrials.gov/study/NCT06126224,A Study to Assess Efficacy and Safety of KarXT for the Treatment of Psychosis Associated With Alzheimer's Disease (ADEPT-2),"A Phase 3, Randomized, Double-Blind, Placebo-Controlled, Parallel Group Study to Evaluate the Safety and Efficacy of KarXT for the Treatment of Psychosis Associated With Alzheimer's Disease",RECRUITING,INTERVENTIONAL,PHASE3,TREATMENT,Other interventional treatment research,Moderate or later dementia,500,"Karuna Therapeutics, Inc., a Bristol Myers Squibb company",KarXT; Placebo,Psychosis Associated With Alzheimer's Disease,Belgium; Canada; Chile; China; Greece; Hungary; Mexico; Peru; Poland; South Korea; Switzerland; Turkey (Türkiye); United Kingdom; United States,True,14,154,True,True,2023-11-13,2026-07-15,2023-08-28,2026-12-09,2026-12-09,Change from Baseline to End of Treatment in the Neuropsychiatric Inventory-Clinician: Hallucinations and Delusions (NPI-C: H+D) score,"Last public update posted after June 10, 2026; historical status not reconstructed"
NCT06159673,https://clinicaltrials.gov/study/NCT06159673,ACP-204 in Adults With Alzheimer's Disease Psychosis,"A Master Protocol for Three Independent, Seamlessly Enrolling, Double-blind, Placebo-controlled Efficacy and Safety Studies of ACP-204 in Adults With Alzheimer's Disease Psychosis",RECRUITING,INTERVENTIONAL,PHASE2+PHASE3,TREATMENT,Other interventional treatment research,Care partners or care systems,1074,ACADIA Pharmaceuticals Inc.,ACP-204; Placebo,Alzheimer's Disease Psychosis,Brazil; Bulgaria; Chile; Czechia; France; Italy; Mexico; Serbia; South Korea; Spain; Taiwan; United States,True,12,148,True,True,2023-12-07,2026-07-24,2023-11-14,2028-01,2028-02,"Scale for the Assessment of Positive Symptoms-Hallucinations and Delusions subscales (SAPS-H+D) total score change from baseline (Substudies 1, 2A, 2B)","Last public update posted after June 10, 2026; historical status not reconstructed"
NCT06189963,https://clinicaltrials.gov/study/NCT06189963,Clinical Study of SNK01 in Participants With Moderate Alzheimer's Disease,"A Phase I/IIa, Study to Evaluate the Safety, Tolerability and Exploratory Efficacy of SNK01 in Participants With Moderate Alzheimer's Disease",RECRUITING,INTERVENTIONAL,PHASE1+PHASE2,TREATMENT,"Diagnostics, imaging, and biomarkers",Care partners or care systems,36,"NKGen Biotech, Inc.",SNK01; Placebo,Moderate Alzheimer Disease,Canada; United States,True,2,8,True,True,2024-01-05,2026-07-02,2023-11-21,2026-12,2027-06,Number of participants with dose-limiting toxicity; Maximum tolerated dose determination; Number of participants with treatment-related adverse events as assessed by CTCAE v5.0,"Last public update posted after June 10, 2026; historical status not reconstructed"
NCT06194799,https://clinicaltrials.gov/study/NCT06194799,ACP-204 in Adults With Alzheimer's Disease Psychosis Open Label Extension Study,"A 52-Week, Open-Label Extension Study of ACP-204 in Adults With Alzheimer's Disease Psychosis",ENROLLING_BY_INVITATION,INTERVENTIONAL,PHASE3,TREATMENT,Other interventional treatment research,Care partners or care systems,752,ACADIA Pharmaceuticals Inc.,ACP-204,Alzheimer's Disease Psychosis,Brazil; Bulgaria; Chile; Czechia; France; Italy; Mexico; Serbia; South Korea; Spain; Taiwan; United States,True,12,76,True,True,2024-01-08,2026-07-02,2024-04-23,2029-04,2029-05,Treatment-emergent adverse events,"Last public update posted after June 10, 2026; historical status not reconstructed"
NCT06274528,https://clinicaltrials.gov/study/NCT06274528,DORA and LP in Alzheimer's Disease Biomarkers,Effect of a Dual Orexin Receptor Antagonist on CSF Alzheimer's Disease Biomarkers,RECRUITING,INTERVENTIONAL,PHASE2,TREATMENT,"Diagnostics, imaging, and biomarkers",Mixed or not specified,201,University of Minnesota,Lemborexant 10 mg; Lemborexant 20mg; Placebo,Alzheimer Disease,United States,True,1,1,False,True,2024-02-23,2026-07-13,2024-03-11,2030-03-31,2030-03-31,Changes plasma pT181/T181 ratio of lemborexant 10 and 20 mg compared to Placebo,"Last public update posted after June 10, 2026; historical status not reconstructed"
NCT06313944,https://clinicaltrials.gov/study/NCT06313944,German Registry of Alzheimer's Disease Treated With Transcranial Pulse Stimulation,German (GE) Multicenter Prospective Data Collection (Registry) on Treatment With Transcranial Pulse Wave Stimulation (TPS) in Patients With Alzheimer's Disease (A),RECRUITING,OBSERVATIONAL,NOT_APPLICABLE,,"Diagnostics, imaging, and biomarkers",Mixed or not specified,100,"Heinrich-Heine University, Duesseldorf",Registry,Alzheimer Disease,Germany,False,1,6,False,True,2024-03-15,2026-07-16,2025-08-06,2026-10-01,2026-10-01,Number of (Serious) Adverse Events; Number of adverse device effects,"Last public update posted after June 10, 2026; historical status not reconstructed"
NCT06362824,https://clinicaltrials.gov/study/NCT06362824,Promoting Physical Activity in Older Hispanic/Latino(a) Adults,De Pie y a Movernos Study: Promoting Physical Activity in Older Hispanic/Latino(a) Adults,RECRUITING,INTERVENTIONAL,NA,PREVENTION,Lifestyle and multidomain,Moderate or later dementia,130,Kaiser Permanente,De Pie Intervention; Active Comparison Group: Healthy Actions And Lifestyles To Avoid Dementia (HALT-AD),"Sedentary Behavior; Physical Inactivity; Alzheimer Disease, Protection Against",United States,True,1,2,False,True,2024-04-12,2026-07-22,2024-09-24,2026-12-31,2027-05-31,Change in Moderate Intensity Physical Activity (MIPA) minutes/day,"Last public update posted after June 10, 2026; historical status not reconstructed"
NCT06384573,https://clinicaltrials.gov/study/NCT06384573,DIAN-TU Amyloid Removal Trial (ART) in Dominantly Inherited Alzheimer's Disease,The Dominantly Inherited Alzheimer Network Trials Unit (DIAN-TU) Amyloid Removal Trial (ART): A Phase IIIb/IV Open-Label Study of Lecanemab to Evaluate Prevention and Progression of Dominantly Inherited Alzheimer's Disease,ACTIVE_NOT_RECRUITING,INTERVENTIONAL,PHASE3,TREATMENT,Tau-targeting approaches,Mixed or not specified,40,Washington University School of Medicine,lecanemab,"Alzheimer's Disease; Dementia; Alzheimer's Disease, Familial",Australia; United Kingdom; United States,True,3,6,True,True,2024-04-25,2026-07-27,2024-06-10,2030-06,2030-06,The primary endpoint for the final analysis is the time to recurrent progression of Clinical Dementia Rating - Sum of Boxes (CDR-SB).,"Last public update posted after June 10, 2026; historical status not reconstructed"
NCT06403345,https://clinicaltrials.gov/study/NCT06403345,A Feasiblity Study of Green Activity Program for People Living With Memory Challenges,A Feasiblity Study of Green Activity Program for People Living With Memory Challenges,RECRUITING,INTERVENTIONAL,NA,SUPPORTIVE_CARE,"Diagnostics, imaging, and biomarkers",Subjective cognitive concerns,40,Indiana University,Green Activity Program,Mild Cognitive Impairment; Alzheimer Disease; Subjective Cognitive Decline (SCD),United States,True,1,1,False,True,2024-05-07,2026-07-15,2024-07-17,2026-11-30,2026-12-30,Feasibility intervention completion rate; Other Feasibility measures; Acceptability,"Last public update posted after June 10, 2026; historical status not reconstructed"
NCT06507254,https://clinicaltrials.gov/study/NCT06507254,Polyphenols and Cognitive Decline,MAEVE: Microbiota Mediated Flavonoid Metabolites for Cognitive Health,RECRUITING,INTERVENTIONAL,NA,PREVENTION,"Care, behavior, and quality of life",Mixed or not specified,300,"University of California, Los Angeles",Polyphenol Supplement; Placebo Supplement,Cognitive Decline; Cognitive Dysfunction,United States,True,1,1,False,True,2024-07-18,2026-06-11,2025-01-09,2029-06-30,2029-12-31,"Differences in Polyphenol-derived metabolite concentrations pre, mid, & post intervention - stool; Differences in Polyphenol-derived metabolite concentrations pre, mid, & post intervention - blood; Differences in microbiome levels pre, mid, & post intervention - Stool","Last public update posted after June 10, 2026; historical status not reconstructed"
NCT06540833,https://clinicaltrials.gov/study/NCT06540833,A Study to Assess the Efficacy and Safety of ITI-1284 in the Treatment of Psychosis Associated With Alzheimer's Disease,"A Multicenter, Randomized, Double-blind, Placebo-controlled, Flexible-dose Study to Assess the Efficacy, Safety, and Tolerability of ITI 1284 in Patients With Psychosis Associated With Alzheimer's Disease",RECRUITING,INTERVENTIONAL,PHASE2,TREATMENT,Other interventional treatment research,Care partners or care systems,370,"Intra-Cellular Therapies, Inc.",ITI-1284; Placebo,Psychosis Associated With Alzheimer's Disease,Bulgaria; Croatia; Czechia; Poland; Romania; Serbia; Slovakia; Spain; United States,True,9,65,True,True,2024-08-06,2026-07-24,2024-08-15,2028-09-30,2028-12-29,BEHAVE-AD psychosis subscale score,"Last public update posted after June 10, 2026; historical status not reconstructed"
NCT06544616,https://clinicaltrials.gov/study/NCT06544616,A Study of JNJ-64042056 in Participants With Preclinical Alzheimer's Disease,"A Multicenter, Randomized, Placebo-Controlled, Double-Blind, Parallel-Group Study, to Assess Efficacy, Safety and Immunogenicity of JNJ-64042056, a Phosphorylated Tau Targeted Active Immunotherapy, in Participants With Preclinical Alzheimer's Disease",ACTIVE_NOT_RECRUITING,INTERVENTIONAL,PHASE2,TREATMENT,"Diagnostics, imaging, and biomarkers",Preclinical or elevated-risk,55,"Janssen Pharmaceutica N.V., Belgium",JNJ-64042056; Placebo,Alzheimer Disease,Australia; Belgium; France; Germany; Japan; Spain; Sweden; United Kingdom; United States,True,9,90,True,True,2024-08-09,2026-07-06,2024-07-22,2026-12-22,2027-01-05,Change From Baseline in Brain Tau Burden as Measured by Tau PET in Specified Regions of Interest (ROI),"Last public update posted after June 10, 2026; historical status not reconstructed"
NCT06563895,https://clinicaltrials.gov/study/NCT06563895,Acoramidis Transthyretin Amyloidosis Prevention Trial in the Young (ACT-EARLY) Study in Asymptomatic Carriers of a Pathogenic TTR Variant,"A Phase 3, Randomized, Multicenter, Double-Blind, Placebo-Controlled Study of Acoramidis for Transthyretin Amyloidosis Prevention in the Young (ACT-EARLY Trial)",RECRUITING,INTERVENTIONAL,PHASE3,PREVENTION,Amyloid-targeting approaches,Preclinical or elevated-risk,587,"Eidos Therapeutics, a BridgeBio company",Acoramidis; Placebo oral tablet,Amyloidosis; Amyloid Cardiomyopathy; Transthyretin Amyloidosis; Cardiomyopathies; Heart Diseases; Polyneuropathies,Argentina; Australia; Belgium; Brazil; Canada; Denmark; France; Germany; Greece; Ireland; Italy; Japan; Malaysia; Martinique; Mexico; Netherlands; Portugal; Singapore; South Korea; Spain; Sweden; Taiwan; United Kingdom; United States,True,24,103,True,True,2024-08-21,2026-06-29,2025-05-12,2031-10,2032-12,"Time to development of ATTR (ATTR-CM or ATTR-PN, whichever occurs first; centrally adjudicated)","Last public update posted after June 10, 2026; historical status not reconstructed"
NCT06585787,https://clinicaltrials.gov/study/NCT06585787,A Study to Evaluate KarXT as a Treatment for Psychosis Associated With Alzheimer's Disease (ADEPT-4),"A Phase 3, Randomized, Double-Blind, Placebo-Controlled, Parallel Group Study to Evaluate the Safety and Efficacy of KarXT for the Treatment of Psychosis Associated With Alzheimer's Disease",RECRUITING,INTERVENTIONAL,PHASE3,TREATMENT,Other interventional treatment research,Moderate or later dementia,406,"Karuna Therapeutics, Inc., a Bristol Myers Squibb company",KarXT; Placebo,Alzheimer Disease,Argentina; Belgium; Brazil; Bulgaria; China; Croatia; France; Germany; Greece; Hungary; India; Israel; Italy; Japan; Poland; Portugal; Puerto Rico; Romania; Serbia; Slovakia; South Korea; Spain; Turkey (Türkiye); Ukraine; United States,True,25,292,True,True,2024-09-19,2026-07-07,2024-09-26,2026-11-24,2026-12-22,Change from baseline in Neuropsychiatric Inventory-Clinician: Hallucinations and Delusions (NPI-C: H+D) score,"Last public update posted after June 10, 2026; historical status not reconstructed"
NCT06647498,https://clinicaltrials.gov/study/NCT06647498,A Study of a Potential Disease Modifying Treatment in Individuals at Risk for or With a Type of Early Onset AD Caused by a Genetic Mutation,"A Phase II/III Multicenter Randomized, Double-Blind, Placebo-Controlled, Two-Stage Adaptive Design, Platform Trial of Investigational Treatments for Primary Prevention of Disease Progression in Dominantly Inherited Alzheimer's Disease",RECRUITING,INTERVENTIONAL,PHASE2+PHASE3,TREATMENT,Neuroinflammation and immune biology,Preclinical or elevated-risk,280,Washington University School of Medicine,Remternetug; Matching Placebo (Remternetug),"Alzheimers Disease; Dementia; Alzheimers Disease, Familial",Argentina; Australia; Canada; Colombia; France; Germany; Italy; Mexico; Netherlands; New Zealand; Puerto Rico; South Korea; Spain; United Kingdom; United States,True,15,37,True,True,2024-10-17,2026-07-27,2024-11-22,2034-03,2034-08,Stage 1: Change in amyloid load as measured by centiloid (CL) [11C]PiB-PET as biomarker endpoint for DIAN-TU-002 remternetug arm,"Last public update posted after June 10, 2026; historical status not reconstructed"
NCT06649929,https://clinicaltrials.gov/study/NCT06649929,Nuestro Sueno: Cultural Adaptation of a Couples Intervention to Improve PAP Adherence and Sleep Health Among Latino Couples With Implications for Alzheimer's Disease Risk,Nuestro Sueno: Cultural Adaptation of a Couples Intervention to Improve Positive Airway Pressure Adherence and Sleep Health Among Latino Couples With Implications for Alzheimer's Disease Risk,ENROLLING_BY_INVITATION,INTERVENTIONAL,PHASE2,OTHER,"Care, behavior, and quality of life",Moderate or later dementia,80,University of Utah,Couples-based treatment- Patient; Couples-based treatment- Partner; Information control- Patient; Information control- Partner,Sleep Apnea; Sleep Disturbance,United States,True,1,2,False,True,2024-10-21,2026-07-10,2025-03-20,2027-11-01,2028-03-01,Recruitment Feasibility,"Last public update posted after June 10, 2026; historical status not reconstructed"
NCT06651567,https://clinicaltrials.gov/study/NCT06651567,A Study to Assess the Efficacy and Safety of ITI-1284 in the Treatment of Agitation Associated With Alzheimer's Dementia,"A Multicenter, Randomized, Double-blind, Placebo-controlled, Flexible-dose Study of the Efficacy, Safety, and Tolerability of ITI-1284 in Patients With Agitation Associated With Alzheimer's Dementia",RECRUITING,INTERVENTIONAL,PHASE2,TREATMENT,"Care, behavior, and quality of life",Mixed or not specified,320,"Intra-Cellular Therapies, Inc.",ITI-1284; Placebo,Agitation Associated With Alzheimer's Dementia,Bulgaria; Croatia; Czechia; Romania; Serbia; Slovakia; Spain; United States,True,8,70,True,True,2024-10-21,2026-07-23,2024-10-22,2027-12-28,2027-12-28,Cohen-Mansfield Agitation Inventory (CMAI) total score,"Last public update posted after June 10, 2026; historical status not reconstructed"
NCT06750432,https://clinicaltrials.gov/study/NCT06750432,PMN310 in Patients With Early Alzheimer's Disease (PRECISE-AD),"A Phase 1b, Double-Blind, Placebo-Controlled, Multiple Ascending Dose Study of the Safety, Tolerability, Pharmacokinetics, Pharmacodynamics, and Preliminary Efficacy of PMN310 in Patients With Early Alzheimer's Disease",ACTIVE_NOT_RECRUITING,INTERVENTIONAL,PHASE1,TREATMENT,Other interventional treatment research,Care partners or care systems,144,"ProMis Neurosciences, Inc",PMN310; Placebo,"Alzheimer Disease, Early Onset",United States,True,1,22,False,True,2024-12-27,2026-07-13,2024-12-13,2026-12,2026-12,Safety and tolerability of PMN310 following repeat intravenous infusions of PMN310; Biomarker response to PMN310 following repeat intravenous infusions of PMN310; Safety and tolerability of PMN310 following repeat intravenous infusions of PMN310,"Last public update posted after June 10, 2026; historical status not reconstructed"
NCT06814730,https://clinicaltrials.gov/study/NCT06814730,A Study to Assess THN391 in Subjects With Alzheimer's Disease,"A Double-blind, Randomized, Placebo-controlled, Phase 1b Study to Assess the Safety, Tolerability and Pharmacokinetics of Multiple Ascending Doses of THN391 in Early Alzheimer's Disease Subjects",ACTIVE_NOT_RECRUITING,INTERVENTIONAL,PHASE1,TREATMENT,"Diagnostics, imaging, and biomarkers",Early Alzheimer’s disease,19,"Therini Bio, Inc.",THN391; Placebo; THN391; Placebo,"Alzheimer Disease, Early Onset",Netherlands; United Kingdom,False,2,4,True,True,2025-02-07,2026-07-08,2025-07-17,2027-03-31,2027-05-31,To assess the safety and tolerability of multiple doses of THN391 in Early AD subjects via AEs; To assess the safety and tolerability of multiple doses of THN391 in Early AD subjects via SAEs; To assess the pharmacokinetics (PK) of multiple doses of THN391 in Early AD subjects,"Last public update posted after June 10, 2026; historical status not reconstructed"
NCT06821568,https://clinicaltrials.gov/study/NCT06821568,Home-Based Brain Stimulation for Motoric Cognitive Risk Syndrome,Long-term Home-based Transcranial Electrical Stimulation for Cognitive and Motor Function in Older Adults With an Increased Risk of Dementia: a Randomized Controlled Trial,RECRUITING,INTERVENTIONAL,NA,TREATMENT,"Diagnostics, imaging, and biomarkers",Subjective cognitive concerns,128,Hebrew SeniorLife,Personalized Transcranial Direct Current Stimulation (tDCS); Active-Sham,Alzheimer Disease and Related Dementias; Cognition; Mobility Disability,Israel; United States,True,2,2,True,True,2025-02-12,2026-07-16,2025-09-02,2029-03,2029-06,Dual task cost to gait speed,"Last public update posted after June 10, 2026; historical status not reconstructed"
NCT06847321,https://clinicaltrials.gov/study/NCT06847321,Study of LHP588 in Subjects With P. Gingivalis-Positive Alzheimer's Disease,"A Randomized, Double-Blind, Placebo-Controlled Study of LHP588 in Subjects With P. Gingivalis-Positive Alzheimer's Disease",RECRUITING,INTERVENTIONAL,PHASE2,TREATMENT,"Care, behavior, and quality of life",Care partners or care systems,300,"Lighthouse Pharmaceuticals, Inc.",LHP588; LHP588; Placebo Drug,Alzheimer Disease; Alzheimer Disease Due to P. Gingivalis,United States,True,1,39,False,True,2025-02-26,2026-07-14,2025-02-17,2029-01-31,2029-03-15,Change in ADAS-Cog11,"Last public update posted after June 10, 2026; historical status not reconstructed"
NCT06850870,https://clinicaltrials.gov/study/NCT06850870,Door-Through-Door Companion Rideshare Technology for Individuals With Alzheimer's Disease and Related Dementias (AD/ADRD),Onward Door-Through-Door Companion Rideshare Technology to Improve Care for Older Adults and Individuals With Alzheimer's Disease and Related Dementias (AD/ADRD),ACTIVE_NOT_RECRUITING,INTERVENTIONAL,PHASE1,SUPPORTIVE_CARE,Other interventional treatment research,Subjective cognitive concerns,120,"Onward Health, Inc",Door-through-door companion rideshare; Curb-to-curb rideshare services,Alzheimer Disease or Associated Disorder; Dementia; Cognitive Decline,United States,True,1,1,False,True,2025-02-27,2026-07-21,2025-08-29,2026-12-28,2026-12-28,Appointment Adherence,"Last public update posted after June 10, 2026; historical status not reconstructed"
NCT06862960,https://clinicaltrials.gov/study/NCT06862960,Ozanimod in Patients With Alzheimer's Disease,Ozanimod for the Treatment of Alzheimer's Disease: a Proof-of-concept Study,RECRUITING,INTERVENTIONAL,PHASE2,TREATMENT,"Diagnostics, imaging, and biomarkers",Preclinical or elevated-risk,40,ChenXiaoChun,Ozanimod; Conventional medication,Alzheimer Disease,China,False,1,1,False,True,2025-03-07,2026-07-27,2025-08-13,2027-06-30,2027-12-30,Mean Absolute Change From Baseline in Brain Amyloid Plaque on 18F-florbetaben PET Scan on Ozanimod Group Versus Control Group; Changes in serum GFAP,"Last public update posted after June 10, 2026; historical status not reconstructed"
NCT06880406,https://clinicaltrials.gov/study/NCT06880406,Mitochondrial Function and Metabolomic Profile in Alzheimer's Disease and Related Dementias,Early Alterations of Peripheral Mitochondrial Function and Metabolomic Profile in Patients With Alzheimer's Disease and Related Dementias,RECRUITING,INTERVENTIONAL,NA,BASIC_SCIENCE,"Diagnostics, imaging, and biomarkers",Early Alzheimer’s disease,250,Centre Hospitalier Universitaire de Nice,MMSE and blood draw,Alzheimer Disease,France,False,1,1,False,True,2025-03-17,2026-06-18,2025-07-01,2028-07-01,2029-04-01,Mitochondrial oxygen consumption of peripheral blood cells; Mitochondrial oxygen consumption of peripheral blood cells,"Last public update posted after June 10, 2026; historical status not reconstructed"
NCT06923501,https://clinicaltrials.gov/study/NCT06923501,Evaluation of a Mobile App Program for Coping With Cancer,"Feasibility, Acceptability, and Preliminary Outcomes of a Mobile App for Coping With Cancer",RECRUITING,INTERVENTIONAL,NA,SUPPORTIVE_CARE,"Care, behavior, and quality of life",Mixed or not specified,50,Yale University,Tools for Coping with Cancer Calm Health mobile app program,Cancer,United States,True,1,1,False,True,2025-04-11,2026-06-15,2026-06-11,2027-06-01,2027-10-01,Participant interest; Accrual; Participant completion,"Last public update posted after June 10, 2026; historical status not reconstructed"
NCT06937229,https://clinicaltrials.gov/study/NCT06937229,A Study to Evaluate the Long-term Efficacy and Safety of KarXT + KarX-EC for Agitation in Alzheimer's Disease (ADAGIO-3),"A Phase 3, Open-label Extension Study to Evaluate the Long-term Safety and Tolerability of KarXT + KarX-EC for the Treatment of Agitation Associated With Alzheimer's Disease (ADAGIO-3)",RECRUITING,INTERVENTIONAL,PHASE3,TREATMENT,"Care, behavior, and quality of life",Care partners or care systems,650,Bristol-Myers Squibb,KarXT; KarX-EC,Alzheimer Disease; Agitation,Argentina; Brazil; Bulgaria; Canada; Chile; China; Croatia; Czechia; France; Germany; Greece; Hungary; India; Israel; Italy; Japan; Mexico; Poland; Portugal; Romania; South Korea; Spain; Taiwan; Ukraine; United Kingdom; United States,True,26,256,True,True,2025-04-22,2026-07-01,2025-12-02,2029-06-22,2029-07-20,Number of Participants With Treatment Emergent Adverse Events (TEAEs),"Last public update posted after June 10, 2026; historical status not reconstructed"
NCT06947941,https://clinicaltrials.gov/study/NCT06947941,A Study to Evaluate Safety and Efficacy of KarXT + KarX-EC as a Treatment for Psychosis Associated With Alzheimer's Disease (ADEPT-5),"A Phase 3, Randomized, Double-blind, Placebo-controlled, Parallel Group Study to Evaluate the Safety and Efficacy of KarXT + KarX-EC for the Treatment of Psychosis Associated With Alzheimer's Disease",RECRUITING,INTERVENTIONAL,PHASE3,TREATMENT,"Care, behavior, and quality of life",Mixed or not specified,325,Bristol-Myers Squibb,KarXT; KarX-EC; KarXT + KarX-EC Arm Matching Placebo,Alzheimer Disease; Psychosis,Australia; Canada; Japan; United Kingdom; United States,True,5,22,True,True,2025-04-27,2026-06-30,2026-03-25,2028-02-21,2028-03-20,Change From Baseline in Neuropsychiatric Inventory-Clinician: Hallucinations and Delusions (NPI-C: H+D) Score,"Last public update posted after June 10, 2026; historical status not reconstructed"
NCT06957418,https://clinicaltrials.gov/study/NCT06957418,Alzheimer's Tau Platform: Master Protocol,The Alzheimer's Disease Tau Platform Clinical Trial,RECRUITING,INTERVENTIONAL,PHASE2,TREATMENT,Tau-targeting approaches,Preclinical or elevated-risk,900,Paul S. Aisen,AADvac1; Tau2,Preclinical Alzheimer's Disease; Alzheimer Disease; Prodromal Alzheimer's Disease,United States,True,1,1,False,True,2025-05-04,2026-07-09,2026-07-06,2028-08-31,2028-08-31,Reduction of brain tau deposition as measured by tau positron emission tomography (PET),"Last public update posted after June 10, 2026; historical status not reconstructed"
NCT06976203,https://clinicaltrials.gov/study/NCT06976203,A Study to Evaluate the Efficacy and Safety of KarXT + KarX-EC for Cognitive Impairment in Alzheimer's Disease (MINDSET 2),"A Phase 3, Randomized, Double-Blind, Placebo-Controlled, Parallel-Group Study to Evaluate the Efficacy and Safety of KarXT + KarX-EC for the Treatment of Cognitive Impairment Associated With Mild to Moderate Alzheimer's Disease (MINDSET 2)",RECRUITING,INTERVENTIONAL,PHASE3,TREATMENT,Other interventional treatment research,Care partners or care systems,586,Bristol-Myers Squibb,KarXT; KarX-EC; Placebo,Alzheimer's Disease,Argentina; Australia; Brazil; Finland; France; Germany; Greece; Italy; Japan; Netherlands; Poland; Portugal; Puerto Rico; Romania; Spain; United Kingdom; United States,True,17,126,True,True,2025-05-16,2026-07-17,2025-07-21,2028-09-11,2029-02-23,Change from baseline in Alzheimer's Disease Assessment Scale-Cognitive Subscale 11 (ADAS-Cog11); Clinician's Interview-Based Impression Plus Caregiver Input (CIBIC+),"Last public update posted after June 10, 2026; historical status not reconstructed"
NCT06976216,https://clinicaltrials.gov/study/NCT06976216,A Study to Evaluate the Efficacy and Safety of KarXT + KarX-EC for Cognitive Impairment in Alzheimer's Disease,"A Phase 3, Randomized, Double-Blind, Placebo-Controlled, Parallel-Group Study to Evaluate the Efficacy and Safety of KarXT + KarX-EC for the Treatment of Cognitive Impairment Associated With Mild to Moderate Alzheimer's Disease (MINDSET 1)",RECRUITING,INTERVENTIONAL,PHASE3,TREATMENT,Other interventional treatment research,Care partners or care systems,586,Bristol-Myers Squibb,KarXT; KarX-EC; Placebo,Alzheimer's Disease,Argentina; Australia; Brazil; Canada; Chile; Croatia; Czechia; France; Germany; Greece; India; Italy; Netherlands; Poland; Puerto Rico; Romania; South Korea; Spain; United States,True,19,116,True,True,2025-05-16,2026-06-26,2025-07-14,2028-09-11,2029-02-23,Change from baseline in Alzheimer's Disease Assessment Scale-Cognitive Subscale 11 (ADAS-Cog11); Clinician's Interview-Based Impression Plus Caregiver Input (CIBIC+),"Last public update posted after June 10, 2026; historical status not reconstructed"
NCT07007208,https://clinicaltrials.gov/study/NCT07007208,"Biomarkers of the Locus Coeruleus Nucleus: Links With Early Tau Pathology, Cognition and Alzheimer's Disease Risk","Biomarkers of the Locus Coeruleus Nucleus: Links With Early Tau Pathology, Cognition and Alzheimer's Disease Risk.",RECRUITING,INTERVENTIONAL,PHASE2,DIAGNOSTIC,"Diagnostics, imaging, and biomarkers",Mixed or not specified,100,"University Hospital, Toulouse",a positon emission tomography (PET) exam; MRI Contrast; oculometry assessment; cognitive exams,Alzheimer Disease,France,False,1,1,False,True,2025-06-05,2026-07-17,2026-02-02,2029-01-31,2029-01-31,diagnostic capabilities of Locus Coeruleus biomarkers for a positive PET-Tau exam,"Last public update posted after June 10, 2026; historical status not reconstructed"
NCT07011732,https://clinicaltrials.gov/study/NCT07011732,A Phase 3 Study to Evaluate the Safety and Efficacy of KarXT + KarX-EC for the Treatment of Agitation Associated With Alzheimer's Disease (ADAGIO-1),"A Phase 3, Randomized, Double-Blind, Placebo-Controlled, Parallel Group Study to Evaluate the Safety and Efficacy of KarXT + KarX-EC for the Treatment of Agitation Associated With Alzheimer's Disease",RECRUITING,INTERVENTIONAL,PHASE3,TREATMENT,"Care, behavior, and quality of life",Care partners or care systems,426,Bristol-Myers Squibb,Xanomeline/Trospium Chloride Capsule; Xanomeline Enteric Capsule; Placebo,Alzheimer Disease,Argentina; Brazil; Bulgaria; Canada; China; Croatia; Greece; India; Japan; Mexico; Portugal; Romania; Spain; Taiwan; United States,True,15,158,True,True,2025-06-10,2026-07-13,2025-07-10,2028-11-24,2028-12-08,Change from baseline on the Cohen-Mansfield Agitation Inventory-International Psychogeriatric Association (CMAI-IPA) Total Score at Week 14,"Last public update posted after June 10, 2026; historical status not reconstructed"
NCT07011745,https://clinicaltrials.gov/study/NCT07011745,A Phase 3 Study to Evaluate the Safety and Efficacy of KarXT + KarX-EC for the Treatment of Agitation Associated With Alzheimer's Disease (ADAGIO-2),"A Phase 3, Randomized, Double-Blind, Placebo-Controlled, Parallel Group Study to Evaluate the Safety and Efficacy of KarXT + KarX-EC for the Treatment of Agitation Associated With Alzheimer's Disease",RECRUITING,INTERVENTIONAL,PHASE3,TREATMENT,"Care, behavior, and quality of life",Care partners or care systems,352,Bristol-Myers Squibb,Xanomeline/Trospium Chloride Capsule; Xanomeline Enteric Capsule; Placebo,Alzheimer Disease,Argentina; Chile; Czechia; France; Germany; Hungary; Israel; Italy; Poland; Puerto Rico; South Korea; Ukraine; United Kingdom; United States,True,14,145,True,True,2025-06-10,2026-06-25,2025-07-16,2028-11-03,2028-11-13,Change from baseline on the Cohen-Mansfield Agitation Inventory-International Psychogeriatric Association (CMAI-IPA) total score at Week 14,"Last public update posted after June 10, 2026; historical status not reconstructed"
NCT07021040,https://clinicaltrials.gov/study/NCT07021040,Olfactory Biopsies,Analysis of Human Olfactory Biopsies,RECRUITING,INTERVENTIONAL,NA,BASIC_SCIENCE,"Diagnostics, imaging, and biomarkers",Moderate or later dementia,125,Duke University,olfactory testing; Odor stimulation; Olfactory biopsy,Alzheimer Disease; Smell Loss; Smell Dysfunction,United States,True,1,1,False,True,2025-06-13,2026-06-12,2025-01-06,2029-04-30,2029-07-31,Transcription state changes in olfactory cells,"Last public update posted after June 10, 2026; historical status not reconstructed"
NCT07027072,https://clinicaltrials.gov/study/NCT07027072,Study to Evaluate the Efficacy and Safety of KDS2010 in Patients With Alzheimer's Disease With Mild Cognitive Impairment and Mild Dementia Due to Alzheimer's Disease,"A Randomized, Double-Blind, Placebo-Controlled, Dose-Finding, Phase 2a Clinical Trial to Evaluate the Efficacy and Safety of KDS2010 in Patients With Alzheimer's Disease With Mild Cognitive Impairment and Mild Dementia Due to Alzheimer's Disease",RECRUITING,INTERVENTIONAL,PHASE2,TREATMENT,"Care, behavior, and quality of life",Care partners or care systems,114,"NeuroBiogen Co., Ltd",KDS2010; Placebo,Mild Cognitive Impairment (MCI); Mild Dementia; Alzheimer&#39;s Disease,South Korea,False,1,8,False,True,2025-06-18,2026-06-22,2025-08-06,2027-06-30,2027-12-31,Change from Baseline in Clinical Dementia Rating - Sum of Boxes (CDR-SB) score; Time to ≥0.5-point increase in CDR-SB; Change from Baseline in Mini-Mental State Examination (MMSE) score,"Last public update posted after June 10, 2026; historical status not reconstructed"
NCT07033494,https://clinicaltrials.gov/study/NCT07033494,A Clinical Study of MK-2214 in People With Early Alzheimer's Disease (MK-2214-004),"A Phase 2 Randomized, Placebo-Controlled, Double-Blind, Parallel-Group Study to Evaluate the Efficacy and Safety of MK-2214 in Participants With Early Alzheimer's Disease",RECRUITING,INTERVENTIONAL,PHASE2,TREATMENT,"Diagnostics, imaging, and biomarkers",MCI or prodromal Alzheimer’s,340,Merck Sharp & Dohme LLC,MK-2214; Placebo,Early Alzheimer's Disease,Argentina; Australia; Belgium; Canada; Japan; Netherlands; Singapore; South Korea; Spain; United Kingdom; United States,True,11,79,True,True,2025-06-24,2026-07-06,2025-07-16,2029-04-30,2029-04-30,Change from Baseline in Tau PET Standardized Uptake Value Ratio (SUVr); Number of Participants Who Experience One or More Adverse Events (AEs); Number of Participants Who Discontinue Study Intervention Due to an AE,"Last public update posted after June 10, 2026; historical status not reconstructed"
NCT07054385,https://clinicaltrials.gov/study/NCT07054385,I-CARE Rural Pilot: Intervention for Rural-Dwelling Dementia Caregivers,I-CARE-Rural Pilot: Remote Digital Intervention for Rural-Dwelling Dementia Caregivers,ACTIVE_NOT_RECRUITING,INTERVENTIONAL,NA,SUPPORTIVE_CARE,"Care, behavior, and quality of life",Care partners or care systems,60,Richard Holden,Brain CareNotes; Dementia Guide Expert,Caregiver Burden; Alzheimer Disease,United States,True,1,1,False,True,2025-07-08,2026-06-26,2025-07-01,2026-07-01,2026-07-01,App Usability; App Acceptability,"Last public update posted after June 10, 2026; historical status not reconstructed"
NCT07094516,https://clinicaltrials.gov/study/NCT07094516,A Clinical Trial to Learn About the Effects of VHB937 in People With Early Alzheimer's Disease,"A Randomized, Placebo-controlled, Parallel Group, 72-week Study to Evaluate the Efficacy and Safety of VHB937 in Participants With Early Alzheimer's Disease Followed by an Extension",RECRUITING,INTERVENTIONAL,PHASE2,TREATMENT,Other interventional treatment research,MCI or prodromal Alzheimer’s,407,Novartis Pharmaceuticals,VHB937; VHB937; Placebo,Alzheimer's Disease,Australia; Canada; China; Czechia; France; Germany; Italy; Japan; Netherlands; Poland; South Korea; Spain; Sweden; United Kingdom; United States,True,15,74,True,True,2025-07-30,2026-06-26,2025-08-07,2028-09-14,2030-12-31,Change from Baseline in the Clinical Dementia Rating scale - Sum of Boxes (CDR-SB),"Last public update posted after June 10, 2026; historical status not reconstructed"
NCT07099053,https://clinicaltrials.gov/study/NCT07099053,Amyloid PET Imaging in the Baltimore Longitudinal Study of Aging,Amyloid PET Imaging in the Baltimore Longitudinal Study of Aging (BLSA),RECRUITING,OBSERVATIONAL,NOT_APPLICABLE,,"Diagnostics, imaging, and biomarkers",MCI or prodromal Alzheimer’s,400,National Institute on Aging (NIA),,Aging,United States,True,1,1,False,True,2025-08-01,2026-07-27,2026-07-30,2029-12-12,2029-12-12,Amyloid accumulation,"Last public update posted after June 10, 2026; historical status not reconstructed"
NCT07117162,https://clinicaltrials.gov/study/NCT07117162,Improving Access to Care for Veterans With Memory Loss,Increasing Access to Care: An Advanced Virtual Care Delivery Protocol to Deliver Diagnostic and Therapeutic Services to Underserved Veterans With ADRD,RECRUITING,INTERVENTIONAL,NA,HEALTH_SERVICES_RESEARCH,"Diagnostics, imaging, and biomarkers",MCI or prodromal Alzheimer’s,30,VA Pittsburgh Healthcare System,ADRD Care Delivery Protocol,Alzheimer Disease,United States,True,1,1,False,True,2025-08-12,2026-07-17,2025-10-29,2027-06,2027-06,Time to Eligibility Determination; Time to Initial Infusion,"Last public update posted after June 10, 2026; historical status not reconstructed"
NCT07142954,https://clinicaltrials.gov/study/NCT07142954,Epidemiology and Biomarker Study in Alzheimer's Disease,"A Longitudinal, Prospective Epidemiology Study in Alzheimer's Disease: Assessing Neurocognitive and Biomarker Changes and Health Outcomes in Individuals at Risk for Symptoms of Alzheimer's Disease (ANCHOR-AD)",RECRUITING,INTERVENTIONAL,PHASE3,OTHER,"Diagnostics, imaging, and biomarkers",Preclinical or elevated-risk,3400,Eli Lilly and Company,P-tau217 Test,Alzheimer Disease,Japan; United States,True,2,4,True,True,2025-08-27,2026-07-07,2025-08-25,2033-07,2033-07,Time to Cognitive Worsening Within Cohorts as Measured by Cognitive Composite or Any of the Individual Composite Components,"Last public update posted after June 10, 2026; historical status not reconstructed"
NCT07158905,https://clinicaltrials.gov/study/NCT07158905,AV-1980R (Tau Vaccine) in Preclinical Alzheimer's Disease (TAURUS-1980),"A Phase I, Randomized, Double-Blind Study to Evaluate the Safety and Tolerability of AV-1980R in Participants With Preclinical Alzheimer's Disease",RECRUITING,INTERVENTIONAL,PHASE1,PREVENTION,"Diagnostics, imaging, and biomarkers",Preclinical or elevated-risk,48,Institute for Molecular Medicine,AV-1980R 20 µg; AV-1980R 60 µg; AV-1980R 180 µg; Placebo,Alzheimer Disease; Preclinical Alzheimer's Disease,United States,True,1,5,False,True,2025-09-08,2026-07-22,2026-06-23,2029-06-15,2029-10-15,Incidence of Treatment-Emergent Adverse Events (TEAEs) and Serious Adverse Events (SAEs),"Last public update posted after June 10, 2026; historical status not reconstructed"
NCT07167966,https://clinicaltrials.gov/study/NCT07167966,Alzheimer's Tau Platform: Regimen A - AADvac1,Alzheimer's Tau Platform (ATP): Regimen Specific Appendix for AADvac1,ENROLLING_BY_INVITATION,INTERVENTIONAL,PHASE2,TREATMENT,Tau-targeting approaches,Preclinical or elevated-risk,450,Paul S. Aisen,AADvac1; Donanemab,Preclinical Alzheimer's Disease; Prodromal Alzheimer's Disease; Alzheimer Disease,United States,True,1,1,False,True,2025-09-11,2026-07-09,2026-11-03,2028-08-31,2028-08-31,Reduction of brain tau deposition as measured by tau positron emission tomography (PET),"Last public update posted after June 10, 2026; historical status not reconstructed"
NCT07169578,https://clinicaltrials.gov/study/NCT07169578,A Study of Trontinemab in Participants With Early Symptomatic Alzheimer's Disease,"A Phase III, Multicenter, Randomized, Double-Blind, Placebo-Controlled, Parallel-Group Efficacy and Safety Study of Trontinemab in Participants With Early Symptomatic Alzheimer's Disease (MCI to Mild Dementia Due to AD)",RECRUITING,INTERVENTIONAL,PHASE3,TREATMENT,Other interventional treatment research,MCI or prodromal Alzheimer’s,800,Hoffmann-La Roche,Trontinemab; Placebo,Alzheimers Disease,Argentina; Brazil; Canada; China; France; Germany; Italy; Japan; Poland; Spain; Taiwan; United Kingdom; United States,True,13,143,True,True,2025-09-12,2026-07-02,2025-09-17,2028-06-07,2028-06-07,"Change from baseline to Week 72 in Clinical Dementia Rating, Sum of Boxes (CDR-SB)","Last public update posted after June 10, 2026; historical status not reconstructed"
NCT07169630,https://clinicaltrials.gov/study/NCT07169630,PET Imaging of Phosphodiesterase-4 (PDE4) in Volunteers With Alzheimer Disease (AD) or Mild Cognitive Impairment (MCI),PET Imaging of Phosphodiesterase-4 (PDE4) in Volunteers With Alzheimer s Disease (AD) or Mild Cognitive Impairment (MCI),RECRUITING,INTERVENTIONAL,PHASE1,DIAGNOSTIC,"Diagnostics, imaging, and biomarkers",Care partners or care systems,90,National Institute of Mental Health (NIMH),18F-PF974; 18F-florbetaben,Alzheimer s Disease; Mild Cognitive Impairment; Healthy,United States,True,1,1,False,True,2025-09-12,2026-07-27,2026-07-30,2029-04-11,2030-04-11,To determine whether PDE4B radioligand binding is increased in medial temporal lobe of participants with AD or MCI (both A <= positive) compared to age-and sex matched HVs (who are A <= negative.,"Last public update posted after June 10, 2026; historical status not reconstructed"
NCT07170150,https://clinicaltrials.gov/study/NCT07170150,A Clinical Trial of Trontinemab in Participants With Early Symptomatic Alzheimer's Disease,"A Phase III, Multicenter, Randomized, Double-Blind, Placebo-Controlled, Parallel-Group Efficacy and Safety Study of Trontinemab in Participants With Early Symptomatic Alzheimer's Disease (MCI to Mild Dementia Due to AD)",RECRUITING,INTERVENTIONAL,PHASE3,TREATMENT,Other interventional treatment research,MCI or prodromal Alzheimer’s,800,Hoffmann-La Roche,Trontinemab; Placebo,Alzheimers Disease,Argentina; Australia; Brazil; Canada; Denmark; France; Germany; Italy; Japan; Netherlands; Poland; South Korea; Spain; Switzerland; United Kingdom; United States,True,16,150,True,True,2025-09-12,2026-07-07,2025-11-12,2028-06-07,2028-06-07,"Change from baseline to Week 72 in Clinical Dementia Rating, Sum of Boxes (CDR-SB)","Last public update posted after June 10, 2026; historical status not reconstructed"
NCT07177352,https://clinicaltrials.gov/study/NCT07177352,Screening Study to Determine Individuals With Potential Trial Eligibility for Alzheimer's Disease Studies,Master Screening Study to Determine Individuals With Potential Trial Eligibility for Alzheimer's Disease Studies as Assessed by Biomarker Status and Cognition,RECRUITING,INTERVENTIONAL,PHASE3,SCREENING,"Diagnostics, imaging, and biomarkers",Preclinical or elevated-risk,80000,Hoffmann-La Roche,No Intervention,Alzheimers Disease,Argentina; Australia; Brazil; Canada; China; Denmark; Italy; Japan; Poland; Puerto Rico; South Korea; Spain; Taiwan; United States,True,14,211,True,True,2025-09-17,2026-07-24,2025-07-02,2035-07-31,2035-07-31,Concentration of pTau217 in Blood on Day1; Cognitive score in ISLT on Day 1,"Last public update posted after June 10, 2026; historical status not reconstructed"
NCT07182357,https://clinicaltrials.gov/study/NCT07182357,Designing Care Management for Hospice Transitions for Persons Living With Advanced Dementia,ENGAGE-D: Designing Care Management for Hospice Transitions for Persons Living With Advanced Dementia,RECRUITING,INTERVENTIONAL,NA,SUPPORTIVE_CARE,"Care, behavior, and quality of life",Care partners or care systems,96,New York University,Dementia Care Management Checklist for Hospice Transitions,Alzheimer Disease and Related Dementias,United States,True,1,1,False,True,2025-09-19,2026-07-08,2026-05-13,2027-12-31,2028-07-31,Feasibility of the Dementia Care Management Hospice Transitions Checklist,"Last public update posted after June 10, 2026; historical status not reconstructed"
NCT07191028,https://clinicaltrials.gov/study/NCT07191028,Alzheimer's Disease THErapy With NEuroaid II,"A Multicenter, Randomized, Double-blind, Placebo-controlled, Parellel-group Study to Assess the Efficacy and Safety of MLC901 (NeuroAiD™II) in Subjects With Mild to Moderate Alzheimer's Disease (AD).",NOT_YET_RECRUITING,INTERVENTIONAL,PHASE3,TREATMENT,"Diagnostics, imaging, and biomarkers",Moderate or later dementia,350,Moleac Pte Ltd.,MLC 901; Placebo,Alzheimer's Disease Dementia,Singapore,False,1,1,False,True,2025-09-24,2026-06-12,2026-08,2029-02,2029-05,Alzheimer's Disease Assessment Scale-Cognitive Subscale11 (ADAS-Cog11),"Last public update posted after June 10, 2026; historical status not reconstructed"
NCT07213284,https://clinicaltrials.gov/study/NCT07213284,Michigan Healthy Mom (MI-MOM) Pregnancy Improvement Web Application Trial,Site Randomized Trial to Evaluate Behavioral Intervention Via Web-Based Application (MI MOM- Michigan Healthy Moms Application) to Improve Pregnancy Outcomes,RECRUITING,INTERVENTIONAL,NA,PREVENTION,Other interventional treatment research,Mixed or not specified,500,Michigan State University,MI MOM App,"Pregnancy; Pregnancy, Complications; Pregnancy Outcomes",United States,True,1,8,False,True,2025-10-08,2026-07-24,2026-07-15,2030-12-31,2031-12-31,"Total pregnancy-associated morbidity through one year postpartum; Pregnancy-Associated Mortality through one year postpartum; Composite Index, total number of maternal morbidity and mortality risk factors","Last public update posted after June 10, 2026; historical status not reconstructed"
NCT07213700,https://clinicaltrials.gov/study/NCT07213700,InRAD Observational Study,The International Registry for Alzheimer's Disease and Other Dementias (InRAD): An International Registry Observational Study Dedicated to Evaluating Outcomes Data in Alzheimer's Disease,RECRUITING,OBSERVATIONAL,NOT_APPLICABLE,,"Care, behavior, and quality of life",Subjective cognitive concerns,50000,Stichting International Registry for Alzheimer's Disease and other Dementias Foundation,"None, this is a non-interventional observational study",Alzheimer's Disease(AD); Mild Cognitive Impairment (MCI); Subjective Cognitive Decline (SCD); Non-Alzheimer Degenerative Dementia,Austria; Belgium; Brazil; Greece; Italy; Spain,False,6,7,True,True,2025-10-09,2026-07-10,2026-03-30,2036-01,2036-01,Changes in Alzheimer's Disease Clinical Staging over time,"Last public update posted after June 10, 2026; historical status not reconstructed"
NCT07214727,https://clinicaltrials.gov/study/NCT07214727,A Study to Evaluate ALN-5288 in Patients With Alzheimer's Disease,"A Phase 1, Randomized, Placebo-controlled Study With a Double Blind Period With Open-label Extension Period to Evaluate the Safety, Tolerability, Pharmacokinetics and Pharmacodynamics of Intrathecally Administered ALN-5288 in Adult Patients With Alzheimer's Disease",RECRUITING,INTERVENTIONAL,PHASE1,TREATMENT,Other interventional treatment research,MCI or prodromal Alzheimer’s,50,Alnylam Pharmaceuticals,ALN-5288; Placebo,Alzheimer's Disease,Canada; Netherlands; Spain; United Kingdom,False,4,13,True,True,2025-10-09,2026-07-23,2025-10-15,2030-03-06,2030-03-06,Frequency of Adverse Events (AEs); Severity of AEs,"Last public update posted after June 10, 2026; historical status not reconstructed"
NCT07221344,https://clinicaltrials.gov/study/NCT07221344,Study of ARO-MAPT-SC in Healthy Participants and Participants With Early Alzheimer's Disease,"A Phase 1/2a Placebo-Controlled Dose-Escalating Study to Evaluate the Safety, Tolerability, Pharmacokinetics, and Pharmacodynamics of ARO-MAPT-SC in Healthy Subjects and Subjects With Early Alzheimer's Disease",RECRUITING,INTERVENTIONAL,PHASE1+PHASE2,TREATMENT,Other interventional treatment research,Care partners or care systems,112,Arrowhead Pharmaceuticals,ARO-MAPT-SC; Placebo,"Alzheimer Disease; Alzheimer Disease, Early Onset",Canada; New Zealand,False,2,3,True,True,2025-10-27,2026-06-23,2025-11-18,2027-06,2027-06,Number of Participants with Treatment-Emergent Adverse Events (TEAEs) Over Time,"Last public update posted after June 10, 2026; historical status not reconstructed"
NCT07222449,https://clinicaltrials.gov/study/NCT07222449,"Wearables-and Blood-based Biomarkers-incorporated Modernisation of Circadian Rhythm Disruption Management in People Living With Alzheimer's Dementia: A Stepwise Study From Digital Inclusivity, Digital Therapy, to Digital Phenotyping and Biomarker Exploration","Wearables-and Blood-based Biomarkers-incorporated Modernisation of Circadian Rhythm Disruption Management in People Living With Alzheimer's Dementia: A Stepwise Study From Digital Inclusivity, Digital Therapy, to Digital Phenotyping and Biomarker Exploration",ENROLLING_BY_INVITATION,INTERVENTIONAL,NA,TREATMENT,"Care, behavior, and quality of life",Care partners or care systems,162,China Medical University Hospital,Photobiomodulation; Sham (No Treatment),Alzheimer Disease,Taiwan,False,1,1,False,True,2025-10-29,2026-06-18,2026-05-11,2027-09-30,2029-07-31,Sleep,"Last public update posted after June 10, 2026; historical status not reconstructed"
NCT07222930,https://clinicaltrials.gov/study/NCT07222930,Learning Amyloid and Tau Results,Reactions to Learning Amyloid and Tau Results in Adults at Risk for Alzheimer's Dementia,ENROLLING_BY_INVITATION,OBSERVATIONAL,NOT_APPLICABLE,,"Diagnostics, imaging, and biomarkers",Preclinical or elevated-risk,240,"University of Wisconsin, Madison","Disclose amyloid, tau results; Follow-up Assessments",Alzheimer Disease,United States,True,1,1,False,True,2025-10-30,2026-06-24,2026-02-17,2029-06,2029-06,"Impact of Neuroimaging in Alzheimer's Disease (INI-AD) Score; Stigma Impact Scale (SIS) Score; Control, Autonomy, Self-Realization, and Pleasure (CASP-12)","Last public update posted after June 10, 2026; historical status not reconstructed"
NCT07234942,https://clinicaltrials.gov/study/NCT07234942,"A Study to Investigate the Safety, Tolerability, Pharmacokinetics, and Pharmacodynamics of RO7812653 in Participants With Early Symptomatic Alzheimer's Disease (eAD)","A Phase I, Randomized, Double-Blind, Placebo-Controlled, Parallel Group, Single Ascending Dose Study to Investigate the Safety, Tolerability, Pharmacokinetics, and Pharmacodynamics of RO7812653 Following Intrathecal Administration in Participants With Early Symptomatic Alzheimer's Disease",RECRUITING,INTERVENTIONAL,PHASE1,TREATMENT,Other interventional treatment research,MCI or prodromal Alzheimer’s,50,Hoffmann-La Roche,RO7812653; Placebo,Alzheimer's Disease,Canada; Netherlands; Spain; Sweden; United Kingdom,False,5,10,True,True,2025-11-19,2026-06-30,2026-01-27,2028-04-19,2030-03-05,Percentage of Participants with Adverse Events; Change From Baseline in Columbia-Suicide Severity Rating Scale (C-SSRS) Scores,"Last public update posted after June 10, 2026; historical status not reconstructed"
NCT07250113,https://clinicaltrials.gov/study/NCT07250113,WeCareToFeedDysphagia to Reduce Care-partner Burden Full-scale RCT,WeCareToFeedDysphagia to Reduce Care-partner Burden Full-scale RCT,ENROLLING_BY_INVITATION,INTERVENTIONAL,NA,SUPPORTIVE_CARE,"Care, behavior, and quality of life",Care partners or care systems,802,Northwell Health,WeCareToFeedDysphagia web tool,Caregiver Burden; Alzheimer's Disease; Dementia; Oropharyngeal Dysphagia; Older Adults,United States,True,1,1,False,True,2025-11-26,2026-07-09,2026-02-17,2028-04,2028-04,Mean Care Partner Burden at 3 Months Post Hospital Discharge,"Last public update posted after June 10, 2026; historical status not reconstructed"
NCT07252440,https://clinicaltrials.gov/study/NCT07252440,A Study to Evaluate the Efficacy and Safety of TTYP01 Tablets in Early Symptomatic Alzheimer's Disease,"A Prospective, International, Multicenter, Randomized, Double-Blind, Placebo-Controlled, Parallel Study to Evaluate the Efficacy and Safety of TTYP01 Tablets in Early Symptomatic Alzheimer's Disease",RECRUITING,INTERVENTIONAL,PHASE2,TREATMENT,Other interventional treatment research,MCI or prodromal Alzheimer’s,180,"Shanghai Auzone Biological Technology Co., Ltd.",TTYP01 tables 60mg; TTYP01 tables 90mg; TTYP01 tables 0mg,AD; Early Alzheimer's Disease,China,False,1,1,False,True,2025-11-26,2026-07-16,2025-12-19,2028-10-23,2028-11-23,"Change from baseline in the Clinical Dementia Rating Scale-Sum of Boxes (CDR-SB) score at Week 78.; Number of participants with Adverse events, serious adverse events, adverse events of special interest","Last public update posted after June 10, 2026; historical status not reconstructed"
NCT07260253,https://clinicaltrials.gov/study/NCT07260253,Remotely-supervised Neuromodulation in PPA,Investigating the Benefits of Remotely-Supervised Neuromodulation In Primary Progressive Aphasia,RECRUITING,INTERVENTIONAL,NA,TREATMENT,"Diagnostics, imaging, and biomarkers",Moderate or later dementia,80,Maya Henry,Lexical Retrieval Cascade Treatment; Remotely Supervised Transcranial Direct Current Stimulation- Active; Remotely Supervised Transcranial Direct Current Stimulation - Sham,Primary Progressive Aphasia(PPA); Progressive Aphasia; Progressive Aphasia in Alzheimer's Disease; Logopenic Progressive Aphasia (LPA); Logopenic Variant Primary Progressive Aphasia; Logopenic Variant of Primary Progressive Aphasia (LPA),United States,True,1,2,False,True,2025-12-03,2026-06-29,2026-04-15,2029-05,2029-08,Change in spoken naming,"Last public update posted after June 10, 2026; historical status not reconstructed"
NCT07278492,https://clinicaltrials.gov/study/NCT07278492,NAD Augmentation to Prevent or Reverse Alzheimer's Disease in People With Down Syndrome,Nicotinamide Adenine Dinucleotide Augmentation to Prevent or Reverse the Progression of Alzheimer's Disease in People With Down Syndrome,NOT_YET_RECRUITING,INTERVENTIONAL,PHASE1,PREVENTION,"Care, behavior, and quality of life",Care partners or care systems,24,Brigham and Women's Hospital,MIB-626; Placebo,Down Syndrome (DS),United States,True,1,2,False,True,2025-12-12,2026-07-22,2026-08-07,2028-02-29,2028-05-31,Treatment emergent adverse events; Treatment emergent serious adverse events,"Last public update posted after June 10, 2026; historical status not reconstructed"
NCT07279103,https://clinicaltrials.gov/study/NCT07279103,Multisensory Environment-Based Occupational Therapy for Alzheimer's Patients,"The Effect of Multisensory Environment-Based Occupational Therapy Intervention on Sensory Processing, Cognitive, Behavioral Symptoms and Caregiver Burden in Alzheimer's Patients: A Randomized Controlled Study",ENROLLING_BY_INVITATION,INTERVENTIONAL,NA,TREATMENT,"Care, behavior, and quality of life",Care partners or care systems,24,Hacettepe University,Multisensory Environment-Based Occupational Therapy; Occupational therapy,Alzheimer s Disease; Occupational Therapy; Rehabilitation; Caregiver Burnout; Behavioral and Psychiatric Symptoms of Dementia; Sensory Processing Disorder; Cognitive,Turkey (Türkiye),False,1,1,False,True,2025-12-12,2026-06-29,2025-05-10,2025-06-01,2026-06-30,Cognitive Status; Sensory Processing; Behavioral and Psycological symptoms,"Last public update posted after June 10, 2026; historical status not reconstructed"
NCT07309107,https://clinicaltrials.gov/study/NCT07309107,Deep Learning on Amyloid Positons Emission Tomography,"Impact of Deep Learning-Based Noise Reduction Algorithm on Visual Analysis and Centiloid Quantification in Reduced-Dose and, or Time Acquisition Amyloid PET Imaging",RECRUITING,OBSERVATIONAL,NOT_APPLICABLE,,"Diagnostics, imaging, and biomarkers",Mixed or not specified,40,"Central Hospital, Nancy, France",,Alzheimer Disease,France,False,1,3,False,True,2025-12-30,2026-06-25,2026-05-06,2026-11-20,2027-01-30,Evaluate the impact of a deep-learning noise reduction algorithm on visual analysis and centiloid quantification when simulating reduced injected doses of 18F-flutemetamol.,"Last public update posted after June 10, 2026; historical status not reconstructed"
NCT07328451,https://clinicaltrials.gov/study/NCT07328451,"A Study to Evaluate the Safety, Tolerability, Pharmacokinetics, and Pharmacodynamics of DNL628 in Participants With Early Alzheimer's Disease","A Phase 1b, Multicenter, Randomized, Placebo-Controlled, Double-Blind Study to Evaluate the Safety, Tolerability, Pharmacokinetics, and Pharmacodynamics of DNL628 in Participants With Early Alzheimer's Disease",RECRUITING,INTERVENTIONAL,PHASE1,TREATMENT,"Diagnostics, imaging, and biomarkers",MCI or prodromal Alzheimer’s,68,Denali Therapeutics Inc.,DNL628; Placebo,"Alzheimer Disease, Early Onset",Netherlands; United Kingdom,False,2,4,True,True,2026-01-09,2026-07-01,2026-01-30,2027-02,2027-02,Incidence and severity of treatment-emergent adverse events (TEAEs) throughout the double-blind period,"Last public update posted after June 10, 2026; historical status not reconstructed"
NCT07347574,https://clinicaltrials.gov/study/NCT07347574,NeuroCare Community Project: A Community Based Prospective Observational Study for Early Alzheimer's Detection in HK,NeuroCare Community Project: A Community Based Prospective Observational Study for Early Alzheimer's Detection in Hong Kong,RECRUITING,OBSERVATIONAL,NOT_APPLICABLE,,"Care, behavior, and quality of life",MCI or prodromal Alzheimer’s,2500,Hong Kong University of Science and Technology,Observational,AD - Alzheimer's Disease; Mild Cognitive Impairment; Normal Cognition; Dementia,China,False,1,1,False,True,2026-01-16,2026-07-08,2026-03-23,2030-12-30,2030-12-30,Blood biomarker (baseline); Follow up blood biomarker,"Last public update posted after June 10, 2026; historical status not reconstructed"
NCT07367815,https://clinicaltrials.gov/study/NCT07367815,Allogeneic Adipose Tissue Derived-stem Cells in Alzheimer Disease,Allogeneic Intraveinous Injection of Adipose Tissue Derived-mesenchymal Stem Cells in Mild to Moderate Alzheimer Disease: a Phase I/II Trial,RECRUITING,INTERVENTIONAL,PHASE1+PHASE2,TREATMENT,"Diagnostics, imaging, and biomarkers",Care partners or care systems,9,"University Hospital, Toulouse",CellREADY® drug product IV dose of 50 millions; CellREADY® drug product IV dose of 100 millions; cerebral RMI; PET scan,Alzheimer Disease,France,False,1,1,False,True,2026-01-26,2026-06-23,2026-05-07,2029-05-01,2029-05-01,number of participants in each group with a clinically significant serious or non-serious AE related to treatment,"Last public update posted after June 10, 2026; historical status not reconstructed"
NCT07383311,https://clinicaltrials.gov/study/NCT07383311,Autophagy-Enhancers to Reduce Sleep Disturbances,Autophagy-Enhancers to Reduce Sleep Disturbances: A Combined Approach,RECRUITING,INTERVENTIONAL,NA,BASIC_SCIENCE,"Care, behavior, and quality of life",Preclinical or elevated-risk,76,University Medicine Greifswald,Spermidine Supplementation; Dietary Placebo,Mild Cognitive Impairment Due to Alzheimer's Disease; Subjective Cognitive Decline (SCD),Germany,False,1,1,False,True,2026-02-03,2026-07-02,2025-10-28,2028-12,2029-05,Effects of spermidine supplementation on sleep quality as measured by electroencephalography (EEG) mean power spectra; Effects of spermidine supplementation on sleep quality as measured by sleep spindle count assessed from EEG; Effects of spermidine supplementation on sleep quality as measured by sleep spindle power assessed from EEG,"Last public update posted after June 10, 2026; historical status not reconstructed"
NCT07386808,https://clinicaltrials.gov/study/NCT07386808,Improvement of Sleep Disorders in Patients With Alzheimer's Disease After Sunlight Exposure Therapy.,An Analysis of the Improvement of Sleep Disorders in Patients With Alzheimer's Disease After Sunlight Exposure Therapy.,ACTIVE_NOT_RECRUITING,INTERVENTIONAL,NA,SUPPORTIVE_CARE,"Care, behavior, and quality of life",Care partners or care systems,60,National Taiwan University Hospital,sunlight therapy,"Alzheimer's Disease (AD); Sleep Disorders, Circadian Rhythm",Taiwan,False,1,1,False,True,2026-02-04,2026-07-17,2026-05-13,2026-10-31,2026-12-31,"Pittsburgh Sleep Quality Index, PSQI","Last public update posted after June 10, 2026; historical status not reconstructed"
NCT07413744,https://clinicaltrials.gov/study/NCT07413744,The Gut - PRO Study,Probiotic Supplementation Safety and Feasibility Study in Preclinical Alzheimer's Disease,NOT_YET_RECRUITING,INTERVENTIONAL,PHASE2,TREATMENT,"Diagnostics, imaging, and biomarkers",Preclinical or elevated-risk,40,"University of Wisconsin, Madison",Probiotic; Placebo,Alzheimer Disease,United States,True,1,1,False,True,2026-02-17,2026-07-02,2026-08,2029-03,2029-03,Safety: Proportion of participants with an adverse event (AE) occurring during any point of the study; Safety: Proportion of participants with a severe adverse event (SAE) occurring during any point of the study; Feasibility: Number of weeks or months needed to meet study group numbers,"Last public update posted after June 10, 2026; historical status not reconstructed"
NCT07424443,https://clinicaltrials.gov/study/NCT07424443,Pilot Study of a Brain Health Program in Senior Centers,Prevention Starts Here: Piloting My Healthy Brain in Massachusetts Councils on Aging,ACTIVE_NOT_RECRUITING,INTERVENTIONAL,NA,PREVENTION,Lifestyle and multidomain,Subjective cognitive concerns,60,Massachusetts General Hospital,My Healthy Brain,Memory Loss (Excluding Dementia); Lifestyle (Sedentary Behavior and Physical Activity); Lifestyle Risk Reduction; Healthy Lifestyle Behaviors; Dementia Prevention,United States,True,1,1,False,True,2026-02-20,2026-06-15,2026-01-06,2026-08-01,2026-08-01,Rates of Treatment Completion; Client Satisfaction Questionnaire,"Last public update posted after June 10, 2026; historical status not reconstructed"
NCT07533084,https://clinicaltrials.gov/study/NCT07533084,Italian Validation of the dNA Scale and Its Correlation With Neurocognitive Variables,Italian Validation of the Dynamic Neurocognitive Adaptation (dNA) Scale and Its Correlation With Neurocognitive Variables,NOT_YET_RECRUITING,OBSERVATIONAL,NOT_APPLICABLE,,"Diagnostics, imaging, and biomarkers",Care partners or care systems,265,Neuromed IRCCS,,Active Aging Individuals Aged 65 and Over; Aging; Mild Cognitive Impairment (MCI); Dementia; Dementia Alzheimer Type; Subjective Memory Complaints; Probable Alzheimer's Disease,Italy,False,1,8,False,True,2026-04-16,2026-06-11,2026-09,2027-11-27,2027-11-27,Italian Validation and Factor Structure of the dynamic Neurocognitive Adaptation Scale (dNA),"Last public update posted after June 10, 2026; historical status not reconstructed"
NCT07571161,https://clinicaltrials.gov/study/NCT07571161,Donanemab (LY3002813) Trial in Chinese Participants With Cognitively Unimpaired (Preclinical) Alzheimer's Disease,A Study of Donanemab Versus Placebo in Chinese Participants at Risk for Cognitive and Functional Decline of Alzheimer's Disease,RECRUITING,INTERVENTIONAL,PHASE3,TREATMENT,Amyloid-targeting approaches,Preclinical or elevated-risk,140,Eli Lilly and Company,Donanemab; Placebo,Alzheimer Disease,China,False,1,30,False,True,2026-05-06,2026-07-17,2026-04-30,2030-04,2030-04,Time to Clinical Progression as Measured by Clinical Dementia Rating-Global Score (CDR-GS),"Last public update posted after June 10, 2026; historical status not reconstructed"
NCT07579689,https://clinicaltrials.gov/study/NCT07579689,Effects of Ginkgo Biloba on Blood Biomarkers in Mild Cognitive Impairment,Effect of Gingko Biloba on the Blood Biomarkers in Mild Cognitive Impairment Patients With Alzheimer's Disease,NOT_YET_RECRUITING,INTERVENTIONAL,PHASE4,TREATMENT,"Diagnostics, imaging, and biomarkers",MCI or prodromal Alzheimer’s,120,Hanyang University,Ginkgo Biloba Extract 240 mg; Placebo,Mild Cognitive Impairment; Alzheimer's Disease,,False,0,0,False,False,2026-05-12,2026-06-26,2026-06,2028-12-31,2028-12-31,Change from Baseline in Plasma p-tau217 at 6 Months,"Last public update posted after June 10, 2026; historical status not reconstructed"
NCT07589595,https://clinicaltrials.gov/study/NCT07589595,A Study of Donanemab (LY3002813) in Participants With Early Cognitive Decline (TRAILBLAZER-ALZ 7),"A Phase 2 Randomized, Placebo-Controlled Clinical Trial to Assess the Safety and Efficacy of Donanemab in Participants With Early Cognitive Decline, at Least One Core Clinical Feature of Dementia With Lewy Bodies, and Confirmation of Alpha-Synuclein and Amyloid Co-pathology",RECRUITING,INTERVENTIONAL,PHASE2,TREATMENT,Amyloid-targeting approaches,MCI or prodromal Alzheimer’s,350,Eli Lilly and Company,Donanemab; Placebo,Cognitive Dysfunction; Lewy Body Disease; Synucleinopathies; Amyloid,Japan; South Korea; Taiwan; United States,True,4,72,True,True,2026-05-15,2026-07-17,2026-05-20,2028-08,2028-08,Change from Baseline on Clinical Dementia Rating - Sum of Boxes (CDR-SB),"Last public update posted after June 10, 2026; historical status not reconstructed"
NCT07591727,https://clinicaltrials.gov/study/NCT07591727,A Study of the Metabolic Reconstruction Oral Biologics (Gut-X-001) Medication in People With Alzheimer's Disease (ESCAPE-AD),"Efficacy, Safety, and Feasibility of Metabolic ReConstruction Oral Biologics (Gut-X-001) in Patients With Alzheimer's Disease: An Exploratory Clinical Trial （ESCAPE-AD）",NOT_YET_RECRUITING,INTERVENTIONAL,PHASE1+PHASE2,TREATMENT,"Diagnostics, imaging, and biomarkers",Care partners or care systems,120,Beijing Tiantan Hospital,Gut-X-001 + Placebo capsule; Gut-X-001; Placebo,Alzheimer s Disease,,False,0,0,False,False,2026-05-18,2026-06-11,2026-08-01,2027-05-01,2027-12-01,Change from baseline in ADAS-Cog13 score at Month 6,"Last public update posted after June 10, 2026; historical status not reconstructed"
NCT07598370,https://clinicaltrials.gov/study/NCT07598370,A Study of LY3439539 in Participants With Alzheimer's Disease,"A Phase 1, Open Label, Multiple-Dose Study to Assess the Changes in Cerebrospinal Fluid Biomarkers for Alzheimer's Disease Following Treatment With LY3439539 in Participants With Symptomatic Alzheimer's Disease",RECRUITING,INTERVENTIONAL,PHASE1,BASIC_SCIENCE,"Diagnostics, imaging, and biomarkers",Moderate or later dementia,30,Eli Lilly and Company,LY3439539,Alzheimer Disease,Australia; New Zealand; Singapore; United States,True,4,9,True,True,2026-05-20,2026-07-20,2026-05-21,2027-08,2027-08,Change from Baseline in Cerebrospinal Fluid (CSF) Neurofilament Light Chain (NfL),"Last public update posted after June 10, 2026; historical status not reconstructed"
NCT07599670,https://clinicaltrials.gov/study/NCT07599670,A Study to Assess the Safety and Effects of ABBV-1758 Following Subcutaneous or Intravenous Injections in Participants With Alzheimer's Disease,"A Randomized, Double-Blind, Placebo-Controlled Study to Evaluate Safety, Efficacy, Pharmacokinetics, and Pharmacodynamics of ABBV-1758 in Participants With Alzheimer's Disease",RECRUITING,INTERVENTIONAL,PHASE1+PHASE2,TREATMENT,"Care, behavior, and quality of life",Moderate or later dementia,210,AbbVie,ABBV-1758; Placebo for ABBV-1758; ABBV-1758; Placebo for ABBV-1758,Alzheimer's Disease,United States,True,1,11,False,True,2026-05-20,2026-06-23,2026-05-15,2030-04,2030-10,Percentage of Participants Experiencing Adverse Events (AEs); Percentage of Participants with Abnormal Change from Baseline in Clinical Laboratory Test Results; Percentage of Participants With Amyloid-Related Imaging Abnormalities (ARIA),"Last public update posted after June 10, 2026; historical status not reconstructed"
NCT07600996,https://clinicaltrials.gov/study/NCT07600996,Cerebrospinal Fluid Mitochondrial Biomarkers in Ischemic Stroke and Alzheimer Disease,A Prospective Observational Study of Cerebrospinal Fluid Mitochondrial Biomarkers Measured by Flow Cytometry in Patients With Ischemic Stroke and Alzheimer Disease Controls,RECRUITING,OBSERVATIONAL,NOT_APPLICABLE,,"Diagnostics, imaging, and biomarkers",Moderate or later dementia,40,Capital Medical University,Cerebrospinal Fluid Flow Cytometry,Ischemic Stroke; Alzheimer Disease (AD),China,False,1,1,False,True,2026-05-22,2026-06-16,2026-03-01,2026-05-31,2026-08-30,Association Between Cerebrospinal Fluid MitoTracker-Positive Event Count and 90-Day Modified Rankin Scale Score in Patients With Ischemic Stroke,"Last public update posted after June 10, 2026; historical status not reconstructed"
NCT07602283,https://clinicaltrials.gov/study/NCT07602283,Music for Pain and Dementia,Neurophysiological and Neuroendocrinal Benefits of Music Based Interventions for Early Alzheimer's Patients and Their Caregivers,RECRUITING,INTERVENTIONAL,NA,SUPPORTIVE_CARE,"Care, behavior, and quality of life",Care partners or care systems,60,Yale University,Drumming session; Music-listening session,Alzheimer Disease; Dementia; Mild Cognitive Impairment; Peer-bonded Caregiver; Caregiver,United States,True,1,1,False,True,2026-05-22,2026-06-12,2026-06-09,2027-08-01,2028-02-01,Change in pain phenotyping using a Quantitative Sensory Testing (QST); Change in pain central sensitization; Change in cortisol levels,"Last public update posted after June 10, 2026; historical status not reconstructed"
NCT07602582,https://clinicaltrials.gov/study/NCT07602582,A Study of Donanemab (LY3002813) in Participants Who Completed Study AACM (TRAILBLAZER-ALZ 3-EXT).,An Annual Dosing Study of Donanemab in Participants Who Completed Donanemab Study AACM,RECRUITING,INTERVENTIONAL,PHASE3,TREATMENT,Amyloid-targeting approaches,Mixed or not specified,550,Eli Lilly and Company,Donanemab; Placebo,"Alzheimer Disease; Dementia; Plaque, Amyloid",Japan; Puerto Rico; United States,True,3,59,True,True,2026-05-22,2026-07-07,2026-05-22,2029-09,2029-09,Change from Baseline as Measured by Clinical Dementia Rating - Sum of Boxes (CDR-SB),"Last public update posted after June 10, 2026; historical status not reconstructed"
NCT07631247,https://clinicaltrials.gov/study/NCT07631247,iPath for CP Pilot,Improving Screening and Access to Treatment for Depression in Care Partners of People Living With Dementia,NOT_YET_RECRUITING,INTERVENTIONAL,NA,HEALTH_SERVICES_RESEARCH,"Care, behavior, and quality of life",Care partners or care systems,15,Dartmouth-Hitchcock Medical Center,depression app for care partners of persons with dementia,Depression - Major Depressive Disorder,,False,0,0,False,False,2026-06-05,2026-06-16,2026-06,2027-01,2027-02,Usability of Intervention; Acceptability of Intervention; Feasibility of Intervention,"Last public update posted after June 10, 2026; historical status not reconstructed"
NCT07633470,https://clinicaltrials.gov/study/NCT07633470,"A Study of Zunveyl on Safety, Tolerability, Neuropsychiatric Symptoms, and Caregiver Distress in Alzheimer's Disease (RESOLVE)","RESOLVE: A Phase 4, Open-label Study to Assess the Effect of Zunveyl on Safety and Tolerability, Neuropsychiatric Symptoms, and Caregiver Distress in Adults With Mild to Moderate Alzheimer's Disease",RECRUITING,INTERVENTIONAL,PHASE4,TREATMENT,"Care, behavior, and quality of life",Care partners or care systems,150,"Alpha Cognition, Inc",Zunveyl®,Alzheimer Disease,United States,True,1,5,False,True,2026-06-08,2026-07-20,2026-05-20,2027-04,2027-04,Number of Participants with Adverse Events (AEs) and Serious Adverse Events (SAEs); Percentage of Participants who Discontinued due to AEs; Number of Participants with Treatment Interruptions or Dose Reductions,"Last public update posted after June 10, 2026; historical status not reconstructed"
NCT07636811,https://clinicaltrials.gov/study/NCT07636811,A Study to Evaluate Mivelsiran in Adult Participants With Early-Stage Down Syndrome-Associated Alzheimer's Disease (DS-AD),"A Phase 2, Multicenter, Randomized, Double-blind, Placebo-controlled Study, to Evaluate Efficacy, Safety, Tolerability, and Pharmacodynamics of Intrathecally Administered Mivelsiran in Adult Participants With Early-Stage Down Syndrome-Associated Alzheimer's Disease (DS-AD)",NOT_YET_RECRUITING,INTERVENTIONAL,PHASE2,TREATMENT,Other interventional treatment research,Preclinical or elevated-risk,58,Alnylam Pharmaceuticals,Mivelsiran; Placebo,Down Syndrome-Associated Alzheimer's Disease (DS-AD),United States,True,1,2,False,True,2026-06-09,2026-07-15,2026-07-31,2030-05-18,2031-07-23,Double-Blind Period: Change from baseline in brain amyloid burden measured in centiloids (CLs),"Last public update posted after June 10, 2026; historical status not reconstructed"
NCT07639645,https://clinicaltrials.gov/study/NCT07639645,Intervention to Reduce Unwanted Loneliness in Family Caregivers of People With Alzheimer,Multimodal Intervention to Reduce Unwanted Loneliness and Improve the Living With Process Among Family Caregivers of People With Alzheimer's Disease,NOT_YET_RECRUITING,INTERVENTIONAL,NA,HEALTH_SERVICES_RESEARCH,"Care, behavior, and quality of life",Care partners or care systems,50,University of Valencia,Multimodal intervention to Reduce Unwanted Loneliness in Family Caregivers of People With Alzheimer,Alzheimer Disease (AD); Unwanted Loneliness; Family Caregivers; Living With Process,Spain,False,1,1,False,True,2026-06-10,2026-06-15,2026-10,2026-12,2028-12,Score on the Jong Gierveld Lonelinss Scale; Living with chronic conditions from the family perspective,"Last public update posted after June 10, 2026; historical status not reconstructed"
NCT07643363,https://clinicaltrials.gov/study/NCT07643363,Temporal Interference Stimulation Treatment in Patients With Cognitive Impairment,"A Randomized, Sham-Controlled Trial of Temporal Interference Stimulation Treatment in Patients With Cognitive Impairment",RECRUITING,INTERVENTIONAL,NA,TREATMENT,"Diagnostics, imaging, and biomarkers",Care partners or care systems,60,Tianjin Huanhu Hospital,Temporal Interference Stimulation; Sham Temporal Interference Stimulation; Targeted Cognitive Training; General Cognitive Training,Amnestic Mild Cognitive Impairment - aMCI; AD-MCI; AD - Alzheimer's Disease; FTD,China,False,1,1,False,True,2026-06-11,2026-06-11,2026-07-01,2028-06,2029-06,Changes from Baseline in Alzheimer's Disease Assessment Scale-Cognitive Subscale (ADAS-Cog) Score,"First posted after June 10, 2026"
NCT07646054,https://clinicaltrials.gov/study/NCT07646054,Digital Lifestyle Coaching for Alzheimer's Disease Prevention in APOE4 Carriers,Wellderly Brain - Alzheimer's Disease Prevention With Lifestyle Coaching Intervention: A Randomized Clinical Trial,NOT_YET_RECRUITING,INTERVENTIONAL,NA,PREVENTION,"Diagnostics, imaging, and biomarkers",MCI or prodromal Alzheimer’s,1200,Scripps Translational Science Institute,Education,Mild Cognitive Impairment (MCI); Alzheimer Disease (AD),United States,True,1,1,False,True,2026-06-12,2026-06-12,2026-07-06,2028-07-31,2028-12-31,Plasma pTau217 Concentration,"First posted after June 10, 2026"
NCT07651085,https://clinicaltrials.gov/study/NCT07651085,Biomarkers in Alzheimer's and Parkinson's Diseases for IA,Effects of Endogenous and Exogenous Risk Factors in Patients With Alzheimer's and Parkinson's Diseases Using Clinical Indexes and Endophenotypes (Biomarkers) as Inputs to Artificial Intelligence,ACTIVE_NOT_RECRUITING,OBSERVATIONAL,NOT_APPLICABLE,,"Diagnostics, imaging, and biomarkers",MCI or prodromal Alzheimer’s,65,IRCCS San Raffaele Roma,Neuropsycological assesment; cerebral MRI; EEG; Venous blood sample of 20ml; Sample collection of exfoliated buccal mucosa; Telemonitoring at home for 1 week,Parkinson Disease; Alzheimer Disease; Mild Cognitive Impairment; Dementia,Italy,False,1,1,False,True,2026-06-16,2026-06-16,2024-02-08,2026-05-19,2027-07-20,Predictivity in changes of RMN parameters; Predictivity of EEG; Predictivity of CFS and Blood derived Biomarkers,"First posted after June 10, 2026"
NCT07651319,https://clinicaltrials.gov/study/NCT07651319,Interleukine-2 (IL-2) Plus Semaglutide in Alzheimer's Disease,"A Phase Ib Clinical Trial, Using Interleukin-2 (IL-2) and Semaglutide in Patients With Alzheimer's Disease",RECRUITING,INTERVENTIONAL,PHASE1+PHASE2,TREATMENT,"Diagnostics, imaging, and biomarkers",Moderate or later dementia,30,The Methodist Hospital Research Institute,IL-2 (Aldesleukin); Semaglutide Plus IL-2; Placebo,Alzheimer Dementia (AD),United States,True,1,1,False,True,2026-06-16,2026-06-16,2026-07,2029-06,2029-12,To assess the safety and the tolerability of IL-2 plus Semaglutide in AD patients,"First posted after June 10, 2026"
NCT07651787,https://clinicaltrials.gov/study/NCT07651787,Using Light Therapy for Mild Cognitive Impairment,Neurovascular and Mitochondrial Mechanisms of Transcranial Photobiomodulation in Vascular Mild Cognitive Impairment,RECRUITING,INTERVENTIONAL,NA,TREATMENT,"Diagnostics, imaging, and biomarkers",MCI or prodromal Alzheimer’s,40,University of Oklahoma,Active Vielight Neuro RX-Duo device -Active transcranial photobiomodulation; Sham Vielight Neuro RX-Duo device -Sham transcranial photobiomodulation,Mild Cognitive Impairment (MCI); Amyloid Pathology,United States,True,1,1,False,True,2026-06-16,2026-06-16,2025-10-01,2026-12-31,2026-12-31,Change in cortical neurovascular coupling,"First posted after June 10, 2026"
NCT07652931,https://clinicaltrials.gov/study/NCT07652931,Using Artificial Intelligence to Detect Early Signs of Alzheimer's Disease in People With Memory Concerns,AHEAD: AI-driven Brain Health for Early Alzheimer's Disease Detection in Individuals With Subjective Cognitive Decline,NOT_YET_RECRUITING,INTERVENTIONAL,NA,OTHER,"Care, behavior, and quality of life",Subjective cognitive concerns,300,IRCCS San Raffaele,High-frequency Transcranial Magnetic Stimulation (TMS); Digital Cognitive Training; Structured Physical Exercise; Management of Modifiable Vascular and Behavioral Risk Factors,Subjective Cognitive Decline; Alzheimer Disease; Mild Cognitive Impairment; Cognitive Decline,Italy,False,1,1,False,True,2026-06-17,2026-06-17,2026-08-01,2028-08-01,2029-08-01,Diagnostic accuracy of AI models in identifying AD biomarker-positive SCD subjects (AUC),"First posted after June 10, 2026"
NCT07658430,https://clinicaltrials.gov/study/NCT07658430,Deep Cervical Lymphovenous Anastomosis for Moderate Alzheimer's Disease,"The Efficacy and Safety of Deep Cervical LYMphatic-Venous Anastomosis for Moderate Alzheimer's Disease: A Multicenter, Prospective, Randomized Controlled Trial",NOT_YET_RECRUITING,INTERVENTIONAL,NA,TREATMENT,"Care, behavior, and quality of life",Care partners or care systems,296,"Southwest Hospital, China",Deep cervical lymphovenous anastomosis (LVA); Routine Treatment,Alzheimer's Disease,China,False,1,1,False,True,2026-06-22,2026-06-22,2026-07-01,2028-06-30,2029-06-30,Change in CDR-SB score from baseline to 12 months after randomization,"First posted after June 10, 2026"
NCT07659964,https://clinicaltrials.gov/study/NCT07659964,Use of a Mobile Brain-Body Imaging Approach to Evaluate the Effects of Rhythmic Auditory Stimulation on Gait and Brain Function in Alzheimer's Disease,Use of a Mobile Brain-Body Imaging Approach to Evaluate the Effects of Rhythmic Auditory Stimulation on Gait and Brain Function in Alzheimer's Disease,RECRUITING,INTERVENTIONAL,NA,BASIC_SCIENCE,"Diagnostics, imaging, and biomarkers",MCI or prodromal Alzheimer’s,40,Boston University Charles River Campus,Metronome,Alzheimer Disease (AD); Mild Cognitive Impairment (MCI),United States,True,1,1,False,True,2026-06-22,2026-06-22,2026-06-01,2027-06,2027-06,Functional brain network connectivity; Stride time variability; Gait speed,"First posted after June 10, 2026"
NCT07660341,https://clinicaltrials.gov/study/NCT07660341,SAD Study of CGB3002 in Healthy Participants,"A Randomized, Double-blind, Placebo-controlled, Phase I Clinical Study to Evaluate the Safety, Tolerability, Pharmacokinetics and Immunogenicity of Single Ascending Doses of CGB3002 in Healthy Participants",RECRUITING,INTERVENTIONAL,PHASE1,TREATMENT,"Diagnostics, imaging, and biomarkers",Mixed or not specified,46,ChainGen Biopharma Ltd,CGB3002 0.08 mg/kg; CGB3002 0.4 mg/kg; CGB3002 1.2 mg/kg; CGB3002 3.6 mg/kg; CGB3002 7.2 mg/kg; Placebo; Comparator Drug,Alzheimer s Disease,Australia,False,1,1,False,True,2026-06-22,2026-07-08,2026-06-30,2027-04-30,2027-04-30,Percentage of Participants with Adverse Events as a Measure of Safety and Tolerability,"First posted after June 10, 2026"
NCT07666113,https://clinicaltrials.gov/study/NCT07666113,Blood-based Biomarkers for Alzheimer's Disease at the Primary Care Level.,The Diagnostic Validity and Clinical Impact of Blood-based Biomarkers for the Diagnosis of Alzheimer's Disease at the Primary Care Level.,RECRUITING,INTERVENTIONAL,NA,DIAGNOSTIC,"Diagnostics, imaging, and biomarkers",Mixed or not specified,240,Universitaire Ziekenhuizen KU Leuven,ptau217,Alzheimer's Disease (AD),Belgium,False,1,1,False,True,2026-06-24,2026-06-24,2026-05-26,2030-04,2038-04,Change in referral decision and working diagnosis; Cognitive decline,"First posted after June 10, 2026"
NCT07667478,https://clinicaltrials.gov/study/NCT07667478,NON-INVASIVE BRAIN STIMULATION FOR MEMORY LOSS IN EARLY ALZHEIMER'S DISEASE,NON-INVASIVE BRAIN STIMULATION FOR MEMORY LOSS IN EARLY ALZHEIMER'S DISEASE,RECRUITING,INTERVENTIONAL,NA,TREATMENT,"Diagnostics, imaging, and biomarkers",MCI or prodromal Alzheimer’s,40,Chi-Ying (Roy) Lin,repetitive transcranial magnetic stimulation (rTMS); sham repetitive transcranial magnetic stimulation rTMS,Alzheimer s Disease; Mild Cognitive Impairment (MCI) Due to Alzheimer's Disease; Mild Dementia,United States,True,1,1,False,True,2026-06-25,2026-06-25,2026-04-15,2031-04-14,2031-04-14,MMSE; Clinical Dementia Rating scale (CDR); Alzheimer's Disease Assessment Scale-Cognitive Subscale (ADAS-Cog),"First posted after June 10, 2026"
NCT07669272,https://clinicaltrials.gov/study/NCT07669272,Deep Cervical Lymphovenous Anastomosis for Severe Alzheimer's Disease,"A Single-arm, Prospective, Self-controlled Study on Efficacy and Safety of Deep Cervical Lymphovenous Anastomosis for Neurological Function in Patients With Severe Alzheimer's Disease",NOT_YET_RECRUITING,INTERVENTIONAL,NA,TREATMENT,"Care, behavior, and quality of life",Care partners or care systems,59,"Southwest Hospital, China",Deep Cervical Lymphovenous Anastomosis; Routine Treatment,Alzheimer s Disease,China,False,1,1,False,True,2026-06-25,2026-06-25,2026-10-01,2028-09-30,2029-09-30,Sum of Boxes (CDR-SB) Total Score,"First posted after June 10, 2026"
NCT07672171,https://clinicaltrials.gov/study/NCT07672171,Far-Infrared Therapy for the Effect of Alzheimer Disease Dementia,To Explore the Effect of Far Infrared Therapy on Cognitive Function of Patients With Dementia,RECRUITING,INTERVENTIONAL,NA,TREATMENT,"Care, behavior, and quality of life",Care partners or care systems,40,Juin-Hong Cherng,Yin Fu Rui De Far-Infrared Radiator; Sham Far-Infrared Radiator,Dementia; Alzheimer Disease,Taiwan,False,1,1,False,True,2026-06-26,2026-06-26,2022-10-15,2029-10-31,2029-10-31,Number of Participants With Yin Fu Rui De Far-Infrared Therapy Device-Related Adverse Events (AEs); Number of Participants With Yin Fu Rui De Far-Infrared Therapy Device-Related Serious Adverse Events (SAEs),"First posted after June 10, 2026"
NCT07672977,https://clinicaltrials.gov/study/NCT07672977,Home-Based Closed-Loop Auditory Stimulation to Enhance Slow-Wave Activity in MCI Due to Alzheimer's Disease: A Proof-of-Concept Study,Home-Based Closed-Loop Auditory Stimulation to Enhance Slow-Wave Activity in MCI Due to Alzheimer's Disease: A Proof-of-Concept Study,ENROLLING_BY_INVITATION,INTERVENTIONAL,NA,TREATMENT,"Diagnostics, imaging, and biomarkers",MCI or prodromal Alzheimer’s,30,Bitbrain,Closed-Loop Auditory Stimulation,"MCI-AD, Early Stage Alzheimer's Disease; Alzheimer s Disease; Mild Cognitive Impairment (MCI) Amnestic; AD; AD-MCI",Spain,False,1,1,False,True,2026-06-29,2026-06-29,2025-07-01,2026-11-30,2026-12-30,Target Engagement: Sustained Increase in Slow-Wave Activity During N2-N3 Sleep,"First posted after June 10, 2026"
NCT07673263,https://clinicaltrials.gov/study/NCT07673263,Effects of X Box Kinect 360 in Alzheimer's Disease,"Effect of 3D Kinect Games With Google Cardboard on Motor Control, Cognition, and Quality of Life in Mild to Moderate Alzheimer's Patient",NOT_YET_RECRUITING,INTERVENTIONAL,NA,SUPPORTIVE_CARE,"Care, behavior, and quality of life",Moderate or later dementia,38,Ziauddin University,3D Kinect based game; Conventional therapy group,Alzheimer s Disease,Pakistan,False,1,1,False,True,2026-06-29,2026-06-29,2026-06-24,2026-07-15,2026-08-15,Cognition; Cognition; Motor Function,"First posted after June 10, 2026"
NCT07673770,https://clinicaltrials.gov/study/NCT07673770,Brain Wave Informed Non-invasive Brain Stimulation: Improving Neural Networks of Working Memory in Dementia: a Proof-of-concept Study,Brain Wave Informed Non-invasive Brain Stimulation: Improving Neural Networks of Working Memory in Dementia: a Proof-of-concept Study,RECRUITING,INTERVENTIONAL,NA,TREATMENT,"Care, behavior, and quality of life",Mixed or not specified,30,McMaster University,EEG-triggered TMS,Dementia; Alzheimer s Disease,Canada,False,1,1,False,True,2026-06-29,2026-07-07,2026-07-07,2028-04-01,2028-08-01,Forward digit span; Reverse digit span; Sentence span,"First posted after June 10, 2026"
NCT07676851,https://clinicaltrials.gov/study/NCT07676851,Clinical Risk Score Prediction for Risk of Dementia Among Late-life Population With Depression,"Development of a Clinical Risk Score Prediction Tool for 5-, 9-, and 13-year Risk of Dementia Among Late-life Population With Depression: a Longitudinal Cohort Study",RECRUITING,OBSERVATIONAL,NOT_APPLICABLE,,Other interventional treatment research,Preclinical or elevated-risk,44,Second Affiliated Hospital of Nanchang University,No Intervention: Observational Cohort,Alzheimer Dementia (AD); Dementia; Late Life Depression (LLD); Risk Scores; Prediction; Chinese Population; Obs e r; Observational Cohort Study; External Validation,China,False,1,1,False,True,2026-06-30,2026-06-30,2006-06-01,2030-06-01,2030-06-30,Incidence of Dementia,"First posted after June 10, 2026"
NCT07679906,https://clinicaltrials.gov/study/NCT07679906,ALZEVIT: Nationwide Digital APOE ε4 Cohort for Early Alzheimer's Disease Prevention and Trial Readiness,"ALZEVIT: A Nationwide Decentralized Digital Cohort for Population APOE Genotyping, Longitudinal Characterization of APOE ε4/ε4 Trajectories, and Trial-readiness for Precision Prevention in Early Alzheimer's Disease",RECRUITING,OBSERVATIONAL,NOT_APPLICABLE,,"Care, behavior, and quality of life",Preclinical or elevated-risk,50000,Firalis SA,,Alzheimer,France,False,1,1,False,True,2026-07-01,2026-07-01,2026-07,2027-05-01,2028-05-01,1. APOE genotype distribution in the study population; 2. Feasibility of large-scale decentralized APOE genotyping registry; 3. Identification of APOE ε4/ε4 homozygotes in the national cohort,"First posted after June 10, 2026"
NCT07680335,https://clinicaltrials.gov/study/NCT07680335,The BRidge Towards Implementation of Blood-based Biomarkers to Enable Early and Accurate Diagnosis of Alzheimer's Disease,The BRidge Towards Implementation of Blood-based Biomarkers to Enable Early and Accurate Diagnosis of Alzheimer's Disease (BRIDGE-AD2),RECRUITING,INTERVENTIONAL,NA,DIAGNOSTIC,"Diagnostics, imaging, and biomarkers",Mixed or not specified,550,Alzheimercentrum Amsterdam,Plasma p-tau217 and neurofilament light chain results,Alzheimer Blood Biomarkers; Alzheimer's Disease (AD),Netherlands,False,1,8,False,True,2026-07-02,2026-07-02,2025-09-17,2026-12-31,2027-06-30,Time from baseline to final diagnosis; Change in diagnosis; Change in physician's confidence in diagnosis,"First posted after June 10, 2026"
NCT07680660,https://clinicaltrials.gov/study/NCT07680660,Efficacy of Lymphatic-Venous Anastomosis Plus Donepezil Versus Donepezil Alone for Alzheimer's Disease,A Multicenter Randomized Controlled Trial on the Efficacy and Safety of Cervical Lymph Vessel/Node-venous Anastomosis Combined With Donepezil Versus Donepezil Alone in the Treatment of Alzheimer's Disease,NOT_YET_RECRUITING,INTERVENTIONAL,NA,TREATMENT,"Diagnostics, imaging, and biomarkers",Moderate or later dementia,216,Shanghai Ninth People's Hospital Affiliated to Shanghai Jiao Tong University,Cervical lymph vessel/node-venous anastomosis surgery combined with oral donepezil; Oral treatment with donepezil,Alzheimer s Disease,China,False,1,1,False,True,2026-07-02,2026-07-22,2026-07-15,2028-09-30,2029-03-31,Change From Baseline in Clinical Dementia Rating-Sum of Boxes Score at Month 12,"First posted after June 10, 2026"
NCT07681401,https://clinicaltrials.gov/study/NCT07681401,Financial Counseling for Dementia Family Caregivers in Early and Middle Adulthood,Financial Counseling and Advocacy for Alzheimer's Disease and Related Dementias Family Caregivers in Early and Middle Adulthood,RECRUITING,INTERVENTIONAL,NA,SUPPORTIVE_CARE,"Care, behavior, and quality of life",Care partners or care systems,10,University of Utah,Financial Counseling and Advocacy,Family Caregivers; Dementia; Financial Wellbeing; Financial Coaching,United States,True,1,1,False,True,2026-07-02,2026-07-02,2026-04-10,2026-10,2026-10,Feasibility of Intervention Measure (FIM); Acceptability of Intervention Measure (AIM); Study Usability,"First posted after June 10, 2026"
NCT07682155,https://clinicaltrials.gov/study/NCT07682155,Study of the Brain's Natural Cleaning System in Potential Organ Donors.,Study of Drainage From the Cerebral Lymphatic System to Deep Cervical Nodes by the Migration of Indocyanine Green in Recent Cadaver,RECRUITING,INTERVENTIONAL,NA,OTHER,Devices and brain stimulation,Mixed or not specified,10,Germans Trias i Pujol Hospital,Indocynanine Green meningeal injection to understand anatomical connection from the meningeal lymphatic system to the cervical lymph nodes,Anatomical Description,Spain,False,1,1,False,True,2026-07-02,2026-07-02,2026-02-01,2026-11-30,2026-12-31,presence or absence of bilateral and symmetrical distribution of indocyanin green drainage; Assessment of the Indocyanin Grees pathways in its migration through the lymph channels to the cervical region.; Cervical ganglion levels to which the ICG migrates.,"First posted after June 10, 2026"
NCT07686848,https://clinicaltrials.gov/study/NCT07686848,Smartphone App for Adolescents With Idiopathic Scoliosis,Evaluating the Impact of a Smartphone App on Health Outcomes and Treatment Adherence in Adolescents With Idiopathic Scoliosis: A Mixed Method Quasi-Experimental Study,NOT_YET_RECRUITING,INTERVENTIONAL,NA,TREATMENT,Lifestyle and multidomain,Moderate or later dementia,30,Oslo Metropolitan University,DinSkoliose smartphone application,Adolescence Idiopathic Scoliosis; AIS,Norway,False,1,1,False,True,2026-07-07,2026-07-07,2028-04,2031-04,2031-09,Change in Health Behaviors Outcome; Change in behavioral impact (such as self-management of AIS); Change in motivation for exercise measured by SDT-based Motivation for Exercise questionnaire,"First posted after June 10, 2026"
NCT07688213,https://clinicaltrials.gov/study/NCT07688213,A Study to Investigate the Safety and Effectiveness of SAR448851 in Participants With Early Alzheimer's Disease,"A Phase 2, Randomized, Double-blind, Placebo-controlled Study to Evaluate the Efficacy and Safety of 48-week SAR448851 Treatment Followed by Open-label Extension in Participants With Early Alzheimer's Disease",NOT_YET_RECRUITING,INTERVENTIONAL,PHASE2,TREATMENT,Amyloid-targeting approaches,MCI or prodromal Alzheimer’s,160,Sanofi,SAR448851; Placebo,"Dementia, Alzheimer's Type; Alzheimer's Disease",,False,0,0,False,False,2026-07-07,2026-07-07,2026-07-01,2029-07-31,2029-07-31,"Part A and optional dose 2 cohort: change from baseline to Week 48 in plasma p-tau217; Part B: Number of participants with treatment-emergent adverse events (TEAE), including ARIA-E and ARIA-H by brain MRI, laboratory assessments, vital sign measurements, ECGs and the C-SSRS","First posted after June 10, 2026"
NCT07688460,https://clinicaltrials.gov/study/NCT07688460,Evaluation System for Lecanemab Efficacy Using Gold Electrode ECL to Monitor Alzheimer's Biomarkers,Construction of a Lecanemab Therapeutic Efficacy Evaluation System Based on Mesoporous Gold Electrode Surface-enhanced Electrochemiluminescence for Monitoring Dynamic Changes of Alzheimer's Disease Plasma Biomarkers,RECRUITING,INTERVENTIONAL,PHASE4,TREATMENT,Amyloid-targeting approaches,MCI or prodromal Alzheimer’s,100,The Fourth Affiliated Hospital of Zhejiang University School of Medicine,Lecanemab,Alzheimer Disease,China,False,1,1,False,True,2026-07-07,2026-07-07,2026-07-10,2029-03-30,2029-03-30,Change in Plasma Alzheimer's Biomarkers,"First posted after June 10, 2026"
NCT07690228,https://clinicaltrials.gov/study/NCT07690228,A Study of GSM-779690T in Healthy Adult Participants,"A Phase 1, Randomized, Double-Blind, Placebo-Controlled Single Ascending Dose Study to Evaluate the Safety, Tolerability and Pharmacology of GSM-779690T in Healthy Adult Participants",NOT_YET_RECRUITING,INTERVENTIONAL,PHASE1,TREATMENT,Other interventional treatment research,Mixed or not specified,72,Acta Pharmaceuticals,GSM-779690T; Placebo,Healthy Adult Participants; Alzheimer Disease,Australia,False,1,1,False,True,2026-07-08,2026-07-09,2026-08-15,2026-08-15,2027-07-15,Safety Evaluation,"First posted after June 10, 2026"
NCT07690865,https://clinicaltrials.gov/study/NCT07690865,Investigating the Effectiveness of Personalized Optimal Gamma Auditory Frequency Stimulation Intervention on Cognitive Function Enhancement,Investigating the Effectiveness of Personalized Optimal Gamma Auditory Frequency Stimulation Intervention on Cognitive Function Enhancement: An Intervention Study,NOT_YET_RECRUITING,INTERVENTIONAL,NA,HEALTH_SERVICES_RESEARCH,"Care, behavior, and quality of life",Moderate or later dementia,20,Chang Gung Memorial Hospital,Personalized optimal gamma auditory frequency stimulation; Non-optimal gamma auditory frequency stimulation,Gamma Oscillations; Healthy Adults; Alzheimer's Disease (AD); Gamma Entrainment Using Sensory Stimuli (GENUS),Taiwan,False,1,1,False,True,2026-07-08,2026-07-16,2026-08,2027-09,2027-12,changes in neurophysiological function; changes in working memory performance; changes in inhibitory control performance,"First posted after June 10, 2026"
NCT07692542,https://clinicaltrials.gov/study/NCT07692542,Network-Guided Individualized TMS for BPSD in Alzheimer's Disease: A Double-blind Randomized Controlled Trial,"The Safety and Efficacy of Functional Impairment Network-Guided Individualized Transcranial Magnetic Stimulation for Behavioral and Psychological Symptoms in Alzheimer's Disease (NET-BPSD): A Randomized, Double-blind, Sham-Controlled Trial",NOT_YET_RECRUITING,INTERVENTIONAL,NA,TREATMENT,"Diagnostics, imaging, and biomarkers",Mixed or not specified,40,Anhui Medical University,transcranial magnetic stimulation; transcranial magnetic stimulation,Transcranial Magnetic Stimulation; Behavioral and Psychological Symptoms in Alzheimer's Disease; Individualized Navigation,China,False,1,1,False,True,2026-07-09,2026-07-09,2026-07-01,2026-12,2027-02,Neuropsychiatric Inventory (NPI),"First posted after June 10, 2026"
NCT07693140,https://clinicaltrials.gov/study/NCT07693140,Low-Dose Radiotherapy for Alzheimer's Disease,Low-Dose Radiotherapy for Alzheimer's Disease: A Phase I/II Open-Label Feasibility and Safety Study (LDRT-MIND Trial),RECRUITING,INTERVENTIONAL,PHASE1+PHASE2,TREATMENT,Neuroinflammation and immune biology,Care partners or care systems,50,Evan Thomas,Low Dose Radiation Therapy,Alzheimer Dementia; Dementia; Alzheimer Dementia (AD); Alzheimer; Alzheimer s Disease,United States,True,1,1,False,True,2026-07-09,2026-07-09,2026-07-15,2029-05-21,2029-05-21,"Safety, As Measured By Incidence of Grade 3 or Higher Treatment-Related Adverse Events","First posted after June 10, 2026"
NCT07694921,https://clinicaltrials.gov/study/NCT07694921,Effect and Safety of Non-invasive Electrical Stimulation in Alzheimer's Disease,Effect and Safety of Non-invasive Electrical Stimulation in Improving Cognitive and Depressive Symptoms in Alzheimer's Disease,ENROLLING_BY_INVITATION,INTERVENTIONAL,NA,TREATMENT,"Care, behavior, and quality of life",Mixed or not specified,30,First Affiliated Hospital of Zhejiang University,Temporal Interference Stimulation,Alzheimer's Disease(AD),China,False,1,1,False,True,2026-07-10,2026-07-27,2026-06-16,2027-10-31,2027-12-31,Alzheimer Disease Assessment Scale-Cognitive(ADAS-Cog); The 24-item Hamilton Depression Scale (HAMD-24),"First posted after June 10, 2026"
NCT07695701,https://clinicaltrials.gov/study/NCT07695701,Cardiac Magnetic Resonance and Echocardiography Study With Acoramidis,"An Open-Label Study to Investigate the Long-Term Effects of Acoramidis on Cardiac Function, Structure and Cardiac Amyloid Burden in Participants With Transthyretin Amyloid Cardiomyopathy (ATTR-CM)",NOT_YET_RECRUITING,INTERVENTIONAL,PHASE4,TREATMENT,"Care, behavior, and quality of life",Mixed or not specified,150,"Eidos Therapeutics, a BridgeBio company",Acoramidis (AG10) oral tablet,Transthyretin Amyloidosis Cardiomyopathy (ATTR-CM); Amyloidosis; Amyloid Cardiomyopathy; Transthyretin Amyloidosis,,False,0,0,False,False,2026-07-10,2026-07-10,2026-07,2030-08,2030-11,To assess the effect of acoramidis on cardiac function improvement by CMR in participants with ATTR-CM.,"First posted after June 10, 2026"
NCT07697664,https://clinicaltrials.gov/study/NCT07697664,Moving Yourself in Space and Time: MYSTIC,Moving Yourself in Space and Time Identifying Spatial and Temporal Components of Complex Rhythmic Movement Training for People With Parkinson's Disease and Cognitive Impairment,RECRUITING,INTERVENTIONAL,NA,TREATMENT,"Care, behavior, and quality of life",MCI or prodromal Alzheimer’s,210,Emory University,Complex Rhythmic Movement Sequences (CRMS) Sessions,Parkinson's Disease (PD); Alzheimer's Disease (AD) and Related Disorders; Older Adults (60 - 85 Years Old),United States,True,1,1,False,True,2026-07-13,2026-07-13,2022-03-25,2028-12,2028-12,Four-Square Step Test (FSST); Gait Speed; Body Position Spatial Task (BPST),"First posted after June 10, 2026"
NCT07698431,https://clinicaltrials.gov/study/NCT07698431,Personalized Brain Health Service and Dementia Prevention,Implementation of a Brain Health Service for Personalized Stratification and Prevention of Dementia Risk: The B-HEALTH Project,NOT_YET_RECRUITING,INTERVENTIONAL,NA,PREVENTION,Lifestyle and multidomain,Subjective cognitive concerns,120,"Barcelonabeta Brain Research Center, Pasqual Maragall Foundation",Multimodal Lifestyle Intervention; Lifestyle Recommendations and Counseling,Subjective Cognitive Decline (SCD),Spain,False,1,1,False,True,2026-07-13,2026-07-13,2026-09-01,2027-02-01,2028-08-01,Feasibility of the multimodal intervention,"First posted after June 10, 2026"
NCT07701161,https://clinicaltrials.gov/study/NCT07701161,Development of a Home Test for Measuring Blood P-tau217 in Alzheimer's Disease Using the Tasso Lancet Device,Development of a Home Test for Measuring Blood P-tau217 in Alzheimer's Disease Using the Tasso Lancet Device,RECRUITING,OBSERVATIONAL,NOT_APPLICABLE,,"Diagnostics, imaging, and biomarkers",Care partners or care systems,1000,Neurogen Biomarking LLC,,Alzheimer s Disease; MCI Conversion to Dementia; pTau217; Biomarkers,United States,True,1,5,False,True,2026-07-14,2026-07-14,2025-01-13,2026-03-20,2026-08-01,Agreement between p-tau217 concentration in Tasso device capillary blood and venipuncture blood,"First posted after June 10, 2026"
NCT07708675,https://clinicaltrials.gov/study/NCT07708675,Robotic-Enabled Microsurgical Intervention for Neurodegenerative Disease - EU,"Robotic-Enabled Microsurgical Intervention for Neurodegenerative Disease - A European, Prospective, Multi-Center, Open Label Study in Alzheimer's Patients",NOT_YET_RECRUITING,INTERVENTIONAL,NA,TREATMENT,"Diagnostics, imaging, and biomarkers",Moderate or later dementia,50,"MMI (Medical Microinstruments, Inc.)",Symani Surgical System,Alzheimer's,,False,0,0,False,False,2026-07-16,2026-07-16,2026-10-01,2028-04-01,2029-03-01,Device-related serious adverse events at 30-days,"First posted after June 10, 2026"
NCT07717411,https://clinicaltrials.gov/study/NCT07717411,A Study of Trontinemab in Cognitively Unimpaired Individuals at Risk for Progression to Symptomatic Alzheimer's Disease,"A Phase III, Multicenter, Randomized, Double-Blind, Placebo-Controlled, Parallel-Group Efficacy and Safety Study of Trontinemab in Cognitively Unimpaired Individuals at Risk for Progression to Symptomatic Alzheimer's Disease",NOT_YET_RECRUITING,INTERVENTIONAL,PHASE3,TREATMENT,"Diagnostics, imaging, and biomarkers",Preclinical or elevated-risk,1600,Hoffmann-La Roche,Trontinemab; Placebo,Alzheimer's Disease,,False,0,0,False,False,2026-07-21,2026-07-21,2026-11-30,2032-09-03,2032-09-03,"Time to Progression, defined as confirmed Clinical Dementia Rating - Global Score (CDR-GS) > 0","First posted after June 10, 2026"
NCT07717567,https://clinicaltrials.gov/study/NCT07717567,Blood Tests for Alzheimer's Disease: Can Plasma Biomarkers Diagnose and Predict Disease Progression,The Diagnostic and Prognostic Role of Plasma Biomarkers in Alzheimer's Disease,RECRUITING,OBSERVATIONAL,NOT_APPLICABLE,,"Diagnostics, imaging, and biomarkers",Subjective cognitive concerns,2000,IRCCS San Raffaele,Annual blood draw for plasma biomarker measurement,Alzheimer Disease; Mild Cognitive Impairment; Subjective Cognitive Decline; Dementia; Cognitive Impairment,Italy,False,1,1,False,True,2026-07-21,2026-07-21,2023-09-12,2032-06-01,2032-06-01,Time to progression to all-cause dementia in MCI patients (primary prognostic endpoint),"First posted after June 10, 2026"
NCT07720765,https://clinicaltrials.gov/study/NCT07720765,Optical Coherence Tomography in Neurological Practice: Utility and Applicability Across Neurological Diseases (OCt.IN.N),"A National, Monocentric, Prospective Cohort Study to Evaluate the Utility and Applicability of Optical Coherence Tomography in Neurological Clinical Practice",RECRUITING,OBSERVATIONAL,NOT_APPLICABLE,,"Diagnostics, imaging, and biomarkers",Mixed or not specified,1050,IRCCS San Raffaele,Optical Coherence Tomography (OCT) - Heidelberg SPECTRALIS HRA+OCT,Multiple Sclerosis; Alzheimer Disease; Parkinson Disease; Migraine; Headache Disorders,Italy,False,1,1,False,True,2026-07-22,2026-07-22,2023-10-09,2030-04-01,2031-04-01,Annual rate of peripapillary RNFL thinning in patients with Multiple Sclerosis vs healthy controls; Annual rate of peripapillary RNFL thinning in patients with Alzheimer's Disease vs healthy controls; Annual rate of peripapillary RNFL thinning in patients with Parkinson's Disease vs healthy controls,"First posted after June 10, 2026"
NCT07721467,https://clinicaltrials.gov/study/NCT07721467,Neuroplasticity Enhancement From Cognitive Training Reinforced by Psilocybin,Neuroplasticity Enhancement From Cognitive Training Reinforced by Psilocybin (NECTAR) in Aging and Alzheimer's Disease,NOT_YET_RECRUITING,INTERVENTIONAL,PHASE2,OTHER,"Care, behavior, and quality of life",Preclinical or elevated-risk,200,National Institute on Aging (NIA),Psilocybin; Cognitive Training,Alzheimer's Disease,United States,True,1,1,False,True,2026-07-23,2026-07-24,2026-10-01,2030-12-31,2030-12-31,Determine whether psilocybin enhances neuroplasticity (Neuroplasticity Composite Score (NPCS)),"First posted after June 10, 2026"
NCT07721701,https://clinicaltrials.gov/study/NCT07721701,"Digital Dementia Registry Bavaria (digiDEM Bayern): a Multicentre, Prospective, Longitudinal Register Study Including People With Mild Cognitive Impairment and Dementia as Well as Their Family Caregivers",Digital Dementia Registry Bavaria (digiDEM Bayern),RECRUITING,OBSERVATIONAL,NOT_APPLICABLE,,"Care, behavior, and quality of life",Care partners or care systems,5000,University of Erlangen-Nürnberg Medical School,,Mild Cognitive Disorder; Alzheimer Disease; Vascular Dementia; Dementia in Other Diseases Classified Elsewhere; Unspecified Dementia,Germany,False,1,12,False,True,2026-07-23,2026-07-23,2020-08-10,2031-12-31,2031-12-31,Postal code; Age; Gender,"First posted after June 10, 2026"
NCT07722169,https://clinicaltrials.gov/study/NCT07722169,Telerehabilitation in Alzheimer's Disease,Home-based Virtual Reality Cognitive Training as an add-on to Telerehabilitation in Alzheimer's Disease: Validation of a Protocol to Slow Down Cognitive Decline and Reduce Caregivers' Burden,NOT_YET_RECRUITING,INTERVENTIONAL,NA,TREATMENT,"Care, behavior, and quality of life",Care partners or care systems,48,IRCCS San Raffaele,Home-based cognitive training with VRRS tablets combined with online sessions of cognitive telerehabilitation; Home-based cognitive training with VRRS tablets alone,Alzheimer,,False,0,0,False,False,2026-07-23,2026-07-23,2026-10,2029-10,2029-10,Montreal Cognitive Assessment (MoCA),"First posted after June 10, 2026"
NCT07723950,https://clinicaltrials.gov/study/NCT07723950,A Retrospective Database Study for the Development and Validation of Algorithms for Intracerebral Hemorrhage and Seizures in Alzheimer's Disease,Development and Validation of Algorithms for Identifying Intracerebral Hemorrhage and Seizures in Patients With Alzheimer's Disease: A Retrospective Database Study Using United States Healthcare Administrative Claims Data,NOT_YET_RECRUITING,OBSERVATIONAL,NOT_APPLICABLE,,"Diagnostics, imaging, and biomarkers",Mixed or not specified,600,Eisai Inc.,No intervention,Alzheimer's Disease,,False,0,0,False,False,2026-07-23,2026-07-23,2026-07-30,2026-12-31,2026-12-31,Positive Predictive Value (PPV) of algorithms to identify intracerebral hemorrhage >1 cm in diameter,"First posted after June 10, 2026"
NCT07724132,https://clinicaltrials.gov/study/NCT07724132,An Evaluation of Treatments for Sustained Clinical Response (18 Months) in Symptomatic Alzheimer's Disease,Alzheimer's Disease- Systematic Multi-Arm Adaptive Randomised Trial,RECRUITING,INTERVENTIONAL,PHASE3,TREATMENT,"Care, behavior, and quality of life",MCI or prodromal Alzheimer’s,1200,"University College, London",Placebo; Atomoxetine; Metformin 1000 mg Oral Tablet,Alzheimer&#39;s Disease (AD); Mild Cognitive Impairment Due to Alzheimer's Disease; Alzheimer Disease Dementia,United Kingdom,False,1,2,False,True,2026-07-23,2026-07-23,2026-07-24,2031-03,2031-03,Change in Alzheimer's Disease Assessment Scale-Cognitive Subscale (ADAS-Cog) score; Change in Amsterdam Instrumental Activities of Daily Living Questionnaire - Short Version (A-IADL-Q-SV) score,"First posted after June 10, 2026"
